,Unique ID,URL,Date scraped,body,headline,Org,Topics,Sentiment,Scandal_distance,Top_10
0,e2da15e7-f6e3-435d-ac7a-fdac1f011c4e,https://senego.com/la-boad-devoile-la-deuxieme-phase-du-pacan-a-dakar-pour-une-resilience-climatique-accrue_1819347.html,2025-03-26 00:50:47+00:00,"Dans un contexte de lutte contre les effets du changement climatique, la Banque Ouest-Africaine de Développement (BOAD) a présenté, mardi dernier à Dakar, la deuxième phase de son Programme de Prêts Adaptés aux Catastrophes Naturelles (PACAN). Révélée lors d’un événement de sensibilisation, cette initiative s’inscrit dans la stratégie régionale de résilience climatique, visant à fortifier l’ensemble des États membres de l’Union économique et monétaire ouest-africaine (UEMOA) contre les aléas environnementaux.
Après une phase pilote lancée en avril 2022, qui a bénéficié à quatre pays de l’UEMOA, la BOAD ambitionne désormais d’étendre le PACAN à tous les États de la région. Moubarak Moukaila, Directeur du Financement Durable de la BOAD, a précisé que le dispositif adopte une approche novatrice, associant prêts bonifiés et assurance paramétrique, afin d’offrir une souplesse financière accrue aux pays confrontés aux catastrophes naturelles.
Lors de l’événement, Moukaila a rappelé que la phase pilote du programme, dotée d’un budget de 10 millions d’euros, a permis de soutenir le Bénin, la Côte d’Ivoire, le Sénégal et le Togo, avec un portefeuille de prêts dépassant les 350 millions de dollars. Le mécanisme d’assurance intégré joue un rôle clé en permettant aux États de différer temporairement leurs obligations de remboursement en cas de catastrophes telles que les sécheresses, les inondations ou les pandémies, assurant ainsi une flexibilité financière sans compromettre la solvabilité des pays.
L’efficacité de ce programme a été démontrée lors des inondations d’octobre 2024 au Togo, où une compensation de 6,624 millions d’euros a été accordée pour couvrir des échéances du gouvernement togolais auprès de la BOAD, facilitant ainsi une réponse rapide à la crise et à la reconstruction des infrastructures affectées.
Dans le cadre d’une extension à l’échelle de l’UEMOA, un atelier de sensibilisation s’est tenu le 25 mars 2025 à Dakar, réunissant autorités sénégalaises et partenaires pour discuter des ajustements nécessaires au programme. Le programme PACAN repose sur deux axes principaux : le financement de projets visant à augmenter la résilience climatique et l’octroi de subventions pour suspendre des remboursements en cas de catastrophes, contribuant ainsi à la gestion de crises climatiques et sanitaires par un mécanisme d’assurance paramétrique.
Comme l’a rapporté nos confrères de Sud Quotidien, Moubarak Moukaila a souligné l’importance de solutions financières innovantes pour rediriger des ressources initialement destinées au remboursement de la dette vers des actions concrètes pour les populations. Face aux pertes économiques significatives en 2023, l’urgence d’adopter des mécanismes adaptés est plus que jamais d’actualité, en particulier dans une région où 40% des habitants dépendent de l’agriculture.
Inès Adjiri, de la KfW à Dakar, a applaudi l’engagement de l’organisation dans la mobilisation de ressources ciblant l’atténuation des risques climatiques. L’assurance paramétrique, élément central du programme, garantit une intervention rapide en cas d’événements extrêmes. À travers cette initiative, la BOAD réitère son engagement pour un développement durable et resilient, dotant les États ouest-africains d’outils financiers novateurs adaptés aux défis climatiques et sanitaires, comme rapporté par nos confrères de Sud Quotidien.",La BOAD dévoile la deuxième phase du PACAN à Dakar pour une résilience climatique accrue,"['Directeur du Financement Durable de la BOAD', 'Union économique et monétaire ouest-africaine', 'BOAD', 'PACAN', 'KfW', 'Banque Ouest-Africaine de Développement', 'UEMOA']",business,0.9501,0.43762117624282837,True
1,3c0de639-5be3-41d5-9a23-344997253783,https://senego.com/el-malick-ndiaye-je-prefere-sonko-waxoon-nako-a-le-fmi-la-dit_1819336.html,2025-03-25 23:07:24+00:00,"𝗝𝗲 𝗽𝗿é𝗳è𝗿𝗲 « 𝗦𝗼𝗻𝗸𝗼 𝘄𝗮𝘅𝗼𝗼𝗻 𝗻𝗮𝗸𝗼 » à « 𝗹𝗲 𝗙𝗠𝗜 𝗹’𝗮 𝗱𝗶𝘁 »
Ne vous demandez-vous toujours pas comment, dans un pays divisé par l’ancien régime, avec un budget chaotique comme héritage, nos autorités actuelles parviennent à tenir le cap depuis presque un an ?
Cherchons-nous à comprendre comment ils réussissent à maintenir la stabilité du pays malgré une dette qui dépasse 100 % du PIB et un déficit budgétaire supérieur à 12 % ?
Comment arrivent-ils à électrifier et approvisionner en eau le monde rural, à soutenir les acteurs du secteur agrosylvopastoral, à payer les salaires, à régler les arriérés des étudiants et des hôpitaux, et ainsi de suite ?
Le secret ? Des leaders, travailleurs intègres, responsables et engagés à la tête du pays.
Une gouvernance saine et transparente. Une justice libérée. Des patriotes déterminés à soutenir et à protéger le projet.
Quant à ceux qui sont responsables de la situation chaotique du pays, et qui passent leur temps à se lamenter devant nos vénérés guides, ils n’ont qu’une seule chose à faire, c’est de se faire spectateurs du Jub Jubal Jubanti qui est en train de s’opérer !
𝗟𝗲 𝗦é𝗻ég𝗮𝗹 𝗰𝗵𝗮𝗻𝗴𝗲𝗿𝗮 𝗾𝘂𝗮𝗹𝗶𝘁𝗮𝘁𝗶𝘃𝗲𝗺𝗲𝗻𝘁, 𝗰𝗮𝗿 𝗻𝗼𝘂𝘀 𝗹𝗲 𝘃𝗼𝘂𝗹𝗼𝗻𝘀, 𝗽𝗮𝗿𝗰𝗲 𝗾𝘂𝗲 𝗻𝗼𝘂𝘀 𝘀𝗼𝗺𝗺𝗲𝘀 𝗱𝗲𝘀 𝗽𝗮𝘁𝗿𝗶𝗼𝘁𝗲𝘀 !
𝙀𝙡 𝙈𝙖𝙡𝙞𝙘𝙠 𝙉𝙙𝙞𝙖𝙮𝙚
𝙎𝙣 𝘾𝙤𝙢 𝙋𝘼𝙎𝙏𝙀𝙁",El Malick Ndiaye : « Je préfère « Sonko waxoon nako » à « le FMI l’a dit » »,"['FMI', '𝙋𝘼𝙎𝙏𝙀𝙁']",politics,0.296,0.5001970529556274,True
2,21161556-b01f-4b58-9bcc-f50553a26af5,https://senego.com/arrestation-a-touba-6-kg-de-chanvre-indien-saisis-lors-dune-intervention-policiere_1819341.html,2025-03-25 23:00:50+00:00,"Un important coup de filet a été réalisé par les forces de l’ordre à Touba, où un individu a été arrêté pour trafic de drogue. M. Thiam, âgé de 39 ans, a été intercepté par les agents du commissaire principal Diégane Sène alors qu’il transportait 6 kg de chanvre indien pour une livraison prévue à Ndindy.
L’arrestation s’est déroulée dans un contexte tendu. Lors d’un contrôle, M. Thiam, pris de panique, a tenté de prendre la fuite. Cependant, les autorités ont rapidement mis fin à sa tentative d’évasion après une course-poursuite. La fouille de sa valise a révélé six blocs de drogue, confirmant les soupçons de trafic.
Au cours de son interrogatoire, M. Thiam a admis être impliqué dans ce commerce illégal depuis quelque temps, précisant qu’il s’agissait de sa deuxième opération. Actuellement en garde à vue, il sera prochainement présenté au parquet de Diourbel pour y répondre de ses actes, comme l’ont rapporté nos confrères de Kawtef.
Ce développement souligne l’efficacité des efforts déployés par les forces de sécurité pour lutter contre le trafic de drogue dans la région, un sujet vivement commenté par le public comme relayé également par le site de Kawtef.",Arrestation à Touba : 6 kg de chanvre indien saisis lors d’une intervention policière,[],politics,0.2023,0.0,False
3,eac18430-30a2-4f3d-b902-d922dbaf1c30,https://senego.com/eliminatoires-cdm-2026-le-senegal-simpose-face-au-togo-et-grimpe-a-la-deuxieme-place-du-groupe-b_1819337.html,2025-03-25 23:00:33+00:00,"Le Sénégal a réalisé une belle opération en s’imposant 2-0 face au Togo ce mardi soir au stade Abdoulaye Wade. Grâce à des réalisations de Pape Matar Sarr et un but contre son camp d’un défenseur togolais sur un coup franc de Lamine Camara, les Lions décrochent trois points précieux et gagnent une place au classement.
Avant cette rencontre, le Sénégal occupait la troisième position de son groupe, avec deux points de retard sur le Soudan et un sur la République démocratique du Congo. Avec cette victoire, les Lions de la Teranga passent désormais à la deuxième place du groupe B, se repositionnant idéalement dans la course à la qualification pour la Coupe du Monde 2026.
Le match a été débloqué à la 34ᵉ minute par Pape Matar Sarr, qui a conclu une belle combinaison avec Habib Diallo d’un tir croisé imparable. En seconde période, les hommes de Pape Thiaw ont continué à dominer et ont été récompensés à la 67ᵉ minute lorsqu’un coup franc puissant de Lamine Camara a provoqué un cafouillage dans la défense togolaise, conduisant à un but contre son camp.
Malgré quelques tentatives du Togo en fin de match, Édouard Mendy et sa défense sont restés solides, permettant au Sénégal de sécuriser un succès important. Désormais deuxième du groupe B, les Lions poursuivront leur campagne de qualification avec l’objectif de prendre la tête du groupe et d’assurer leur place au Mondial 2026.",Éliminatoires CDM 2026: Le Sénégal s’impose face au Togo et grimpe à la deuxième place du groupe B,"['Lions de la Teranga', 'CDM', 'Lions']",sport,-0.1779,0.13807298243045807,False
4,7a4ad5b7-2892-47a8-9f1d-b96f6a3ee664,https://senego.com/largentine-se-qualifie-pour-la-coupe-du-monde-2026-avant-son-match-contre-le-bresil_1819334.html,2025-03-25 22:45:42+00:00,"La sélection argentine de football a reçu une excellente nouvelle juste avant de participer à un classique très attendu contre le Brésil. En effet, l’Argentine a assuré sa présence aux États-Unis, au Canada et au Mexique pour la Coupe du Monde 2026. Cette qualification leur a été automatiquement attribuée après le match nul entre la Bolivie et l’Uruguay, qui s’est terminé sur un score de 0-0.
En remportant cette qualification, l’équipe dirigée par Lionel Scaloni aura l’opportunité de défendre son titre de championne du monde lors de cet événement international prévu pour accueillir 48 nations. Particulièrement motivé, Lionel Messi pourrait ajouter une nouvelle étoile au palmarès de son pays aux côtés de coéquipiers tels que Julian Alvarez et Lautaro Martinez.
Selon le site Sud Quotidien, l’Argentine devient ainsi le septième pays à obtenir son billet pour la compétition, rejoignant les nations organisatrices que sont le Canada, les USA et le Mexique, ainsi que le Japon, la Nouvelle-Zélande et l’Iran. Pendant ce temps, l’Uruguay occupe actuellement la quatrième position dans le groupe sud-américain, tandis que la Bolivie se retrouve en septième position, s’alignant sur une possible qualification par les barrages.",L’Argentine se qualifie pour la Coupe du Monde 2026 avant son match contre le Brésil,[],sport,0.0,0.0,False
5,8bd849a2-68c5-4785-8f71-d8f3b3aa6a09,https://senego.com/bintou-fofana-soutient-les-enfants-des-daaras-avec-des-dons-genereux_1819326.html,2025-03-25 22:25:36+00:00,"La talentueuse Bintou Fofana, révélée au grand public grâce à l’émission musicale Sen Petit Gallé, a choisi de marquer le mois du Ramadan par un geste de générosité remarquable. Consciente des besoins pressants des talibés, ces enfants qui se consacrent à l’apprentissage du Coran dans les écoles coraniques, l’artiste a distribué des dons essentiels pour améliorer leur quotidien.
En effet, Bintou Fofana a offert aux jeunes apprenants des vêtements, des couvertures, des chaussures ainsi que divers articles indispensables à leur bien-être. Ce geste, à la fois symbolique et significatif, reflète son profond engagement social et son attachement aux valeurs de solidarité et de partage qui sont au cœur du Ramadan.
Cette action de Bintou Fofana a été rapportée sur le site de nos confrères de Kawtef, soulignant ainsi l’impact positif de son initiative sur la vie des enfants des daaras. Un acte qui redonne le sourire et l’espoir à ces jeunes musulmans.",Bintou Fofana soutient les enfants des daaras avec des dons généreux,[],entertainment,0.7184,0.0,False
6,8aa86ba5-fd85-4fde-a322-1cd2ee75fd2d,https://senego.com/guy-marius-sagna-interpelle-le-gouvernement-avec-12-questions-ecrites_1819323.html,2025-03-25 22:10:45+00:00,"Le député Guy Marius Sagna a formulé, le lundi 24 mars 2025, une série de 12 questions écrites à l’attention du gouvernement, abordant divers sujets. Parmi celles-ci, la dixième question suscite un intérêt particulier en interrogeant le cadre légal relatif aux interdictions de sortie du territoire. Il interroge également sur l’existence d’enquêtes ou d’informations judiciaires concernant d’anciens fonctionnaires, ainsi que sur les notifications d’interdiction de sortie à leur encontre.
La première préoccupation soulevée par le député concerne les procédures de sélection pour le Master à l’Université numérique Cheikh Hamidou Kane (Un-Chk). Le Centre régional de formation en santé (Crfs) de Ziguinchor est également mentionné, où il demande des éclaircissements sur les défis budgétaires rencontrés par cet établissement.
Une autre question d’importance vise la menace d’effondrement pesant sur le Service d’hémodialyse de l’hôpital régional de Thiès, accompagnée d’interrogations sur la pénurie d’eau dans certains quartiers de Ziguinchor et sur l’électrification du quartier Samine Santo dans la commune de Samine.
Concernant les télécommunications, il dénonce la couverture radio mobile inégale et la qualité défectueuse des services fournis par les opérateurs de téléphonie mobile dans la commune de Ndiayène Pendao, située dans le Diéri. Pour la septième question, Sagna souhaite des précisions sur le bitumage de l’axe Thillé Boubacar-Mbidi-Tessakeré-Mbeulekhé.
En outre, Guy Marius Sagna s’interroge sur le pourquoi de l’exigence de billets d’avion pour l’obtention d’un passeport par le commissariat de Yama Togne à Ziguinchor, questionne la sécurisation des infrastructures numériques nationales, et met en lumière les retards de paiement des bourses pour les élèves-maîtres ainsi que les arriérés de salaire de deux mois pour les employés du projet Registre national unique (Rnu) de l’Agence nationale de la statistique et de la démographie (Ansd).
Cet ensemble de questions, que nos confrères de Sud Quotidien ont relayé, met en exergue des préoccupations non seulement locales mais aussi à portée nationale et structurelle, invitant le gouvernement à répondre aux diverses interrogations soulevées par le député.",Guy Marius Sagna interpelle le gouvernement avec 12 questions écrites,"['Agence nationale de la statistique et de la démographie', 'Service']",sport,-0.2732,0.3366813659667969,False
7,c9e15241-f25e-40e8-b0ae-0081cd2ffe1f,https://senego.com/ousmane-sonko-sur-limmatriculation-des-deux-roues-jai-decide-de-prolonger-ce-delai-de-deux-mois-afin_1819318.html,2025-03-25 22:09:19+00:00,"Le délai d’immatriculation des véhicules à deux roues, initialement fixé au 13 mars 2025, est prorogé de deux mois. Cette prolongation permet aux propriétaires concernés de procéder à l’enregistrement de leurs engins jusqu’au 25 mai 2025, affirme le Premier ministre Ousmane Sonko dans une circulaire.
« Au regard de l’affluence encore importante au sein des services régionaux, traduisant la forte adhésion des propriétaires de véhicules à deux roues à cette mesure de sécurité routière et de protection des usagers, j’ai décidé de prolonger ce délai de deux mois, afin de permettre la poursuite des opérations d’immatriculation jusqu’au 25 mai 2025, conformément au souhait des concernés », a fait savoir le Premier ministre.
Ousmane Sonko a instruit les ministères concernés, notamment ceux des Forces armées, de l’Intérieur, des Finances, des Transports et des Pêches, pour une mise en œuvre immédiate de cette décision. Un suivi rigoureux sera assuré, avec des rapports d’avancement à transmettre toutes les quinzaines.",Ousmane Sonko sur l’immatriculation des deux roues : « J’ai décidé de prolonger ce délai de deux mois afin… »,"['Transports et des Pêches', 'Finances', 'Forces armées']",politics,0.0,0.2024957835674286,False
8,fbd3be22-2677-4388-8b1c-0bed977aa04a,https://senego.com/frapp-annuler-les-4-000-milliards-de-dette-volee-et-en-finir-avec-le-diktat-du-fmi_1819317.html,2025-03-25 22:01:17+00:00,"Le FRAPP salue la fin de l’ancien programme du FMI mais appelle le gouvernement à aller plus loin en refusant tout nouvel accord dicté par l’institution.
Dénonçant une dette cachée de 4 000 milliards de francs CFA sous Macky Sall avec la complicité du FMI, le mouvement exige son annulation immédiate.
« Le gouvernement a décidé de mettre fin à l’ancien programme du FMI. C’est une avancée que nous saluons. Mais il faut aller plus loin : pas question d’un nouveau programme dicté par le FMI ! Le FRAPP rappelle aux autorités les recommandations de son dernier rapport sur le FMI, aujourd’hui sur leurs tables », déclare le Frapp.
« Entre 2019 et 2024, le régime de Macky Sall a caché une dette colossale de 7 milliards de dollars, soit plus de 4 000 milliards de francs CFA ! Et le FMI, complice, a laissé faire. Il est hors de question que les Sénégalais payent pour cette arnaque ! Nous exigeons l’annulation immédiate de cette dette illégitime », ajoute le Frapp.
Selon le Frapp, le Sénégal doit refuser les conditionnalités du FMI qui nous étranglent et nous empêchent de bâtir un modèle économique souverain et juste.
« Nous devons investir dans nos travailleurs, nos services sociaux de base et nos ressources, pas dans une dette frauduleuse ! Un Sénégal souverain, juste et prospère ne se construit pas sous le diktat du FMI ! », poursuit le Frapp.",Frapp : « Annuler les 4 000 milliards de dette volée et en finir avec le diktat du FMI ! «,"['FMI', 'FRAPP']",business,-0.128,0.21091000735759735,False
9,7cf07d2e-a79f-4c2d-8d34-f624abc9929d,https://senego.com/yemen-frappes-aeriennes-americaines-touchent-la-province-de-saada_1819315.html,2025-03-25 21:50:47+00:00,"Les Houthis ont affirmé, mardi soir, que des frappes aériennes menées par les États-Unis ont ciblé la province de Saada, au nord du Yémen. Selon les informations transmises par la chaîne de télévision Al-Masirah, affiliée au groupe Houthi, deux raids aériens ont atteint le district de Sahar, considéré comme un bastion stratégique des Houthis.
Toutefois, la chaîne n’a pas livré de précisions concernant les cibles spécifiques, les éventuelles victimes ou les dégâts matériels causés par ces frappes. De leur côté, les États-Unis n’ont pas encore fait de commentaire officiel à ce sujet.
Les attaques ont entraîné la mort d’au moins 83 personnes et blessé plus de 100 autres depuis jeudi dernier, si l’on en croit les chiffres avancés par les Houthis. Donald Trump, alors président américain, avait annoncé avoir ordonné une « offensive majeure » contre les Houthis, avec une menace explicite d' »anéantissement total ».
Dans un autre contexte, les Houthis ont agi en solidarité avec la Bande de Gaza en lançant, depuis fin 2023, des missiles et des drones contre des navires affiliés à Israël. Ces actions perturbent les voies maritimes telles que la mer Rouge et le golfe d’Aden, essentielles pour le commerce international. Toutefois, ces attaques avaient cessé après un cessez-le-feu entre Israël et le Hamas en janvier. Les Houthis ont toutefois menacé de reprendre leurs actions si Israël continuait à bloquer l’aide humanitaire destinée à la Bande de Gaza à compter du 2 mars.
Ce résumé reprend les informations publiées sur le site de nos confrères de l’agence Anadolu, traduites par Mourad Belhaj.",Yémen : Frappes aériennes américaines touchent la province de Saada,"['Hamas', 'Al-Masirah', 'Houthi']",business,-0.7351,0.1962600201368332,False
10,c29b0d70-e8d7-41c1-ac49-22a5c8c5dd3d,https://senego.com/senegal-vs-togo-pape-matar-sarr-ouvre-le-score-pour-les-lions-video_1819312.html,2025-03-25 21:43:46+00:00,"Le Sénégal affronte ce mardi 25 mars 2025 le Togo dans un match décisif comptant pour les éliminatoires de la Coupe du Monde 2026. Dans une rencontre disputée au stade Abdoulaye Wade de Diamniadio, les Lions ont rapidement pris l’avantage grâce à un but de Pape Matar Sarr.
Une entame de match réussie pour les Lions
Dès les premières minutes, les hommes de Pape Thiaw ont imposé leur rythme, mettant une pression constante sur la défense togolaise. Après plusieurs offensives bien construites, c’est finalement Pape Matar Sarr qui a trouvé l’ouverture, concrétisant la domination sénégalaise d’une frappe limpide.
⏰ 34’ | Sur une magnifique offrande de Habib Diallo, Pape Matar Sarr place parfaitement son ballon et ajuste le gardien de but togolais. Le Senegal prend les devants. #SENTOG | (1-0) | #WC2026Q https://t.co/RAqYXN3kMH
— Equipe du Sénégal (@GaindeYi) March 25, 2025
Mi-temps / Vidéo du but des Lions de la Teranga.

Sénégal 🇸🇳 1-0 Togo 🇹🇬

⚽ 35′ Pape Matar Sarr #WCQ2026 #WCQ #WCQualifiers pic.twitter.com/cG6pITVV8S
— Ablam GNAMESSO (@AblamGnamesso) March 25, 2025",Sénégal vs Togo : Pape Matar Sarr ouvre le score pour les Lions (Vidéo),"['Vidéo', 'Lions\nDès', 'Lions', 'Equipe du Sénégal']",sport,-0.25,0.15779021382331848,False
11,980e7d80-3f27-4b3a-ae42-54a593820bfb,https://senego.com/accident-tragique-pres-du-stade-abdoulaye-wade-mamy-dabo-victime-dun-accident_1819310.html,2025-03-25 21:35:42+00:00,"Un accident mortel s’est produit à proximité du stade Abdoulaye Wade, entraînant le décès de Mamy Dabo. Originaire de Thiès, elle était en vacances au Sénégal après un séjour en France. Les circonstances exactes de cet incident n’ont pas encore été entièrement élucidées.
Pour l’heure, nos pensées sont avec la famille de la victime, à qui nous présentons nos plus sincères condoléances. Cette information a été partagée par la source connue sous le nom de « Page luttons contre l’indiscipline ». Nous avons également consulté les détails de cet événement sur le site de nos confrères de Kawtef.",Accident tragique près du stade Abdoulaye Wade : Mamy Dabo victime d’un accident,[],politics,-0.4767,0.0,False
12,f03705a0-0289-405c-93bc-cd121d89ba30,https://senego.com/expo-universelle-osaka-2025-senegal-parmi-les-participants_1819279.html,2025-03-25 21:26:07+00:00,"Le Ministre de l’Industrie et du Commerce, Dr Serigne Guéye Diop, a présidé ce mardi 25 mars la cérémonie officielle marquant la participation du Sénégal à l’Exposition Universelle Osaka 2025 au Japon. Lors de cet événement, l’Agence Sénégalaise de Promotion des Exportations (ASEPEX) a présenté les objectifs de cette participation, qui vise à renforcer la présence du pays sur la scène internationale et à promouvoir ses entreprises et son savoir-faire.
Le ministre de l’industrie et du commerce Serigne Gueye Diop, a réaffirmé l’engagement de l’État à accompagner les acteurs économiques et institutionnels, pour valoriser le potentiel économique, technologique et culturel du pays de la Teranga à ce rendez-vous.
Le Directeur Général de APIX-SA, Bakary Séga BATHILY a saisi cette belle tribune pour présenter les opportunités d’investissements, les agrégats macro économiques, l’environnement des affaires au Sénégal, les enjeux et défis économiques dans un contexte de découverte de pétrole et du gaz sans oublier les filières porteurs de croissance.
Il a par ailleurs abordé la VISION2050 des politiques publiques et les projets structurants pour la relance économique.
Des atouts qui seront partagés au Japon à OSAKA précisément du 13 avril au 13 octobre 2025.","Expo Universelle Osaka 2025, Sénégal parmi les participants","['Ministre de l’Industrie et du Commerce', 'Agence Sénégalaise de Promotion des Exportations', 'ASEPEX']",business,0.4588,0.18229898810386658,False
13,f5633d74-2635-4611-a111-4008afcf469e,https://senego.com/qualifications-mondial-2026-legypte-assure-le-cameroun-brille_1819306.html,2025-03-25 21:25:51+00:00,"Dans le cadre de la sixième journée des qualifications pour la Coupe du Monde 2026, l’Égypte a renforcé sa position en tête du groupe A. Malgré une prestation moyenne, les Pharaons ont réussi à s’imposer 1-0 face à la Sierra Leone, grâce à un but de Zizo à la 45e minute. Cette victoire leur permet de creuser l’écart à cinq points du Burkina Faso et à huit points de leur adversaire du jour. Avec encore quatre matchs à disputer, l’Égypte semble bien positionnée pour décrocher son billet pour le Mondial.
Dans le groupe B, le Soudan a été tenu en échec par le Soudan du Sud avec un score de 1-1. Eisa a marqué pour le Soudan à la 76e minute, mais Sebit a répondu en fin de match pour le Soudan du Sud. Malgré ce résultat, le Soudan conserve la tête du groupe.
En parallèle, le Cameroun a fait parler de lui dans le groupe D, notamment après les déclarations de son attaquant vedette, Vincent Aboubakar, à l’égard de Samuel Eto’o. Aboubakar a répondu présent sur le terrain avec un doublé lors de la victoire 3-1 contre la Libye, soutenu par le but de Mbeumo. Cela place les Lions Indomptables à la deuxième position, juste derrière le Cap-Vert.
Dans le groupe F, le Burundi a nettement dominé les Seychelles avec une large victoire de 5-0, consolidant ainsi sa troisième place dans un groupe où la Côte d’Ivoire reste en tête. Enfin, en groupe G, le Botswana a battu la Somalie 2-0, se rapprochant à trois points seulement de l’Algérie.
Ces résultats enrichissent les discussions sur la progression des qualifications africaines pour la prochaine Coupe du Monde, comme nous l’avons lu dans un article de nos confrères de Sud Quotidien, qui souligne l’importance de cette phase pour les différentes sélections.","Qualifications Mondial 2026 : L’Égypte assure, le Cameroun brille",['Mondial'],sport,0.3612,0.14411616325378418,False
14,8abb0eb2-7c85-4210-aa3c-d4c99bc2616d,https://senego.com/olivier-boucal-promet-de-renforcer-la-presence-feminine-dans-ladministration-senegalaise_1819303.html,2025-03-25 21:20:46+00:00,"Le ministre de la Fonction publique, Olivier Boucal, a affirmé sa volonté de rééquilibrer les disparités professionnelles entre hommes et femmes au sein de l’administration sénégalaise. Lors de la cérémonie de clôture de la formation des 20 « Linguère » de l’Académie de Leadership Féminin « Ndatté YALLA », qui s’est tenue le mardi 25 mars, il a déploré la faible représentation des femmes dans la hiérarchie administrative, qui atteindrait moins de 8% selon ses dires.
Olivier Boucal, en s’appuyant sur une enquête relative au partage des rôles entre hommes et femmes dans l’administration, a souligné que les femmes ne constituent que 24% de l’ensemble de l’effectif administratif. Cette situation le pousse à envisager des politiques correctives ciblant ces dysfonctionnements, en accordant notamment plus de responsabilités aux femmes et en les formant à des postes de gestion. « Il est crucial de mener une politique qui corrige ces disparités et surtout ces dysfonctionnements au niveau de l’administration, afin d’aider les femmes à émerger davantage, » a-t-il déclaré, selon des informations lues sur le site de nos confrères de Sud Quotidien.
Cette nouvelle initiative de formation, prévue pour la période 2025-2029, a pour but de créer un environnement où les compétences techniques et relationnelles des femmes de l’administration pourront être renforcées, leur permettant de s’affirmer dans leurs carrières professionnelles. M. Boucal a promis de pérenniser ce concept en l’intégrant dans le plan de travail du ministère de la Fonction publique, afin d’encourager l’engagement féminin et de renforcer leurs capacités en management.
En outre, Nina Neubecker, première Secrétaire de la coopération de la République fédérale d’Allemagne, a exprimé son appui envers ce projet et a affirmé que « la participation aux décisions importantes et le travail d’équipe sont essentiels pour une administration économique et durable réussie. » Elle a ajouté que la coopération allemande continuerait à soutenir l’administration sénégalaise dans ses efforts de modernisation et de bonne gouvernance.
Sud Quotidien souligne également l’importance accordée à la formation et à l’équipement des femmes déjà en poste dans l’administration, pour qu’elles puissent contribuer significativement au leadership du pays.",Olivier Boucal promet de renforcer la présence féminine dans l’administration sénégalaise,"['Leadership Féminin « Ndatté YALLA', 'Académie']",politics,0.7906,0.18100491166114807,False
15,e40b6aa3-d62d-437a-85bf-e80c9c3c9773,https://senego.com/samuel-sarr-audience-pour-demande-de-liberte-provisoire-reportee_1819298.html,2025-03-25 21:15:46+00:00,"Les avocats de Samuel Sarr, ancien ministre sénégalais, se trouvent toujours dans l’attente de rencontrer le juge de la chambre d’accusation concernant la demande de mise en liberté provisoire de leur client. Prévue initialement pour aujourd’hui, l’audience a été repoussée au 8 avril par la Cour d’appel de Dakar.
Samuel Sarr est en détention depuis le 28 novembre 2024, après avoir été inculpé pour abus de biens sociaux, une affaire portant sur un montant de 8,7 milliards de francs CFA. L’emprisonnement de Sarr suit une plainte des actionnaires de l’entreprise West African Energy. En réponse au refus par le juge d’instruction du deuxième cabinet, le 5 février dernier, d’accorder la libération provisoire de Sarr, ses avocats avaient fait appel.
Cette information a été relayée par nos confrères du site Kawtef, qui suivent de près cette affaire complexe.",Samuel Sarr : Audience pour demande de liberté provisoire reportée,['Audience'],politics,0.0258,0.0,False
16,c20d51ef-7c4c-461b-b105-9a6b511cbc02,https://senego.com/direct-senegal-vs-togo-un-duel-decisif-pour-les-lions-de-la-teranga_1819290.html,2025-03-25 21:08:03+00:00,"Un match crucial pour la qualification
Ce mardi 25 mars 2025, le Sénégal affrontera le Togo dans un match décisif pour les Éliminatoires de la Coupe du Monde 2026. Cette rencontre, qui se tiendra au stade Abdoulaye Wade de Diamniadio, est capitale pour les Lions de la Teranga qui visent une qualification directe au prochain mondial.
La dynamique des deux équipes
Le Sénégal, champion d’Afrique en 2022, aborde ce match avec confiance après une victoire convaincante face au Soudan du Sud. Sous la houlette du sélectionneur Aliou Cissé, l’équipe mise sur son effectif expérimenté et son attaque redoutable emmenée par Sadio Mané et Habib Diallo.
De son côté, le Togo, dirigé par Paulo Duarte, reste un adversaire coriace. Les Eperviers, portés par leur capitaine Djene Dakonam et l’attaquant Kevin Denkey, chercheront à créer la surprise pour garder un espoir de qualification.
Les enjeux du match
Le Sénégal, leader de son groupe, doit s’imposer pour conserver son avance et éviter toute pression lors des prochaines journées. Une victoire permettrait aux Lions de faire un pas de plus vers la Coupe du Monde, confirmant leur statut de favori dans ces éliminatoires.
Quant au Togo, actuellement en difficulté dans le classement, il doit absolument obtenir un résultat positif pour rester dans la course. Une défaite compromettrait sérieusement leurs chances de qualification.",Éliminatoires CDM 2026 : Suivez en direct Sénégal – Togo ! (video),"['Lions de la Teranga', 'Lions de faire un pas de plus vers la', 'CDM']",sport,0.7783,0.1721619963645935,False
17,38b9feaf-f798-4170-9a04-5c88d78a5749,https://senego.com/dette-cachee-le-peuple-senegalais-a-ete-trahi-de-la-pire-des-manieres-alioune-badara-mboup_1819284.html,2025-03-25 21:02:01+00:00,"Alioune Badara Mboup, coordonnateur de Pastef-Tivaouane, dénonce une « trahison » du peuple sénégalais après la révélation par le FMI d’une dette cachée de 7 milliards de dollars sous le régime de Macky Sall.
Il fustige une gestion opaque ayant aggravé la crise économique et appelle à des poursuites judiciaires contre les responsables, exigeant la mise en accusation de l’ancien président pour haute trahison.
Texte in extenso :
Le peuple sénégalais a été trahi de la pire des manières.
Le FMI a révélé l’existence d’une dette « cachée » de 7 milliards de dollars, confirmant ainsi les déclarations du Premier Ministre Ousmane SONKO et le rapport de la Cour des comptes.
Eh oui ! Vous ne rêvez pas : plus de 4 500 milliards de francs CFA de dette ont été cachés entre 2019 et 2024 sous le régime de Macky Sall.
Ce scandale sans précédent démontre une gestion opaque et irresponsable des finances publiques, portant gravement atteinte à la souveraineté économique de notre pays.
Alors que le Sénégal peine à financer son éducation, sa santé, son agriculture et à offrir des emplois dignes à sa jeunesse, l’ancien régime a dissimulé l’ampleur réelle de l’endettement national.
Face à cette situation catastrophique, la justice doit impérativement être saisie. Tous les ministres et gestionnaires de crédits impliqués dans cette affaire doivent être arrêtés et traduits devant les tribunaux.
Macky SALL après avoir tué et emprisonné, torturé ,il met en sac nos derniers publics, sa mise en accusation pour haute trahison devient une demande nationale.","Dette cachée : « Le peuple sénégalais a été trahi de la pire des manières », (Alioune Badara Mboup)","['Cour des comptes', 'FMI', 'Pastef-Tivaouane']",business,0.1027,0.25350356101989746,False
18,82f3caf8-9a59-4ee4-aa07-d89559a328cc,https://senego.com/la-chine-menace-militaire-directe-pour-les-etats-unis-selon-un-rapport-americain_1819287.html,2025-03-25 21:00:46+00:00,"Un rapport produit par le Directeur du renseignement national américain (DNI) démontre que la Chine est perçue comme « la menace militaire la plus globale et robuste » pour la sécurité nationale des États-Unis. Ce document met en évidence l’augmentation des capacités militaires de Pékin ainsi que ses ambitions d’influence mondiale et ses stratégies pour contrer l’hégémonie américaine.
Sous la présidence de Xi Jinping, la Chine ambitionne de concrétiser « le grand renouveau de la nation chinoise » d’ici 2049. Pour réaliser cet objectif, Pékin se concentre sur l’expansion de sa puissance, l’influence des événements mondiaux à son avantage et la réduction de l’influence américaine, selon le rapport. Bien que Pékin soit prêt à apaiser les tensions avec Washington lorsque cela sert ses propres intérêts, la Chine travaille activement à contrecarrer la présence militaire des États-Unis et de leurs alliés dans le Pacifique, indique le rapport du DNI.
Le rapport souligne la modernisation continue de l’Armée populaire de libération (APL), laquelle aspire à devenir une « armée de classe mondiale » d’ici 2049. Cela inclut la réforme de ses forces terrestres, l’élargissement de sa marine, ainsi que l’amélioration de ses capacités de guerre électronique. Des experts du DNI notent également que la Chine a développé des missiles balistiques et de croisière capables de frapper des territoires américains tels que Guam, Hawaï et l’Alaska.
Afin de soutenir sa puissance mondiale, la Chine cherche à étendre son empreinte militaire à l’international. Le rapport du DNI affirme que Pékin ambitionne d’établir des bases militaires et des centres logistiques à l’échelle mondiale pour consolider ses intérêts stratégiques. La Chine pourrait adopter « un modèle hybride de logistique militaire », combinant l’accès à des infrastructures commerciales internationales, des installations de stockage prépositionnées, et des bases comprenant des troupes stationnées.
L’île de Taïwan constitue un point de tension majeur pour les États-Unis. Selon le rapport, la Chine pourrait intensifier ses actions coercitives envers Taïwan d’ici 2025, surtout en réponse au soutien accru de Washington. Malgré le fait que la Chine prône une réunification pacifique, le document signale que Pékin n’hésite pas à menacer d’une intervention militaire « si nécessaire », en particulier en cas d’ingérence perçue de la part des États-Unis.
En cas de conflit, les conséquences économiques pourraient être significatives. Une confrontation sino-taïwanaise, même sans intervention militaire directe des États-Unis, pourrait perturber les chaînes d’approvisionnement, incluant le commerce des semi-conducteurs.
Ce document, traduit du site de nos confrères d’Anadolu par Adama Bamba, met en avant une analyse approfondie des enjeux sécuritaires internationaux liés à la Chine, tout en rappelant qu’une réponse officielle de Pékin aux accusations portées par les États-Unis n’a pas encore été formulée.",La Chine : menace militaire directe pour les États-Unis selon un rapport américain,"['Directeur du renseignement national américain', 'DNI', 'APL', 'Armée populaire de libération']",business,-0.8519,0.1698484718799591,False
19,d178c813-d96c-41af-a65e-e8295f3ee627,https://senego.com/turquie-dialogue-intensifie-autour-de-la-situation-en-palestine_1819282.html,2025-03-25 20:50:48+00:00,"Le président du Parlement turc, Numan Kurtulmus, a intensifié ses efforts diplomatiques en engageant des discussions téléphoniques avec ses homologues de Palestine, des Émirats arabes unis (EAU) et d’Égypte. Lors de ces échanges, il a invité ces derniers à participer à une réunion du Groupe des présidents de Parlements pro-Palestine, qui se tiendra à Istanbul le 18 avril.
Selon un communiqué du Parlement turc, Numan Kurtulmus a officiellement invité Rawhi Fattouh, président du Conseil national palestinien, Saqr Ghobash, président du Conseil national fédéral des Émirats, et Hanafy Ali El Gebali, président de la Chambre des représentants d’Égypte, à cet événement. Cette initiative vise à renforcer la coordination des efforts parlementaires en faveur de la cause palestinienne.
Monsieur Kurtulmus a souligné la nécessité d’une collaboration internationale pour mettre fin aux violences en Palestine, reconstruire Gaza et promouvoir une paix durable basée sur la solution à deux États. Il a également insisté sur l’importance d’une action collective pour rétablir le cessez-le-feu et garantir l’acheminement de l’aide humanitaire aux populations palestiniennes.
Le président du Parlement turc a également salué le rôle des alliés de la Palestine en les enjoignant à supporter activement cette cause à travers leurs ressources et leur influence sur la scène internationale. À l’occasion de l’Aïd al-Fitr, il a exprimé ses vœux de paix pour la Palestine et le monde musulman.
D’autre part, l’actualité en provenance de la région souligne la tension persistante. Une campagne aérienne israélienne lancée le 18 mars contre la bande de Gaza a causé la mort de près de 800 personnes et blessé plus de 1 600, rompant ainsi le cessez-le-feu récemment en place. Depuis octobre 2023, plus de 50 100 Palestiniens ont perdu la vie, en majorité des femmes et des enfants, dans ce conflit.
En novembre dernier, la Cour pénale internationale a émis des mandats d’arrêt contre Benyamin Netanyahu, Premier ministre israélien, et Yoav Gallant, ancien ministre de la Défense, pour crimes de guerre à Gaza. Ces faits rappellent l’urgence d’une solution internationale coordonnées pour la paix dans la région.
Cette information a été rapportée par l’agence de presse Anadolu, traduite de l’anglais par Adama Bamba.",Turquie : Dialogue intensifié autour de la situation en Palestine,"['Groupe des présidents de', 'Parlement turc', 'Aïd al-Fitr', 'Parlements', 'Conseil national fédéral des Émirats', 'ministre de la Défense', 'Conseil national palestinien', 'Cour pénale internationale']",sport,0.8225,0.13274270296096802,False
20,09ee2f8f-d596-432b-94c5-9627fd219707,https://senego.com/bac-une-nouvelle-chance-pour-les-eleves-dont-les-dossiers-avaient-ete-rejetes_1819272.html,2025-03-25 20:42:37+00:00,"Le ministère de l’Enseignement supérieur, de la Recherche et de l’Innovation (MESRI) annonce une mesure exceptionnelle pour les candidats au Baccalauréat 2025. Ceux dont les dossiers ont été rejetés pour absence de pièces d’état civil peuvent désormais régulariser leur situation. La date limite de dépôt des documents est fixée au 5 avril 2025 à 12h00.
Voici l’intégralité du communiqué !
« Conformément à la décision n°8 de Monsieur le Premier Ministre, prise lors de la réunion du Conseil interministériel du 18 mars 2025 relative à la prise en charge des candidats au Baccalauréat sans pièces d’état civil, le Ministre de l’Enseignement supérieur, de la Recherche et de l’Innovation (MESRI) informe que les candidats à la session du Baccalauréat 2025, ayant déjà été enrôlés par les établissements d’enseignement secondaire ou les Centres Académiques d’Orientation Scolaire et Professionnelle (CAOSP), et dont les dossiers ont été rejetés avec comme motif : défaut de pièces d’état civil, sont autorisés à régulariser leur situation à partir du lundi 24 mars 2025 au niveau de l’Office du Baccalauréat.
La date limite de réception des pièces d’état civil est fixée au samedi 05 avril 2025 à 12h00. »",Bac: Une nouvelle chance pour les élèves dont les dossiers avaient été rejetés,"['Office du Baccalauréat', 'Centres Académiques d’Orientation Scolaire', 'Enseignement supérieur', 'Ministre de l’Enseignement supérieur', 'Conseil interministériel', 'MESRI']",politics,0.6369,0.2300250381231308,False
21,5099da37-efe3-41f4-89b9-60cc0deffcf9,https://senego.com/france-6-mois-avec-sursis-requis-contre-limam-ismail-pour-ses-publications-sur-gaza_1819276.html,2025-03-25 20:40:42+00:00,"Un tribunal en France, à Marseille, examine une affaire contre l’imam Ismaïl, selon les informations obtenues par Anadolu ce mardi soir. Le ministère public a requis une peine de six mois de prison avec sursis pour ses publications sur le réseau social X, touchant la situation à Gaza.
Le parquet a également demandé que cette peine inclue un bannissement de six mois du réseau social X, une inéligibilité et une privation des droits civiques pendant cinq ans, ainsi qu’une interdiction à vie d’exercer comme imam. De plus, l’inscription de l’imam Ismaïl au FIJAIT (fichier judiciaire automatisé des auteurs d’infractions terroristes) est demandée par le parquet.
Malgré ces requêtes, de nombreuses personnes ont manifesté leur soutien à l’imam Ismaïl lors de l’ouverture de son procès au tribunal judiciaire de Marseille. Seule la LICRA (Ligue Internationale contre le Racisme et l’Antisémitisme) s’est constituée partie civile pour « apologie du terrorisme » dans cette affaire.
Selon nos confrères d’Anadolu, l’imam se retrouve depuis plusieurs mois sous la surveillance des autorités en raison de ses déclarations publiques concernant Gaza et certains de ses prêches à la mosquée des Bleuets. En 2024, une procédure de fermeture de cette mosquée a été initiée, mais l’imam a choisi de se retirer pour maintenir le lieu de culte ouvert.
Fervent défenseur des droits des musulmans et voix contre l’islamophobie, l’imam marseillais continue de recevoir un large soutien, alors que les voix pro-palestiniennes subissent une pression accrue en France, un élément relayé par Anadolu.",France : 6 mois avec sursis requis contre l’imam Ismaïl pour ses publications sur Gaza,"['LICRA', 'Antisémitisme', 'Ligue Internationale contre le Racisme', 'FIJAIT', 'X']",entertainment,-0.296,0.2144293189048767,False
22,a3490aa0-ba67-480e-b13a-9cd046df05ab,https://senego.com/top-10-athletes-change-histoire-sport_1819267.html,2025-03-25 20:36:51+00:00,"Les fans de sport savent qu’un bon joueur peut faire toute la différence. Mais certains athlètes ont marqué l’histoire plus que d’autres. Ce n’est pas forcément que par leurs prouesses sportives. En plus d’avoir changé leur discipline à tout jamais, ils sont aussi devenus des références. Découvrons ensemble les 10 athlètes sur lesquels il aurait fallu parier dès le départ.
Jesse Owens — Athlétisme 
Jesse Owens est un athlète afro-américain. Il est l’icône que le sport est universel : sans religion et sans couleurs. Owens a remporté 4 médailles d’Or à Berlin en 1936. Aux prémices de la seconde guerre mondiale, il a montré au monde entier et sous les yeux même d’Adolf Hitler que le sport nous réunit toujours. 
Muhammad Ali — Boxe
Ali est un multiple champion du monde de Boxe. Il a eu 56 victoires en 61 combats. Et parmi ces 56 trophées, 37 ont été remportés par KO. Il est d’ailleurs devenu une référence de la pop culture actuelle. Il a été une figure de l’histoire du sport, mais aussi politique et sociale. Il a refusé la guerre du Vietnam avec conviction. Il a défendu ses idées avec force.
Pelé — Football
Au sport le plus populaire, le maître c’est Pelé. Il possède pas moins de trois Coupes du Monde en 1958, en 1962 et en 1970. C’est l’emblème du foot. Roi Pelé foot a inscrit 1281 buts en 1363 matchs, un record inégalé. Même si les paris sportifs en ligne n’existaient pas à l’époque, vous pouvez maintenant visitez 1Win Sénégal pour parier sur ses successeurs.
Michael Jordan — Basketball
Dans un autre registre de ballon, c’est Michael Jordan qui a réussi des exploits. Aujourd’hui, on ne peut pas parler de basket, sans parler de Jumpman. Il a eu six titres en NBA. Il a une moyenne de 30,1 points par match. En plus de son palmarès inégalé, il est devenu le maître du marketing. Son plus célèbre partenariat est avec Nike pour les très populaires Air Jordan.
Serena Williams — Tennis
Serena Williams est célèbre pour deux choses : son nom de famille et son palmarès. Les sœurs Williams sont des légendes sportives du Tennis mondial. Il faut savoir qu’elle a été en tête du WTA pendant 319 semaines. Son palmarès est de 73 titres en simple, dont 23 Grand Chelem. Afro-américaine, elle a brisé les barrières raciales et de genre du tennis, qui, dans l’imaginaire collectif est un sport d’homme blanc.
Usain Bolt — Athlétisme
Usain Bolt, c’est l’homme le plus rapide de l’histoire. Il a réussi à courir un 100 m en moins de 10 secondes : 9,58 secondes exactement. Il possède aussi le record sur 200 m : 19,19 secondes. Sa personnalité haute en couleurs et ses performances en font un champion mondial. Il a, à son actif, 8 titres olympiques et 11 médailles lors de championnats du monde.
Nadia Comaneci — Gymnastique
C’est au Jeux olympiques de Montréal en 1976 que cette roumaine rentre dans l’histoire. Elle obtient la note parfaite dans sa discipline : 10. Incroyable, mais vrai, encore aujourd’hui, personne n’en revient. Ce sans-faute légendaire va de pair avec ses 9 médailles olympiques. Elle a su maîtriser à la perfection les règles de sa discipline, comme vous pouvez connaître au mieux les règles du poker aujourd’hui.
Lionel Messi — Football
L’histoire de Lionel Messi, c’est l’histoire d’un rêve d’enfant. Il est vraiment considéré comme l’un des plus grands joueurs de l’histoire, aux côtés de Pelé, Maradona et Zidane. Ce joueur incoryablea remporté 8 ballons d’Or. Il possède aussi le record du nombre de buts marqués au FC Barcelone :  672. Et ce n’est pas fini, car Messi est toujours en jeu. Il a rejoint les rangs du Club Internacional de Fútbol Miami depuis 2023. Cet argentin a aussi mené sa nation vers la victoire en 2022 lors de la Coupe du Monde contre la France.
Tiger Woods — Golf
Comme Jesse Owens, Tiger Woods s’est imposé dans un sport typiquement blanc. Premier golfeur afro-américain, il a pris la tête de 15 tournois majeurs. Il est une référence du golf en 2025, et pas que pour sa couleur de peau. Ce golfeur hors pair a remporté 82 victoires sur le circuit PGA. Il a égalé le record de Sam Snead et représente l’évolution du sport à travers les âges.
Simone Biles — Gymnastique
Simone Biles possède le record absolu de médaille en gymnastique. Cette américaine dispose de pas moins de 7 médailles olympiques. Elle a aussi eu 25 médailles lors des nombreux championnats du monde auxquels elle a participé. Elle est dynamique et a exécuté des mouvements jamais réalisés en championnats auparavant. Elle a un talent inné et inégalé.","10 athlètes qui ont marqué l’histoire, toutes disciplines confondues","['Golf', 'FC Barcelone', 'Air Jordan', 'Basketball\n', 'Tennis mondial', 'Club Internacional de Fútbol Miami', 'WTA', 'NBA', 'Football\n', 'Nike']",tech,0.845,0.13696639239788055,False
23,e91e2cbe-4a97-44b7-b594-64145f2113e1,https://senego.com/israel-la-cour-supreme-bloque-temporairement-le-limogeage-du-chef-du-shin-bet_1819264.html,2025-03-25 20:20:48+00:00,"La Cour suprême israélienne a pris la décision de rejeter la demande du Premier ministre Benyamin Netanyahu visant à lever le gel de la décision gouvernementale de limoger Ronen Bar, chef de l’agence de sécurité intérieure Shin Bet. Cette décision a été rapportée par les médias officiels, notamment le diffuseur public israélien KAN.
Selon cette instance judiciaire, Ronen Bar restera en poste jusqu’au 8 avril. Ce jour-là, les juges examineront les recours déposés contre sa révocation. Cependant, Netanyahu a été autorisé à auditionner des candidats potentiels pour remplacer Bar.
Vendredi dernier, le gouvernement de Netanyahu avait envisagé de mettre fin au mandat de Bar le 10 avril, sauf si un successeur permanent avait été désigné avant. Cette intention fait actuellement l’objet d’une suspension par une injonction temporaire de la Cour suprême. Cette suspension fait suite à des recours déposés par des partis d’opposition et des ONG.
Parmi les opposants figurent des partis politiques tels que Yesh Atid, Unité nationale et Israël Beitenou, ainsi que le Mouvement pour un gouvernement de qualité. Ils considèrent que cette révocation pourrait constituer un « grave conflit d’intérêts », car elle est liée aux enquêtes du Shin Bet concernant Netanyahu et au rapport de l’agence qui attribue au gouvernement la responsabilité de l’attaque du Hamas du 7 octobre 2023.
Netanyahu a justifié sa volonté de limoger Bar, affirmant que ce pouvoir relève de son autorité gouvernementale et ne devrait pas faire l’objet de contrôle judiciaire. Il a évoqué une « perte de confiance » envers Bar, notamment suite à l’attaque du 7 octobre 2023. Par ailleurs, Bar a laissé entendre que des motifs politiques pourraient motiver cette décision, soulignant que Netanyahu cherchait une « loyauté personnelle » qu’il n’était pas disposé à offrir.
Des manifestations de grande ampleur ont récemment eu lieu en Israël pour dénoncer cette tentative de limogeage. Ces événements ont été rapportés par nos confrères de Anadolu, où le texte a été lu et traduit en français par Adama Bamba.",Israël : La Cour suprême bloque temporairement le limogeage du chef du Shin Bet,"['Shin Bet', 'Yesh Atid', 'KAN', 'Hamas', 'Unité nationale', 'Mouvement pour un gouvernement de qualité']",business,-0.3818,0.21508362889289856,False
24,cc8ac7e3-655e-4cd6-a09d-4518e8169c69,https://senego.com/senegal-togo-voici-le-onze-de-depart-des-lions-pour-ce-choc-des-eliminatoires_1819259.html,2025-03-25 20:19:52+00:00,"Le Sénégal affronte ce soir le Togo dans le cadre des éliminatoires de la Coupe du Monde 2026. Le sélectionneur Pape Thiaw a dévoilé son onze de départ pour cette rencontre attendue.
Un dispositif solide pour les Lions
Pour ce match programmé à 21h00 GMT, le technicien sénégalais aligne une équipe expérimentée avec une ossature bien connue des supporters.
Composition du Sénégal :
Gardien de but : Édouard Mendy
Défenseurs : Moussa Niakhaté, Kalidou Koulibaly, Ilay Camara
Milieux de terrain : Krépin Diatta, Pape Matar Sarr, Idrissa Gana Gueye, Lamine Camara
Attaquants : Sadio Mané, Assane Diao, Habib Diallo
Avec ce schéma, le Sénégal pourra compter sur une base défensive solide articulée autour de Koulibaly et Niakhaté, tandis que le milieu de terrain sera porté par l’expérience d’Idrissa Gana Gueye et la jeunesse de Pape Matar Sarr et Lamine Camara. En attaque, la présence de Sadio Mané aux côtés d’Assane Diao et d’Habib Diallo constitue un atout majeur pour faire plier la défense togolaise.",Sénégal – Togo : Voici le onze de départ des Lions pour ce choc des éliminatoires,"['Lions\nPour ce match programmé', 'Lions']",sport,0.4404,0.25323835015296936,False
25,3f0dd3a7-748d-4224-a1c9-d534855f81ed,https://senego.com/france-le-tribunal-administratif-maintient-lexpulsion-de-doualemn-vers-lalgerie_1819254.html,2025-03-25 20:10:48+00:00,"Le tribunal administratif de Paris a refusé, mardi, de suspendre l’expulsion de l’influenceur Doualemn vers l’Algérie. Cette décision a été prise car les conditions nécessaires à la suspension n’étaient pas remplies, ont rapporté les médias français, notamment nos confrères d’Anadolu.
Depuis le 20 mars, Doualemn, qui compte environ 140 000 abonnés sur TikTok, était détenu dans l’Hérault en prévision de son expulsion. Le Figaro rappelle cette situation en soulignant que la décision du ministre de l’Intérieur a reçu l’avis favorable de la commission d’expulsion. Le juge a estimé, dans un référé-liberté, que « les conditions spécifiques de cette procédure n’étaient pas réunies ».
Le juge des référés a examiné les attaches du prévenu avec ses enfants et petits-enfants majeurs. Malgré une présence de vingt ans en situation irrégulière suivie de quinze ans en régularité, l’homme ne démontrait pas « de liens d’une intensité particulière » ni d’intégration professionnelle durable. Les juges ont donc jugé que l’expulsion n’était pas manifestement disproportionnée, selon la même source.
Début janvier, Doualemn, identifié comme Boualemn Naman, avait diffusé une vidéo appelant à une « sévère correction » d’un opposant algérien. Condamné à cinq mois de prison avec sursis le 6 mars pour « provocation non suivie d’effet à commettre un crime ou un délit », son expulsion a été prononcée le 9 janvier. En réaction, les autorités algériennes l’ont renvoyé en France, provoquant une crise avec Paris, souligne encore Le Figaro.",France : Le Tribunal Administratif Maintient l’Expulsion de Doualemn vers l’Algérie,"['Le Figaro', 'ministre de l’Intérieur', 'Tribunal Administratif Maintient']",politics,-0.5719,0.27924302220344543,False
26,af4afad5-bc1e-4266-868c-7a771d8938e3,https://senego.com/derives-mediatiques-le-cnra-recadre-les-chroniqueurs-et-les-chaines-audiovisuelles_1819246.html,2025-03-25 20:05:48+00:00,"Le Conseil national de Régulation de l’Audiovisuel (CNRA) a publié un communiqué pour rappeler à l’ordre les médias face aux dérives constatées sur certains plateaux télévisés.
L’organe de régulation déplore que certains chroniqueurs utilisent les médias pour proférer des insultes et porter atteinte aux institutions, à la moralité publique et à l’honneur des personnes ciblées.
« Le Conseil national de Régulation de l’Audiovisuel a constaté, ces derniers temps, que des médias audiovisuels servent souvent de tribune à des personnes, se faisant appeler ou qualifier chroniqueurs, pour proférer des insanités et injures à l’endroit de personnalités ou pour tenir des propos de nature à porter atteinte aux Institutions de la République et à la moralité publique ainsi qu’à la dignité, l’image, l’honneur et la réputation des personnes visées et/ou attaquées » , lit-on du communiqué
Mamadou Oumar Ndiaye et son équipe appellent les médias à stopper ces dérives et leur rappelle leur entière responsabilité sur le contenu diffusé, conformément à leur Cahier des charges.",Injures et insanités : Le CNRA met en garde les chroniqueurs et les médias,"['Conseil national de Régulation de l’Audiovisuel', 'Institutions de la République', 'CNRA']",tech,-0.2732,0.24249199032783508,False
27,c31647af-3525-4ea8-a95f-d063cdea2aec,https://senego.com/seydi-gassama-aux-ex-colonels-et-commissaires-les-forces-de-securite-ne-sont-pas-des-miliciens_1819245.html,2025-03-25 20:02:41+00:00,"Dans un post publié sur sa page Facebook, Seydi Gassama critique vivement les anciens colonels et commissaires qui interviennent dans les médias pour défendre les forces de sécurité.
Il rappelle que policiers et gendarmes ne sont pas des miliciens, mais des professionnels soumis aux lois et règlements, exposés à des sanctions en cas de faute.
« À ces colonels et commissaires à la retraite qui écument les médias pour soi-disant défendre les forces de défense et de sécurité, il faut rappeler que les policiers et les gendarmes ne sont pas des miliciens, ce sont des hommes et des femmes recrutés et formés pour exercer un métier qui obéit à des lois et à des réglements », déclare Seydi Gassama.
Selon lui, tout policier et tout gendarme sait que lorsqu’il commet un manquement dans l’observation des lois et des réglements, il encourt des sanctions y compris des poursuites pénales.
« Il en a toujours été ainsi au Sénégal et dans tous les États démocratiques. On comprend mieux pourquoi malgré leur bagout, ils n’ont pas atteint le grade de général. Et Dieu merci pour le Sénégal », ajoute-t-il.",Seydi Gassama aux ex-colonels et commissaires : « Les forces de sécurité ne sont pas des miliciens ! »,[],politics,-0.25,0.0,False
28,044cb684-2956-4c2e-9617-0e9bb7a2e318,https://senego.com/le-burundi-accuse-le-rwanda-de-conspirer-a-une-attaque-imminente_1819243.html,2025-03-25 19:40:45+00:00,"Le président du Burundi, Évariste Ndayishimiye, a exprimé ses préoccupations concernant des « renseignements crédibles » indiquant que le Rwanda aurait l’intention de s’en prendre au Burundi. Cette information a été révélée lors d’une interview rapportée par la BBC.
Ndayishimiye a également affirmé que le Rwanda avait tenté de fomenter un coup d’État au Burundi il y a dix ans, comparant cette action présumée à l’engagement du Rwanda en République démocratique du Congo aujourd’hui.
En réponse, le Rwanda a qualifié ces déclarations de « surprenantes », soulignant que les deux pays coopèrent sur des questions de sécurité concernant leur frontière commune, fermée depuis plus d’un an. Comme le relate la BBC, Kigali nie également armer ou soutenir le groupe rebelle M23, qui a pris le contrôle de régions importantes à l’est de la RDC soutenu par des forces rwandaises.
Concernant les accusations du président burundais, le Rwanda a démenti tout lien avec le groupe rebelle Red Tabara, présenté par Ndayishimiye comme une force auxiliaire similaire au M23, prétendument soutenue par le Rwanda pour déstabiliser le Burundi.
Ndayishimiye a clairement indiqué au média que « [le président rwandais Paul Kagame] a un plan pour attaquer le Burundi », bien que le Burundi ne souhaite pas attaquer le Rwanda pour l’instant, préférant résoudre ce différend par le dialogue. Il a ajouté : « Il n’est pas nécessaire que nous fassions la guerre. Nous voulons le dialogue, mais nous ne resterons pas inactifs si nous sommes attaqués. »
Ce reportage a été initialement publié par des confrères de Anadolu qui ont relaté ces faits en s’appuyant sur des informations de la BBC.",Le Burundi accuse le Rwanda de conspirer à une attaque imminente,"['BBC', 'M23']",politics,0.0516,0.141950324177742,False
29,a36dc093-c633-4a3a-a6cd-137ccf7bba74,https://senego.com/serbie-aleksandar-vucic-destitue-lambassadrice-en-croatie_1819240.html,2025-03-25 19:30:47+00:00,"Le président serbe Aleksandar Vucic a pris la décision de démettre Jelena Milic de ses fonctions d’ambassadrice en Croatie. Cette information a été confirmée mardi par le Journal officiel de Serbie. Bien qu’aucune raison officielle n’ait été fournie pour cette décision, le départ de Milic est effectif immédiatement.
Cette révocation intervient dans un climat de tensions croissantes entre la Serbie et la Croatie. Ces derniers jours, les relations entre Belgrade et Zagreb ont été exacerbées par la signature récente d’une déclaration de coopération en matière de défense regroupant la Croatie, l’Albanie et le Kosovo.
L’accord, signé le 18 mars à Tirana, a réuni le ministre croate de la défense Ivan Anusic, le ministre albanais de la défense Pirro Vengu et le ministre kosovar de la défense Ejup Maqedonci. Ce pacte trilatéral a suscité la désapprobation de Vucic, qui a exprimé ses inquiétudes quant à une possible course aux armements dans la région. « Nous avons reçu le message. Nous ferons de notre mieux pour défendre notre pays », a-t-il déclaré en réponse à cet accord.
De son côté, la Croatie a défendu ce partenariat, affirmant son droit souverain de coopérer avec les pays de son choix. Le licenciement de Jelena Milic ajoute une couche supplémentaire de complexité aux relations tumultueuses entre la Serbie et la Croatie, déjà empreintes de conflits historiques et de tensions politiques persistantes dans les Balkans.
Les informations de cet article sont basées sur un texte de Talha Ozturk, publié par les confrères de l’agence Anadolu.",Serbie : Aleksandar Vucic destitue l’ambassadrice en Croatie,[],politics,-0.6597,0.0,False
30,48ea6e94-77d4-4725-9422-da1cac1f4aef,https://senego.com/grece-condamnation-par-la-cedh-pour-la-mort-dun-enfant-migrant_1819237.html,2025-03-25 19:20:46+00:00,"La Cour européenne des droits de l’homme (CEDH) a rendu un verdict important mardi, déclarant la Grèce coupable dans une affaire relative à la mort d’un enfant migrant en 2015. Cet incident avait eu lieu près de l’île de Symi, impliquant un mineur irakien victime d’une balle tirée par les garde-côtes grecs.
Dans sa décision, la CEDH a reconnu que la Grèce avait violé le droit à la vie, comme stipulé à l’article 2 de la Convention européenne des droits de l’homme. La Cour a souligné que l’opération d’interception des migrants n’avait pas pris suffisamment en compte la minimisation de l’usage de la force létale.
De plus, la CEDH a relevé l’absence de preuves d’une préparation adéquate de l’opération par les garde-côtes, ainsi qu’un manque de contrôle précis et d’évaluation des risques associés à l’utilisation des armes à feu. La CEDH a également critiqué le fait que la Grèce n’avait pas mené une enquête indépendante et approfondie sur cet incident tragique.
Selon le texte publié par Anadolu Agency, ces lacunes dans l’enquête ont entraîné la perte de preuves cruciales, empêchant de déterminer les circonstances exactes du décès ou d’identifier les responsables pour d’éventuelles sanctions.
En conséquence de ces manquements, la Grèce a été condamnée à verser 80 000 euros (environ 86 500 dollars) aux parents de l’enfant irakien décédé.
Ce verdict met en lumière les défis auxquels sont confrontées les autorités lors des opérations de contrôle des frontières, tout en soulignant la nécessité d’assurer le respect des droits humains, notamment le droit à la vie.",Grèce : Condamnation par la CEDH pour la mort d’un enfant migrant,"['Cour européenne des droits de l’homme', 'Convention européenne des droits de l’homme', 'Anadolu Agency', 'CEDH', 'Cour']",politics,0.5994,0.25776711106300354,False
31,254d6d65-1e48-40a1-9d08-8c19d900b17a,https://senego.com/lafrique-du-sud-face-a-lurgence-dune-action-judiciaire-a-la-cij_1819232.html,2025-03-25 19:10:50+00:00,"Luigi Daniele, chercheur principal à l’Université de Nottingham Trent, attire l’attention sur une potentielle victoire de l’Afrique du Sud devant la Cour internationale de justice (CIJ) concernant le génocide. Cependant, il souligne que si cette affaire aboutit, il sera peut-être déjà trop tard pour sauver des vies civiles innocentes.
Les récents bombardements israéliens sur Gaza illustrent cette urgence. Selon Defense for Children International, ces attaques ont entraîné la mort de 174 enfants palestiniens en moins de 48 heures. De son côté, l’UNICEF condamne le massacre de plus de 130 enfants en une seule journée, un bilan particulièrement lourd pour la région.
Le conflit s’intensifie, mais pour certains, c’est une trahison des otages israéliens. Yarden Bibas exprime son inquiétude que « la pression militaire mette en danger les otages », arguant qu’un accord pourrait permettre leur retour en sécurité. Des familles et réseaux israéliens accusent le Premier ministre israélien, Benyamin Netanyahu, de privilégier des objectifs politiques internes au détriment de ces vies humaines.
Au milieu de cette violence, des déclarations officielles exacerbent la situation. Des ministres israéliens affirment que « une société qui tolère des sympathisants du Hamas n’a pas le droit d’exister », ajoutant des menaces de « dévastation totale » contre les Palestiniens. Cette rhétorique alimente une idéologie que certains qualifient de génocidaire.
Selon Daniele, le gouvernement israélien exploite la faim, la soif et les maladies comme armes de guerre, ce qui fortifie la position de l’Afrique du Sud à la CIJ. Pourtant, le silence et l’inaction des États occidentaux exacerbent la situation, en nuisant à la protection des enfants palestiniens.
L’inaction des pays tiers, leurs doubles standards et parfois leur complicité, sont pointés du doigt. Daniele critique le manque de sanctions et les abris offerts à ceux poursuivis pour crimes de guerre, violant ainsi leurs engagements internationaux.
Le monde est appelé à agir fermement. Une intervention humanitaire pourrait protéger les Palestiniens, et un déploiement sous l’égide de l’ONU semble nécessaire. Cela reflèterait un engagement sincère en faveur de l’égalité souveraine et de la coexistence pacifique.
Daniele insiste, dans ses commentaires sur Anadolu, sur l’importance d’une telle présence internationale. La lutte pour la survie des Palestiniens est également une question de survie politique pour les autres pays face à des régimes autoritaires croissants.",L’Afrique du Sud face à l’urgence d’une action judiciaire à la CIJ,"['Université de Nottingham', 'UNICEF', 'ONU', 'CIJ', 'Hamas', 'Cour internationale de justice']",politics,-0.6124,0.23869986832141876,False
32,aa6131e9-a763-4c32-ac6f-bed57468114c,https://senego.com/guy-marius-sagna-macky-et-ses-complices-doivent-etre-juges-pour-haute-trahison_1819217.html,2025-03-25 19:03:16+00:00,"Le député Guy Marius Sagna dénonce avec vigueur la dissimulation présumée de 7 milliards de dollars de dette sous la présidence de Macky Sall, révélée par le FMI et déjà signalée par le Premier ministre Ousmane Sonko ainsi que la Cour des comptes.
Il appelle à la justice pour haute trahison contre l’ancien chef de l’État et ses complices, tout en questionnant la responsabilité du FMI dans cette affaire.
Texte in extenso :
Le Fonds monétaire international (FMI) dit qu’entre 2019 et 2024 une dette de 7 milliards de dollars (plus de 4000 milliards de FCFA) environ a été « cachée » par le président Macky Sall. Nous le savions déjà car le premier ministre Ousmane Sonko et la Cour des comptes avaient déjà informé le peuple.
1- Macky Sall et ses complices doivent être jugés pour haute trahison.
2- la responsabilité du FMI dans cette entreprise doit être située. Où était et que faisait le FMI pendant tout ce temps?
3- ces 7 milliards de dollars sont une dette illégitime et odieuse que le peuple sénégalais ne doit pas payer.
4- au lieu de critiquer ceux qui ont révélé cette dette de plus de 4000 milliards de FCFA – Ousmane Sonko et son gouvernement – nous devons tous les soutenir, les protèger, les motiver.
GMS,",Guy Marius Sagna : « Macky et ses complices doivent être jugés pour haute trahison »,"['Cour des', 'GMS', 'FMI', 'Fonds monétaire international', 'Cour des comptes']",business,0.34,0.210947185754776,False
33,a86f0064-4a6f-4099-8166-14e821855905,https://senego.com/reddition-des-comptes-un-homme-daffaires-a-transige-pour-un-milliard-et-sa-voiture-de-luxe_1819218.html,2025-03-25 19:01:15+00:00,"La reddition des comptes avance à grands pas, et certains individus épinglés cherchent à transiger pour échapper à la prison. Selon Clédor Sène, un homme d’affaires aurait versé plus d’un milliard de francs, en plus d’un véhicule de luxe.",Reddition des comptes : Un homme d’affaires a transigé pour un milliard et sa voiture de luxe,[],business,-0.5106,0.0,False
34,3107f4fb-a270-44e1-803e-c6a46d5bc2b0,https://senego.com/analyse-deumeu-sene-le-duel-crucial-entre-ada-fass-et-lac-de-guiers-2_1819226.html,2025-03-25 19:00:52+00:00,"Le célèbre lutteur Eumeu Sène a partagé ses réflexions sur l’attendu affrontement entre Ada Fass et Lac de Guiers 2, prévu le 4 avril. Ce combat est perçu par Sène comme particulièrement déterminant, notamment pour Lac de Guiers 2, qui doit impérativement s’imposer de manière convaincante.
Lac de Guiers 2, qui a remporté son précédent combat contre Siteu par voie d’avertissement, n’a d’autre choix que de faire preuve de sa domination cette fois-ci. Eumeu Sène, s’exprimant sur Lutte TV, a souligné l’importance de cette rencontre en déclarant qu’un match nul ou une victoire par une décision des arbitres serait considérée comme une défaite pour Lac de Guiers 2.
Côté Ada Fass, une victoire marquerait son entrée parmi les lutteurs de renom. Eumeu Sène a commenté à cet égard que « lorsqu’on est un jeune lutteur et qu’on a l’opportunité de se démarquer, il ne faut pas la manquer, même si Lac 2 demeure un adversaire redoutable ».
Ces observations ont été relayées par le site de nos confrères Kawtef, qui a consulté l’analyse d’Eumeu Sène sur ce duel hautement stratégique.",Analyse d’Eumeu Sène : le duel crucial entre Ada Fass et Lac de Guiers 2,['Lutte TV'],politics,-0.3612,0.2885396182537079,False
35,eeded79c-3c24-4714-be48-3dc2cd378d64,https://senego.com/comment-pratiquer-le-nafila-de-la-nuit-du-25-mars-2025-en-ramadan-2025_1819223.html,2025-03-25 19:00:28+00:00,"En cette nuit du 25 mars 2025, correspondant à la 25ème nuit du mois sacré de Ramadan, il est essentiel de connaître le déroulement précis pour pratiquer le nafila. Ces prières spéciales apportent non seulement des bienfaits spirituels mais renforcent également notre connexion personnelle avec le divin. Selon le « KHOURATOUL AYNI » du Cheikh Chouhaybou Mbacké, Ibn Cheikh Ahmadou Bamba, la prière de nafila doit se faire après la prière d’Isha, avant les prières surérogatoires de Safa et Witr.
Voici étape par étape, comment effectuer la prière de nafila de cette nuit :
Après avoir complété la prière obligatoire d’Isha, engagez-vous dans une disposition spirituelle sereine et concentrée.
Effectuez 7 séries de prière, chacune comprenant 10 rakâs.
Pour chaque rakâ, récitez la Sourate Al-Fatiha une fois.
Suivez par la récitation de la Sourate Al-Qariah, également connue sous le nom de Sourate Al-Khariatu, une fois par rakâ.
Ensuite, récitez la Sourate Al-Ikhlas cinq fois par rakâ.
Terminez par une prière personnelle, demandant la guidance et le pardon pour vous-même ainsi que pour la communauté musulmane.
La pratique du nafila lors de cette nuit spécifique est un outil puissant pour approfondir sa foi, obtenir tranquillité intérieure et recevoir des bénédictions. Comme mentionné sur le site de nos confrères de Ramadan, l’observance assidue de ces prières renforce votre discipline spirituelle et génère une abondance de récompenses divines.",Comment pratiquer le nafila de la nuit du 25 mars 2025 en Ramadan 2025,['Sourate Al-Khariatu'],entertainment,0.4767,0.23488649725914001,False
36,58ecca50-f6ca-40d9-afec-e1366e1cab36,https://senego.com/france-mathilde-panot-interpelle-le-premier-ministre-sur-le-racisme_1819220.html,2025-03-25 18:50:43+00:00,"La présidente du groupe La France insoumise (LFI) à l’Assemblée nationale française, Mathilde Panot, a vivement interpellé le Premier ministre, François Bayrou, lors de la séance de questions au gouvernement. L’attaque récente contre le rabbin d’Orléans a suscité cette réaction vigoureuse. « Le racisme a encore frappé. Quand le poison de l’antisémitisme, de l’islamophobie se répand, c’est toute la République qui est attaquée », a-t-elle affirmé.
Panot a condamné l’agression du rabbin, survenue ce samedi. Elle a exprimé son soutien à la victime et félicité ceux qui sont intervenus pour protéger le rabbin d’Orléans. « Ce samedi, le rabbin d’Orléans a été mordu, insulté, frappé devant son fils, parce que juif. Je tiens à lui apporter tout notre soutien », a-t-elle déclaré.
Évoquant également l’assassinat de Djamel Bendjaballah, Mathilde Panot a montré son indignation face à ces violences racistes en France. Elle a critiqué le gouvernement pour son manque d’action concrète pour lutter contre le racisme. « Monsieur le Premier ministre, vous êtes au pouvoir depuis sept ans, quels actes concrets ont été posés pour lutter contre toutes les formes de racisme ? » a-t-elle lancé directement à François Bayrou.
Le Premier ministre est accusé par Panot de perpétuer des problématiques liées à la migration et à la stigmatisation des femmes portant le voile. Elle a ainsi dénoncé une politique de « choc des civilisations » qui, selon elle, divise la France. Mathilde Panot a conclu en affirmant que le gouvernement assène des propos similaires à ceux de Marine Le Pen, « A ce jeu-là, vous serez toujours perdants ».
L’agression du rabbin Arié Engelberg s’est déroulée alors qu’il rentrait de la synagogue avec son fils. Un suspect de 16 ans a été arrêté et placé en garde à vue. Selon le parquet d’Orléans, il comparaîtra en avril devant le tribunal pour enfants pour des violences motivées par l’antisémitisme. Son placement en détention provisoire est requis. Emmanuel Macron a réagi, condamnant fermement l’antisémitisme.
Ces informations ont été lues sur le site de nos confrères de l’agence Anadolu, fournissant un aperçu détaillé des événements récents en France.",France : Mathilde Panot interpelle le Premier ministre sur le racisme,"['Assemblée nationale française', 'LFI']",entertainment,-0.8625,0.15698014199733734,False
37,d4aa9d90-9c3b-4443-963f-aa5cfb507aa7,https://senego.com/fanta-une-nouvelle-serie-de-marodi-pulaar-explore-les-passions-interdites_1819213.html,2025-03-25 18:05:57+00:00,"La série « Fanta », produite par Marodi Pulaar, s’apprête à captiver son public avec une intrigue où l’amour se transforme en un véritable champ de bataille. À travers une histoire forte et complexe, les spectateurs suivront le destin de Haamid, un héritier pris dans un dilemme entre ses sentiments pour Fanta et les exigences d’une mère prête à tout pour préserver son honneur familial.
Cette nouvelle production promet une plongée intense au cœur de sentiments passionnés mêlés à des trahisons et des vengeances implacables. Entre secrets inavoués, luttes de pouvoir et sacrifices déchirants, le drame se noue autour de personnages complexes dont les vérités révélées pourraient bien bouleverser leurs destins.
Dès le 28 mars, les épisodes de « Fanta » seront disponibles sur la chaîne YouTube de Marodi Pulaar, permettant ainsi aux fans de découvrir chaque semaine les rebondissements de ce feuilleton. Ce récit nous est partagé via nos confrères de Kawtef, qui ont suivi de près l’évolution de cette nouvelle création audiovisuelle.
Le rendez-vous est pris pour explorer une histoire où chaque amour exige son sacrifice et où chaque vérité a le pouvoir de transformer un collectif.
C’est un aperçu riche en émotions qui promet aux téléspectateurs une exploration fascinante des relations humaines poussées dans leurs retranchements les plus intimes.",« Fanta » : une nouvelle série de Marodi Pulaar explore les passions interdites,[],entertainment,0.5859,0.0,False
38,c3a605dc-d62b-47ce-8b1f-143da3c4aafa,https://senego.com/palais-le-pr-diomaye-faye-recoit-une-delegation-du-fmi-conduite-par-edward-gemayel_1819201.html,2025-03-25 18:01:57+00:00,"Le Président Bassirou Diomaye Faye a accueilli, ce mardi 25 mars 2025, une délégation du FMI dirigée par Edward Gemayel, chef de mission pour le Sénégal, accompagné de Majdi Debbich, représentant résident.
« Le Président de la République, Bassirou Diomaye Faye, a reçu, ce mardi 25 mars 2025, une délégation du Fonds monétaire international conduite par M. Edward Gemayel, chef de mission du FMI pour le Sénégal », rapporte la présidence.
Selon la même source, ce dernier était accompagné de M. Majdi Debbich, représentant résident du FMI au Sénégal.",Palais : Le PR Diomaye Faye reçoit une délégation du FMI conduite par Edward Gemayel,"['FMI', 'Fonds monétaire international conduite']",business,0.0,0.17310047149658203,False
39,2d405b4b-5932-40ea-99bf-8fc1566be8eb,https://senego.com/affaire-des-39-milliards-dengrais-aziz-ndiaye-convoque-par-la-justice_1819200.html,2025-03-25 18:01:08+00:00,"L’affaire du présumé détournement d’un bateau d’engrais d’une valeur de 3,9 milliards de FCFA refait surface. Selon le site Dakarposte, Aziz Ndiaye, ancien promoteur de lutte devenu homme d’affaires, est convoqué ce jeudi 27 mars 2025 par le juge du deuxième cabinet du parquet de Dakar.
À l’origine du dossier, un contrat signé en mars 2020 entre Rahul Chandra, patron de Re-Energy-Fze, et Amine Group, représentée par Ndèye Nancy Niang, qui devait vendre 35,3 tonnes d’engrais pour 6,1 milliards de FCFA. Selon la plainte déposée par Me Cheikh Ahmadou Ndiaye, avocat de Rahul Chandra, la marchandise aurait été stockée dans des entrepôts à Rufisque et au Cices, une partie étant vendue à divers opérateurs économiques dans des conditions opaques.
Massata Ndiaye, frère de l’ancien promoteur, qui avait confié aux enquêteurs avoir acheté une quantité de cette marchandise, est le seul  à avoir été entendu par la police, mais Aziz Ndiaye nie toute implication. Un réquisitoire supplétif du procureur avait demandé l’inculpation d’Aziz Ndiaye, de son frère Massata Ndiaye et d’Aly Penda Diouf pour recel est resté sans suite.
Le 7 mars 2023, une première convocation du juge n’a pas été honorée par les mis en cause, ce qui avait alimenté les soupçons de pressions visant à freiner l’affaire. La nouvelle convocation d’Aziz Ndiaye pourrait relancer le dossier.

Affaire à suivre…","Affaire des 3,9 milliards d’engrais : Aziz Ndiaye convoqué par la justice",[],entertainment,0.0,0.0,False
40,1d90b6f3-634f-4bc3-8966-5ab79ba8bea0,https://senego.com/mondial-2026-q-les-cinq-premieres-equipes-qualifiees_1819205.html,2025-03-25 17:55:13+00:00,"Les cinq premières équipes qualifiées pour la phase de groupes de la Coupe du monde 2026 (Canada, États-Unis, Mexique) sont connues.

La FIFA a confié l’organisation de la Coupe du monde 2026 au trio États-Unis, Canada et Mexique. Après le Japon, qui a rejoint les trois pays hôtes, la Nouvelle-Zélande a validé son ticket pour la phase de groupes de la plus belle des compétitions de football. Il reste donc 43 tickets à distribuer pour ces qualifications.
Pour rappel, la 23e édition de la Coupe du monde se disputera pour la première fois avec 48 équipes, contre 32 depuis 1998 et 104 matches disputés dans 16 stades, du 11 juin au 19 juillet 2026.",Mondial 2026 (Q) : Les cinq premières équipes qualifiées,"['Mondial', 'FIFA']",sport,0.0,0.18224751949310303,False
41,9a90a84b-405e-4196-8ce9-b8128d347229,https://senego.com/etats-unis-trump-defend-son-conseiller-waltz-apres-un-incident-au-yemen_1819198.html,2025-03-25 17:30:40+00:00,"À Washington, le président des États-Unis, Donald Trump, a exprimé son soutien envers son conseiller à la sécurité nationale, Mike Waltz. Cette déclaration a fait suite à un incident où Waltz a, par inadvertance, inclus le journaliste Jeffrey Goldberg dans un groupe de discussion concernant des plans d’attaque au Yémen.
Lors d’une intervention sur NBC, Trump a minimisé l’incident, qui avait provoqué de vives réactions. Il a décrit l’incident comme « le seul pépin en deux mois, et au final sans gravité », soulignant ainsi sa confiance envers Mike Waltz.
Trump a également affirmé : « Michael Waltz a appris une leçon et c’est un gars bien.  » Il a rejeté la faute sur « l’un des employés » de Waltz, pour les circonstances ayant mené à cet incident.
La porte-parole de la Maison-Blanche, Karoline Leavitt, a assuré sur les réseaux sociaux que « aucun plan de guerre » ni information classifiée n’avait été partagée lors de cet échange malheureux.
Ces informations ont été rapportées par nos confrères d’Anadolu, avec la traduction de Ayse Betul Akcesme.",États-Unis : Trump défend son conseiller Waltz après un incident au Yémen,['NBC'],politics,0.0,0.15163865685462952,False
42,c4e10c07-e9a7-4148-a417-cf6b86adac62,https://senego.com/reponse-a-waly-diouf-bodiang-ndeme-ndiaye-defend-lapr-et-charge-pastef_1819188.html,2025-03-25 17:01:12+00:00,"Dans une déclaration virulente, Ndeme Ndiaye, militant de l’Alliance Pour la République (APR) à Kaffrine, a tenu à répondre aux propos de Waly Diouf Bodiang, qui a récemment suggéré la dissolution de l’APR. Pour lui, ces accusations sont infondées et témoignent d’une tentative de manipulation de l’opinion.
« L’APR n’est pas un parti qualifié de terroriste, et son leader n’a jamais été condamné pour corruption de jeunesse. » D’emblée, Ndeme Ndiaye réfute les allégations visant son parti et son fondateur, Macky Sall, tout en dénonçant les attaques répétées contre l’APR, qu’il considère comme un pilier essentiel de la démocratie sénégalaise.
Il s’indigne face à la posture de Waly Diouf Bodiang, militant du Pastef, qu’il accuse de vouloir « réécrire l’histoire à sa convenance. » Selon lui, « il est parfois essentiel de rafraîchir la mémoire de certains esprits tortueux, qui semblent oublier que l’APR a dirigé ce pays avec rigueur et discipline, propulsant le Sénégal vers l’émergence. »
Dans sa réplique, Ndeme Ndiaye ne mâche pas ses mots et retourne les accusations de Waly Diouf Bodiang contre lui : « Cette déclaration, venant d’un militant de Pastef-Les Casseurs, a suscité l’étonnement de beaucoup de Sénégalais.  » Il s’interroge même sur les motivations et la lucidité de ce dernier, affirmant que « soit il souffre de troubles psychiques, soit d’une amnésie sélective, soit il excelle dans le jeu favori de ses camarades pastefiens : la victimisation et la falsification de la réalité. »
Il va plus loin en imputant à Pastef la responsabilité des émeutes ayant secoué le Sénégal entre 2021 et 2024. « Les faits sont implacables. Entre mars 2021 et février 2024, ce pays a été le théâtre d’une série de violences orchestrées par Pastef, avec des appels répétés à l’insurrection, à la désobéissance civile et à l’attaque des institutions. » Il insiste sur la gravité des actes posés : « Le Sénégal a, pour la première fois de son histoire, été témoin de l’utilisation de cocktails Molotov dans l’espace public. »
Ndeme Ndiaye défend l’APR comme un parti responsable et engagé pour le développement du pays. « Depuis sa création en 2008, l’APR a toujours prôné des valeurs de bonne gouvernance, de transparence et de démocratie. » Il rappelle que le parti a mis en place des réformes économiques et sociales majeures, contribuant à « faire du Sénégal un pays attractif pour les investissements et à améliorer les conditions de vie des citoyens.  »
Face aux critiques de Waly Diouf Bodian, il pose une question directe : « Qui de Pastef ou de l’APR mérite réellement d’être dissous ? » Il accuse les militants de Pastef d’avoir semé le chaos et cherche à démontrer que leurs actions ont « mis en péril la stabilité du pays, tout en fragilisant son économie et son image à l’international. »
Pour conclure, Ndeme Ndiaye appelle les Sénégalais à faire preuve de discernement face aux discours qu’il qualifie de mensongers. « Nous ne devons pas laisser des individus en mal de reconnaissance nous faire oublier les avancées réalisées sous l’APR. » Il insiste sur le fait que « le Sénégal a besoin d’un débat politique basé sur la vérité et non sur la manipulation et la provocation. »",Réponse à Waly Diouf Bodiang : Ndeme Ndiaye défend l’APR et charge Pastef,"['Pastef', 'Alliance Pour la République', 'APR']",sport,-0.9538,0.2255907654762268,False
43,9013fdb4-586c-4af9-843c-963604a668f5,https://senego.com/ya-awa-dieye-charme-et-elegance-en-rose-pastel_1819195.html,2025-03-25 17:00:47+00:00,"Ya Awa Diéye incarne le raffinement et le charisme. Son sourire radieux et son regard captivant lui donnent une aura qui marie douceur et confiance. Sa présence naturelle illumine chaque apparition à l’écran, combinant chaleur et sophistication avec une élégance accessible.
Dans un caftan rose pastel somptueux, elle allie majesté et modernité avec aisance. Bien plus qu’une simple apparence physique, elle est l’incarnation de la confiance et du professionnalisme, devenant ainsi une source d’inspiration pour beaucoup. Ya Awa Diéye est, sans conteste, un modèle de grâce intemporelle et de charisme.
Ce portrait éblouissant de Ya Awa Diéye a été relayé par nos confrères de Kawtef, soulignant son rayonnement naturel et sa capacité à allier élégance et modernité.","Ya Awa Diéye, charme et élégance en rose pastel",[],entertainment,0.5267,0.0,False
44,8415172f-1528-4b97-ac17-3c1decc7cff4,https://senego.com/mauvaise-nouvelle-pour-jerome-bandianky-apres-6-mois-de-detention_1819181.html,2025-03-25 16:53:06+00:00,"Inculpé depuis le 24 septembre 2024 par le Doyen des juges d’instruction, Jérôme Bandiaky, connu sous le surnom de « Sniper », a passé six mois en détention préventive à la prison de Rebeuss. Poursuivi pour « escroquerie, détention illégale d’arme à feu et usurpation de fonction », il aurait dû bénéficier d’une mise en liberté d’office, faute de clôture de l’instruction.
Cependant, à l’approche de cette échéance, le parquet a ajouté une nouvelle accusation : « trafic d’armes ». Cette infraction criminelle prolonge automatiquement son incarcération, empêchant toute libération immédiate, renseigne Les Echos. Une situation jugée arbitraire par ses proches, qui estiment que cette requalification repose sur des bases fragiles.
Contrairement à d’autres détenus qui sollicitent une mise en liberté provisoire, l’ancien garde du corps de Mimi Touré n’a pas introduit de demande en ce sens. Il reste ainsi en cellule, attendant l’évolution de son dossier, alors que ses soutiens dénoncent une prolongation abusive de sa détention.","Mauvaise nouvelle pour Jérôme Bandianky, après 6 mois de détention","['Doyen', 'Les Echos']",politics,-0.8591,0.276629239320755,False
45,5af1d165-3723-4832-a94f-5a36970fb248,https://senego.com/france-le-parquet-denonce-le-pacte-de-corruption-indecent-noue-par-sarkozy_1819182.html,2025-03-25 16:52:31+00:00,"Le parquet financier a fustigé mardi, en débutant ses réquisitions à Paris, le « pacte de corruption inconcevable, inouï, indécent » noué selon lui en 2005 par l’ancien président français Nicolas Sarkozy et ses proches avec le dictateur libyen Mouammar Kadhafi.
Un pacte qualifié ainsi car « conclu avec (un) régime sanguinaire » et ayant eu « pour objectif de soutenir financièrement la campagne » de Nicolas Sarkozy, élu en 2007. Mais aussi car « il aurait pu vicier le résultat » de l’élection présidentielle et qu’il « risquait de porter atteinte à la souveraineté et aux intérêts de la France ».","France : le parquet dénonce le « pacte de corruption », « indécent, » noué par Sarkozy",[],politics,-0.2732,0.0,False
46,adc32011-abd6-487f-aee4-cd97f7ab51a0,https://senego.com/syrie-damas-condamne-fermement-les-attaques-israeliennes-recentes_1819179.html,2025-03-25 16:40:51+00:00,"Le ministère syrien des Affaires étrangères a exprimé, ce mardi, une vive condamnation des attaques continues menées par Israël sur le territoire syrien. Damas qualifie ces actions de « violation flagrante de la souveraineté nationale et du droit international ». Cette déclaration a été rapportée par nos confrères de Anadolu.
Selon le communiqué officiel, l’armée israélienne a ciblé le village de Koya, situé à l’ouest de Deraa, par des bombardements d’artillerie et des frappes aériennes. Ce raid aurait provoqué la mort d’au moins six civils, bien que le bilan demeure provisoire et pourrait s’alourdir.
Damas accuse Israël de renforcer son « occupation illégale » en Syrie et appelle la communauté internationale à réagir fermement. Une demande d’enquête sur ces violations a été formulée, conjointement à un appel au respect des résolutions internationales. Le ministère syrien soutient que malgré ces agressions, la résistance du peuple ne faiblira pas.
En outre, l’armée israélienne a reconnu avoir frappé les bases aériennes de Tedmur et T4 dans la province de Homs. Des sources locales rapportent une avancée israélienne dans le village de Koya, provoquant le déplacement forcé des habitants. Depuis le début de l’année, des frappes aériennes sur des positions stratégiques syriennes ont été signalées, accompagnées de nouvelles annexions dans des zones comme le plateau du Golan.
Ces actions israéliennes semblent s’inscrire dans une stratégie d’occupation sur le long terme, comme l’a indiqué le Premier ministre israélien, Benjamin Netanyahu. Ce dernier a annoncé que l’occupation israélienne du sud de la Syrie serait permanente, exigeant le désarmement de cette région.
L’accord de séparation des forces, signé en 1974, fixe les limites de la zone tampon et démilitarisée sur le plateau du Golan. Toutefois, Israël aurait étendu son occupation au-delà de cette zone. De nombreux observateurs s’inquiètent des répercussions de cette situation tendue sur la stabilité régionale et appellent à un retour au respect des frontières établies.",Syrie : Damas condamne fermement les attaques israéliennes récentes,['ministère syrien des Affaires étrangères'],politics,-0.296,0.20852872729301453,False
47,8b9fc707-4eb7-4266-bce0-fb9f794f35a8,https://senego.com/danemark-la-premiere-ministre-mette-frederiksen-contre-la-pression-americaine-sur-le-groenland_1819176.html,2025-03-25 16:30:44+00:00,"La Première ministre danoise, Mette Frederiksen, a exprimé fermement son refus de ce qu’elle décrit comme une « pression inacceptable » exercée par les États-Unis concernant le Groenland. Cette déclaration a été faite lors d’une interview accordée aux chaînes danoises TV2 et DR.
En effet, Washington a annoncé qu’une délégation américaine haut placée se rendrait au Groenland cette semaine. Frederiksen a affirmé : « Je dois dire que la pression exercée sur le Groenland et le Danemark dans cette situation est inacceptable. Et c’est une pression à laquelle nous résisterons. » Elle a ajouté que cette visite n’est pas en accord avec les besoins et les souhaits du Groenland.
La délégation américaine comprend le conseiller à la sécurité nationale, Mike Waltz, le Secrétaire à l’Énergie, Chris Wright, et Usha Vance, épouse du vice-président JD Vance. Selon le porte-parole de la Maison Blanche, Brian Hughes, l’objectif de la délégation est « d’apprendre à connaître le Groenland, sa culture, son histoire et son peuple ». Cependant, Frederiksen a rejeté cette justification.
Elle a déclaré qu’il n’est pas envisageable de mener des visites privées avec des représentants officiels d’autres pays, d’autant plus que des négociations sont en cours au Groenland. « Cela ne peut pas être vu indépendamment des déclarations et des messages que nous avons entendus de la partie américaine depuis janvier », a-t-elle souligné. Cela fait référence à l’engagement du président américain, Donald Trump, selon lequel les États-Unis s’approprieraient le Groenland « d’une manière ou d’une autre ».
Frederiksen considère l’intérêt de l’administration Trump pour le Groenland comme un défi direct à la souveraineté danoise. Elle a insisté sur le fait que, même entre alliés, le respect de la souveraineté des États et de l’intégrité des territoires est crucial. « La région nordique et l’UE apportent un soutien massif. Nos alliés, nos partenaires proches et nos voisins nous soutiennent », a-t-elle affirmé.
Nous avons lu ce texte sur le site de nos confrères de Anadolu, traduit de l’anglais par Mourad Belhaj.",Danemark : La Première ministre Mette Frederiksen contre la pression américaine sur le Groenland,"['Secrétaire à l’Énergie', 'Première ministre', 'UE', 'DR']",politics,0.4767,0.12128140777349472,False
48,6a0b8a7f-44dd-4faf-b2f4-c2d9e139cd29,https://senego.com/operations-de-securisation-pres-de-1-850-interpellations-en-une-semaine_1819172.html,2025-03-25 16:24:40+00:00,"Le ministère de l’Intérieur et de la Sécurité publique a dévoilé ce mardi le bilan des opérations de sécurisation menées par la police nationale du 17 au 23 mars. Au total, 1 847 personnes ont été interpellées, selon les services du ministre Jean-Baptiste Tine.
Parmi elles, 952 ont été arrêtées pour vérification d’identité, 235 dans le cadre d’enquêtes, 250 pour ivresse publique, 130 pour usage de drogue, 42 pour violences et 164 pour vol.
Ces chiffres témoignent, selon la police, d’une mobilisation constante des forces de sécurité face à une montée de l’insécurité, marquée par une recrudescence des agressions et vols. Dernier exemple en date : une tentative de braquage aux Almadies le week-end dernier, où des malfaiteurs ont tenté d’emporter 100 millions de FCFA à la sortie d’une banque. L’intervention rapide des forces de l’ordre a permis de déjouer le coup.",Opérations de sécurisation : près de 1 850 interpellations en une semaine,"['Sécurité publique', 'ministère de l’Intérieur']",politics,0.0,0.4170548915863037,True
49,aed5f9dc-24d8-4a8d-884d-54c7eaf90d57,https://senego.com/foncier-a-diamniadio-le-role-cle-de-la-dgpu-dans-lamenagement-urbain-boubacar-balde_1819159.html,2025-03-25 16:14:19+00:00,"Selon le décret 2014-23 du 9 janvier 2014 créant la Délégation Générale à la Promotion des Pôles urbains de Diamniadio et du Lac Rose (DGPU), sa mission est d’assister le Président de la
République dans la définition et la mise en œuvre de la politique d’aménagement et de promotion des Pôles urbains de Diamniadio et du Lac Rose.
A ce titre, et en rapport avec les ministères et structures publiques concernés, la DGPU est chargée, entre autres, de mettre en place les procédures juridiques et financières liées à la réalisation des opérations d’aménagement et d’équipement, de procéder à l’attribution de terrains titrés, aménagés et équipés. En outre, elle est appelée à proposer toutes les réformes portant sur la création d’instruments juridiques et financiers pouvant accélérer la réalisation des pôles urbains.
Ainsi l’article 13 du décret fixant les règles de gestion des terrains dans les Pôles urbains de Diamniadio et du Lac Rose dispose : « La demande d’attribution de terrain est adressée au Délégué général à la Promotion des Pôles urbains de Diamniadio et du Lac Rose. Sont joints à la demande :
a) une note explicative et justificative détaillée ;
b) un document descriptif du programme des constructions et aménagements envisagés.
Le demandeur doit, en outre, fournir des informations sur ses sources de financement et ses références techniques.
Après instruction, le Délégué Général soumet le dossier à l’avis du Comité consultatif ». Autrement dit cette procédure exclut toute les autorités déconcentrées et décentralisées à la procédure d’attribution desdites terres.
Donc aucun maire n’est compétent pour attribuer des parcelles à des particuliers. Ces terres ont fait l’objet d’une déclaration d’utilité publique fixée par décret. En outre l’article 16 du même décret énonce les différents conventions et actes qui relèvent de la compétence du DGPU que sont : des baux ordinaires, de baux emphytéotiques, de concessions de droit de superficie, de cessions définitives ou d’autorisation d’occuper. L’ensemble de ces opérations ne peuvent être effectuées que dans le domaine privé de l’Etat. Ce dernier est conçu pour une logique de valorisation.
Les conventions de baux ordinaires, de baux emphytéotiques, de concessions de droit de superficie, de cessions définitives sont passées entre le Délégué Général à la Promotion des Pôles urbains de Diamniadio et du Lac Rose et les opérateurs privés, les opérateurs publics, les utilisateurs, l’Etat ou les autres collectivités publiques etc., aux clauses et conditions fixées par le présent décret. De même les conventions de baux ordinaires, de baux emphytéotiques, de concessions de droit de superficie, de cessions définitives et les autorisations d’occuper déterminent les conditions ordinaires et de droit, les conditions financières et le programme de constructions, d’aménagements et d’équipement en voiries et réseaux divers comportant les cahiers des charges relatifs à ces travaux. Lesdits cahiers des charges font partie intégrante des conventions.
Le PUD est géré par la délégation générale à la Promotion des Pôles urbains (DGPU) de Diamniadio et du lac Rose directement rattachée à la présidence de la République. Les missions de la DGPU sont larges : elle est à la fois opérateur en charge de la maîtrise du foncier et de la dévolution des titres fonciers aux développeurs privés sur les pôles, planificateur et aménageur en charge de l’équipement primaire des pôles en infrastructures et en équipements publics (scolaires, de santé, de sécurité…) en amont des développements privés. La DGPU est aussi un organe de recherche d’investisseurs et de développeurs.
L’espace concerné par le Pôle est soustrait au domaine national par immatriculation et est donc sorti du territoire des communes concernées, qui se voient ainsi amputées.
L’immatriculation du Pôle a, en droit, fait basculer tout l’espace concerné dans le domaine privé de l’État et annulé tous les droits existants, quand bien même les paysans détenaient des affectations délivrées par le conseil communal.
Toutes les décisions relevant de la gestion et de la mise en œuvre du Pôle reviennent exclusivement à la DGPU et non à la commune de Diamniadio. La nouvelle ville de Diamniado compte environ un espace de 1500 à 2000ha immatriculée au nom de l’Etat.
Boubacar Baldé, Urbaniste consultant. Membre de la coalition Diomaye.","Foncier à Diamniadio : Le rôle clé de la DGPU dans l’aménagement urbain, (Boubacar Baldé)","['Promotion des Pôles urbains', 'Délégué', 'Délégation Générale', 'Délégué général à la Promotion des Pôles urbains', 'Comité consultatif', 'DGPU']",politics,-0.5719,0.24917376041412354,False
50,e351b5a0-e94e-4499-87f1-8cd3583dbd12,https://senego.com/la-mauritanie-expulse-4-eleves-senegalais-dune-ecole-coranique_1819156.html,2025-03-25 16:11:50+00:00,"Quatre élèves sénégalais d’une école coranique ont été arrêtés et expulsés de Mauritanie. Selon la RFM, qui rapporte l’information, des pêcheurs sénégalais ont également été interpellés lors de cette opération.
La Mauritanie poursuit sa campagne d’expulsion contre les migrants en situation irrégulière. Quatre élèves d’une école coranique ont été arrêtés et reconduits à la frontière, à Rosso. Lors de cette opération, des pêcheurs de nationalité sénégalaise ont également été interpellés.
Pour rappel, le 17 mars dernier, la ministre sénégalaise de l’Intégration africaine et des Affaires étrangères, Yassine Fall, a été reçue en audience par le président mauritanien Mohamed Ould Cheikh El Ghazouani. Lors de cette rencontre, la ministre a évoqué les liens historiques entre les deux pays. Elle a également rencontré plusieurs responsables mauritaniens afin de discuter de la mise en place d’un cadre de gestion concerté des flux migratoires, dans le but d’éviter de nouvelles tensions.",La Mauritanie expulse 4 élèves sénégalais d’une école coranique,['RFM'],politics,-0.4019,0.27282869815826416,False
51,5fb779a4-8e6e-4b79-8247-5f1954a8acb1,https://senego.com/rayane-et-cheikh-hakim-un-amour-hors-du-commun_1819167.html,2025-03-25 16:11:29+00:00,"La série « L’épouse Du Cheikh » plonge dans l’histoire passionnante de Rayane et Cheikh Hakim, dont les aventures amoureuses se déroulent en saison 1, épisode 49. Le récit met en lumière la rencontre de deux âmes que tout semble séparer, mais dont l’amour pourrait bien triompher malgré les différences.
Rayane, avec son caractère vif, se retrouve face à Cheikh Hakim, une figure de sagesse. L’intrigue de cet épisode soulève la question cruciale de savoir si l’amour sera assez fort pour surmonter les obstacles qui se dressent sur leur chemin. Hakim pourra-t-il embrasser toutes les facettes de la personnalité de Rayane ? Saura-t-il protéger leur amour naissant des aléas ?
Les téléspectateurs se demandent également si Rayane est prête à endosser le rôle d’Épouse du Cheikh, avec toutes les responsabilités que cela comporte. Chaque épisode de cette série, mentionnée par nos confrères de Kawtef, nous tient en haleine avec des rebondissements captivants.",Rayane et Cheikh Hakim : Un Amour Hors du Commun,[],entertainment,-0.4767,0.0,False
52,1472cb6e-cace-4153-953b-c309b00e032d,https://senego.com/lalphabetisation-comme-moteur-dautonomisation-des-femmes-au-senegal_1819163.html,2025-03-25 16:10:56+00:00,"L’alphabétisation dépasse le cadre des compétences de base en lecture, écriture et calcul. Au Sénégal, elle est perçue comme un instrument majeur pour permettre aux femmes, particulièrement celles des zones rurales défavorisées, de mieux s’intégrer dans les domaines économiques, sociaux, culturels et politiques. Ces programmes offrent aux femmes les outils nécessaires pour plus de mobilité et d’indépendance, notamment dans la gestion de leur santé et des besoins de leurs familles.
Malgré les efforts réalisés en faveur de l’égalité entre les sexes, des défis subsistent. Selon la Direction de l’Alphabétisation et des Langues Nationales (DALN), le Sénégal compte un taux d’analphabétisme de 37,5 %, avec une disparité notable : 66,9 % des hommes adultes savent lire et écrire, contre seulement 59,0 % des femmes. La situation est encore plus alarmante en milieu rural, où l’accès à l’éducation est souvent limité et les femmes sont confinées à des fonctions domestiques ou agricoles peu lucratives.
Les initiatives d’alphabétisation, qu’elles soient étatiques ou privées, font évoluer le statut des femmes. En élargissant leur accès à une éducation de qualité, elles acquièrent les compétences nécessaires pour lancer des activités génératrices de revenus, renforçant ainsi leur autonomie et l’équilibre familial.
Un exemple de ces efforts est le programme de Nestlé Sénégal soutenant les productrices d’oignons dans le nord du pays. En partenariat avec la DALN, le programme offre à une centaine de femmes de la région de Saint-Louis une formation axée sur la langue, les mathématiques, la nutrition et l’entrepreneuriat, trois jours par semaine. L’objectif est de renforcer leurs compétences pour maximiser leurs performances dans la filière oignon, tout en continuant à s’occuper de leurs familles.
L’alphabétisation reste donc un vecteur essentiel d’autonomisation des femmes, améliorant non seulement leurs conditions de vie mais aussi le développement économique et social du Sénégal dans son ensemble. Cet article s’inspire des analyses de nos confrères du journal Sud Quotidien.",L’alphabétisation comme moteur d’autonomisation des femmes au Sénégal,"['DALN', 'Langues Nationales', 'Direction de l’Alphabétisation et des', 'Nestlé Sénégal']",politics,0.4939,0.2137010544538498,False
53,36db476b-7e93-421e-8fc0-cbf8e8085ca4,https://senego.com/jean-claude-van-damme-condamne-pour-avoir-provoque-plusieurs_1819148.html,2025-03-25 15:59:12+00:00,"L’acteur Jean-Claude Van Damme, 64 ans, de son vrai nom Jean-Claude Van Varenberg, a provoqué plusieurs accidents de la route le 18 avril 2024 à Knokke-Heist, il y a un peu moins d’un an, relate Het Laatste Nieuws.
Lorsque la police est arrivée sur les lieux, lui et son fils se trouvaient à côté du véhicule. Tous deux présentaient des signes d’ébriété. Le célèbre acteur belge a déclaré être le conducteur.
Mardi, l’affaire a été examinée par le tribunal de police de Bruges, en Flandre occidentale. L’accident a provoqué d’importants dégâts à Knokke-Heist. Jean-Claude Van Damme a perdu le contrôle du véhicule, percutant d’abord une voiture en stationnement, avant de heurter un arbre, qui a chuté sur un autre véhicule. L’acteur, surnommé les “Muscles de Bruxelles”, a refusé de se soumettre à un test d’alcoolémie.
La star d’Hollywood a été condamné par défaut, n’ayant ni comparu en personne ni mandaté d’avocat. Il a écopé d’une déchéance du permis de conduire de deux mois et huit jours ainsi que d’une amende totale de 1.920 euros. Le verdict sera envoyé à son adresse à Hong Kong, où il vit une partie de l’année.
7SUR7",Jean-Claude Van Damme condamné pour avoir provoqué plusieurs…,[],entertainment,-0.5859,0.0,False
54,e31b9a64-7019-4d20-a5d4-fef644f10d5c,https://senego.com/pakistan-les-ecrivains-sud-coreens-demandent-la-destitution-de-yoon-suk-yeol_1819154.html,2025-03-25 15:50:44+00:00,"Des centaines d’écrivains sud-coréens, y compris la lauréate du prix Nobel de littérature Han Kang, réclament la destitution de l’ancien président Yoon Suk Yeol. Cette mobilisation a été rapportée par l’agence Yonhap, basée à Séoul. Selon ces auteurs, Yoon aurait tenté d’imposer la loi martiale, poussant ainsi le Parlement à voter pour sa destitution le 3 décembre dernier. La Cour constitutionnelle du pays doit désormais rendre une décision finale sur cette affaire.
L’importante Association des écrivains de Corée a partagé des déclarations concises de 414 auteurs, chacun appelant à la destitution de Yoon. Han Kang, première Sud-Coréenne à avoir reçu le prix Nobel de littérature, affirme : « Je crois aux valeurs de la vie, de la liberté et de la paix qui ne doivent jamais être bafouées.  » Elle soutient que l’éviction de Yoon est essentielle pour préserver ces principes universels.
La situation a plongé la Corée du Sud dans une crise politique sans précédent depuis des décennies, notamment depuis l’instauration temporaire de la loi martiale par Yoon. La romancière Eun Hee-kyung a exprimé son désir de vivre « dans une société démocratique. » Quant à Chung Bora, auteure de Cursed Bunny, elle appelle à « punir le meneur de l’insurrection et bâtir une société égalitaire. » Le critique littéraire Shin Hyoung-cheol, invoquant Antigone de Sophocle, a invité « à exprimer notre colère avec tous ceux qui le peuvent. »
Han Duck-soo, président par intérim de la Corée du Sud, appelle de son côté au respect du verdict à venir de la Cour constitutionnelle, quelle que soit la décision. Lors d’une réunion récente avec des ministres, il réitère l’importance de se conformer aux procédures démocratiques. « Quel que soit le verdict de la Cour constitutionnelle, il devra être respecté comme une décision de justice, » a-t-il déclaré, soulignant la nécessité de maintenir la stabilité dans le pays.
Le texte original de ce rapport a été lu sur le site de nos confrères de l’agence Anadolu. Pour plus d’informations sur l’évolution de cette situation, veuillez suivre les mises à jour en provenance de Séoul.",Pakistan : Les écrivains sud-coréens demandent la destitution de Yoon Suk Yeol,"['Association des écrivains de Corée', 'Parlement', 'Cour constitutionnelle']",entertainment,0.91,0.20095610618591309,False
55,d0ac275f-94c4-465f-a9c2-8eccf827e59a,https://senego.com/deces-du-frere-de-linfluenceuse-awa-balde-une-perte-devastatrice_1819150.html,2025-03-25 15:45:44+00:00,"L’influenceuse Awa Baldé, très connue sur les réseaux sociaux, vit un moment de grande tristesse suite au décès de son grand frère. Selon les informations fournies par nos confrères de Dakarposte, cet événement tragique a profondément affecté la jeune femme, très attachée à son frère.
Awa Baldé a exprimé sa douleur et son chagrin à travers plusieurs publications émouvantes sur ses différentes plateformes en ligne. Elle a partagé un post empreint de mélancolie, ainsi qu’une story rendant hommage aux qualités de son frère disparu.
Il est important de noter que cette triste nouvelle a été rapportée par nos confrères de Kawtef, qui ont également souligné l’attachement particulier de l’influenceuse envers son frère.",Décès du frère de l’influenceuse Awa Baldé : une perte dévastatrice,[],entertainment,0.2263,0.0,False
56,b4b74321-1967-4970-8ca8-50e4fc2bbde5,https://senego.com/ameth-ndoye-soutient-les-habitants-de-sebikotane-pendant-le-ramadan-2025_1819146.html,2025-03-25 15:40:44+00:00,"À l’occasion du Ramadan 2025, Ameth Ndoye, président du Mouvement « Sebi La Deuk », a démontré une nouvelle fois son engagement envers les populations de Sébikotane par un acte de générosité remarquable. Ce responsable, connu pour son implication sociale, a su marquer les esprits en appuyant de manière significative sa communauté durant ce mois de spiritualité et de partage.
En effet, Ameth Ndoye a pris l’initiative d’apporter son soutien à de nombreuses familles démunies en distribuant des denrées alimentaires essentielles. Riz, sucre, huile, dattes, parmi d’autres produits de première nécessité, ont été mis à la disposition de ceux qui en avaient le plus besoin pour leur permettre de mieux célébrer ce mois saint. En plus de ces aides alimentaires, des sacs de ciment ont également été offerts, manifestant ainsi une attention particulière aux besoins fondamentaux des résidents de Sébikotane.
Ce geste altruiste d’Ameth Ndoye pendant le Ramadan 2025 a été relayé par nos confrères de Kawtef, soulignant son impact positif dans la vie quotidienne des bénéficiaires. Toujours soucieux d’apporter des solutions concrètes, Ndoye reste fidèle à sa réputation de leader soucieux du bien-être de sa communauté.",Ameth Ndoye soutient les habitants de Sébikotane pendant le Ramadan 2025,['Mouvement'],business,0.5719,0.19257132709026337,False
57,8931db47-b1c4-4559-b15f-c9fd8c025eca,https://senego.com/france-polemique-sur-la-demande-du-crif-de-retirer-une-bande-dessinee-sur-gaza_1819143.html,2025-03-25 15:30:42+00:00,"Le député Thomas Portes, issu du parti La France insoumise, exprime son indignation face à une récente intervention du Conseil représentatif des institutions juives de France (CRIF). Ce dernier a envoyé une lettre à une librairie demandant le retrait d’une bande dessinée sur Gaza. Thomas Portes a exprimé son mécontentement sur le réseau social X, critiquant le CRIF pour cette démarche.
Dans son message, Portes dénonce ce qu’il appelle un « génocide » et reproche au CRIF non seulement de vouloir effacer les livres palestiniens des librairies mais aussi de contribuer à leur invisibilisation dans l’espace public. Il a partagé une copie de la lettre incriminée pour appuyer ses propos.
Parallèlement, la députée européenne Rima Hassan a elle aussi commenté cette situation sur le réseau social X. Elle a partagé son expérience personnelle, soulignant la rareté des ouvrages d’auteurs palestiniens dans les librairies où elle se rend. Hassan déplore que le CRIF puisse influencer la disponibilité des livres qui traitent de la Palestine.
Selon un courrier du CRIF, daté de début mars, adressé à une librairie de la région Auvergne-Rhône-Alpes, la bande dessinée « Gaza, est-ce que vous nous voyez vraiment ? » de Mazen Kerbaj serait accusée de déformer la réalité afin d’en faire un outil de propagande. Le CRIF considère que certaines phrases du livre, telles que « La Palestine est la boussole morale du monde », encouragent une hostilité radicale et contribuent à délégitimer certaines sensibilités. Cette information a été rapportée par nos confrères d’Anadolu.",France : Polémique sur la demande du CRIF de retirer une bande dessinée sur Gaza,"['Conseil', 'CRIF', 'X. Elle', 'X']",tech,-0.5267,0.22188015282154083,False
58,55e4a227-37bb-4621-91bc-fc95627b7af2,https://senego.com/russie-appel-a-un-ordre-des-etats-unis-pour-un-accord-en-mer-noire_1819140.html,2025-03-25 15:20:43+00:00,"La Russie a exprimé, ce mardi, la nécessité d’un « ordre » des États-Unis à destination de Kiev pour parvenir à un accord sur la sécurité de la navigation en mer Noire. En outre, Moscou exige la levée des restrictions sur le commerce des céréales et des engrais russes.
Sergueï Lavrov, ministre des Affaires étrangères russe, a déclaré : « Nous aurons besoin de garanties claires… Ces garanties ne peuvent être que le résultat d’un ordre de Washington au président ukrainien Volodymyr Zelensky », comme l’ont rapporté les médias d’État russes.
Ce sujet a été central lors des discussions entre la Russie et les États-Unis, qui ont eu lieu la veille en Arabie saoudite. Lavrov a fait référence à un accord antérieur, dont la Russie s’est retirée en 2023, permettant à l’Ukraine d’exporter sa production agricole via la mer Noire.
Moscou a réclamé la levée des restrictions sur ses exportations lors de longues négociations à Riyad avec des responsables américains. « Nous devons maintenant établir des garanties et des mécanismes aussi clairs et vérifiables que possible », a souligné Lavrov.
Il a insisté sur le fait que la Russie souhaite des marchés des céréales et des engrais prévisibles et sans exclusion des acteurs russes. Ces discussions ont été initiées à la demande de Donald Trump, alors président des États-Unis, dans le but de résoudre le conflit russo-ukrainien.
Le 24 février 2022, la Russie a lancé son opération militaire en Ukraine, engendrant des réactions internationales et des sanctions sévères à l’encontre de Moscou. La Russie conditionne l’arrêt de cette opération à la renonciation de l’Ukraine à ses projets d’adhésion à des alliances militaires comme l’Otan, et à l’adoption d’un statut de « neutralité totale », une demande perçue par Kiev comme une atteinte à sa souveraineté.
Pour plus d’informations, ce texte a été lu sur le site de nos confrères de Anadolu.",Russie : Appel à un Ordre des États-Unis pour un Accord en Mer Noire,"['Ordre des États-Unis', 'Otan', 'ministre des Affaires étrangères russe']",sport,-0.296,0.1579667627811432,False
59,87ee48e3-483a-472a-9183-710c48ffb6e3,https://senego.com/une-amelioration-en-vue-pour-les-travailleurs-des-collectivites-locales_1819136.html,2025-03-25 15:10:47+00:00,"Les perspectives semblent prometteuses pour les travailleurs des collectivités locales, comme l’a indiqué le ministre de l’Urbanisme, des Collectivités Territoriales et de l’Aménagement du Territoire, Balla Moussa Fofana. Lors de l’atelier de restitution organisé par le Centre National de Formation et de Perfectionnement des Agents des Collectivités Locales (CNFPLF) ce mardi 25 mars, il a évoqué les résultats et recommandations issues du diagnostic de la fonction publique locale.
Dans son intervention rapportée par nos confrères de Sud Quotidien, le ministre a assuré : « Ils peuvent s’attendre à des lendemains meilleurs, parce que quand nous sommes arrivés, nous avons constaté qu’il y avait un dialogue qui n’était pas très clair. Nous avons contribué à poser un débat sincère. Nous avons eu la chance d’avoir en face de nous des représentants de l’intersyndicale qui sont quand même des patriotes. »
Actuellement, sur les 18 000 agents employés, seulement 8 % ont le statut de fonctionnaire, ce qui révèle un faible taux d’administration. Ces données ont été partagées avec l’intersyndicale, qui a participé activement à la réflexion. « Ils nous sont revenus avec des propositions, » a précisé Balla Moussa Fofana. Ces propositions ont ensuite été analysées en concertation avec le ministre de la Fonction Publique et celui des Finances, ainsi que les autorités locales, afin de compléter une feuille de route pour la résolution des problèmes identifiés.
Il a également mentionné, toujours selon Sud Quotidien, que : « Nous sommes bientôt en train de valider les fonds de dotation à une partie que nous considérons pouvoir utiliser comme appui et ça nous permettra très rapidement de pouvoir sortir de cette situation. » Le ministre a par ailleurs précisé que l’ensemble des maires ont salué le travail accompli jusque-là, marquant ainsi un pas important vers l’amélioration des conditions de travail dans les collectivités territoriales.",Une amélioration en vue pour les travailleurs des collectivités locales,"['Centre National de Formation et de Perfectionnement des Agents des Collectivités Locales', 'CNFPLF']",politics,0.4215,0.46859467029571533,True
60,9143c153-fc6e-4c19-9537-2b4952bd3cce,https://senego.com/abdourahmane-sarr-il-ne-nous-reste-a-present-qua-gerer-notre-avenir-dans-la-verite_1819126.html,2025-03-25 15:10:13+00:00,"« Le Sénégal est un grand pays, non seulement démocratique, mais aussi résolument engagé dans la transparence et la bonne gouvernance, avec un nouveau leadership politique », a déclaré le Ministre de l’Économie, du Plan et de la Coopération sur sa page Facebook, après sa rencontre avec le FMI.
Pour Abdourahmane Sarr, « la question de la sous-estimation de nos déficits et de notre endettement est désormais actée et appartient au passé. Le Sénégal est déterminé à honorer tous ses engagements et à maintenir une dette non seulement soutenable, mais également sur une trajectoire descendante. »
D’après lui, « il ne nous reste à présent qu’à gérer notre avenir dans la vérité, en concertation avec les populations et tous nos partenaires, et avec responsabilité, afin de donner corps à notre aspiration à un Sénégal souverain, juste et prospère. »",Abdourahmane Sarr : « Il ne nous reste à présent qu’à gérer notre avenir dans la vérité…»,"['FMI', 'Ministre de l’Économie', 'Coopération']",business,0.743,0.22668561339378357,False
61,d1199b73-4574-4e26-8a57-5a085d9c45f1,https://senego.com/senegal-togo-dakar-dem-dikk-se-mobilise-pour-assurer-le-transport-au-stade-abdoulaye-wade_1819127.html,2025-03-25 15:05:37+00:00,"Les bus Dakar Dem Dikk faciliteront le transport aux supporters de l’équipe nationale pour le, match qui opposera le Sénégal au Togo dans le cadre de la 6e journée des éliminatoires de la Coupe du Monde 2026.
Dans le cadre de la rencontre Sénégal – Togo, prévu ce 25 mars au stade Abdoulaye Wade de Diamniadio, un dispositif de Dakar Dem Dikk SA sera mis en place pour assurer le transport des supporters.
Les points de départ seront Médina, Pikine, Rufisque, des HLM Grand Yoff et Thiès.
Dem Dikk vous invite à vivre le match Sénégal/Togo ce mardi 25 mars 2025 !

À partir de Médina, Pikine, Rufisque, des HLM Grand Yoff et Thiès, le transporteur officiel des grands événements vous conduit au stade Me Abdoulaye Wade pour assister à cette rencontre passionnante. pic.twitter.com/jmqKRH4yjO
— Dakar Dem Dikk L'officiel (@dakardemdikk1) March 25, 2025",Sénégal – Togo: Dakar Dem Dikk se mobilise pour assurer le transport au Stade Abdoulaye Wade,[],sport,0.9231,0.0,False
62,58877eba-8336-4e43-b5eb-94f4a393b607,https://senego.com/prorogation-de-limmatriculation-gratuite-des-deux-roues-deux-mois-supplementaires-pour-se-conformer_1819124.html,2025-03-25 14:40:51+00:00,"Les propriétaires de deux-roues peuvent souffler. Après que le délai initial de trois mois pour l’immatriculation gratuite ait expiré, une nouvelle prolongation de deux mois a été décidée. En conformité avec la Circulaire Primatorale n°00015/PM/CAB/CT-Infrastructure du 13 décembre 2024, cette décision intervient en réponse à la forte demande persistante des usagers.
Lors d’un point de presse tenu ce mardi à la sphère ministérielle Habib Thiam de Diamniadio, Yankhoba Diémé, ministre des Infrastructures et des Transports terrestres et aériens, a annoncé cette décision. Il a précisé que « le Premier Ministre a consenti à une prorogation exceptionnelle jusqu’au 25 mai 2025 ». Le ministre a souligné qu’aucun délai supplémentaire ne serait accordé après cette date.
M. Diémé a exhorté les propriétaires retardataires à se diriger rapidement vers les services compétents pour immatriculer leurs motos. « Nous offrons une seconde chance pour répondre aux exigences légales sans risquer d’amendes ni d’immobilisation par les forces de défense et de sécurité », a-t-il déclaré. « À compter du 25 mai 2025, toute moto non immatriculée sera considérée en infraction et sera sévèrement sanctionnée. »
Comme le note un article de nos confrères de Sud Quotidien, cette mesure vise à assurer que l’ensemble des propriétaires de deux-roues s’aligne sur les exigences légales, évitant ainsi des sanctions potentielles. Les contrevenants s’exposent à des amendes et à l’immobilisation immédiate de leurs véhicules.",Prorogation de l’immatriculation gratuite des deux-roues : deux mois supplémentaires pour se conformer,"['Transports terrestres', 'CAB', 'PM']",politics,0.4404,0.23355570435523987,False
63,35c9c8e0-e6ac-46d9-9cf6-5d18a0ed17ce,https://senego.com/arrestation-en-cisjordanie-hamdan-ballal-co-realisateur-palestinien-interpelle_1819121.html,2025-03-25 14:20:46+00:00,"Hamdan Ballal, l’un des co-réalisateurs du documentaire oscarisé « No Other Land », a été arrêté en Cisjordanie occupée. L’incident s’est déroulé dans le contexte de tensions croissantes dans le village de Susya.
Des activistes locaux ont signalé que des Israéliens ayant usurpé des terres palestiniennes ont attaqué ce village. L’intervention de l’armée israélienne s’est faite après des violences survenues lundi soir.
Cinq activistes juifs américains, présents pour documenter l’événement, ont également été pris pour cible. Leur véhicule a été endommagé par des jets de pierres. Hamdan Ballal, qui se trouvait sur place, a également été blessé lors de cette attaque.
Dans une déclaration de l’armée israélienne, il est indiqué que trois Palestiniens, dont Ballal, soupçonnés de jeter des pierres, ainsi qu’un Israélien, ont été arrêtés. L’armée affirme avoir voulu réprimer ces incidents dans le village de Susya.
Le documentaire « No Other Land » dépeint la lutte des Palestiniens contre la politique de démolition et d’exil menée par l’armée israélienne à Mesafir Yatta. Ce film a récemment remporté l’Oscar du meilleur documentaire. Ballal faisait partie intégrante de l’équipe à l’origine de ce projet cinématographique important.
Le texte original de cet article, traduit du turc par Tuncay Çakmak, a été initialement publié par nos confrères de l’Agence Anadolu.","Arrestation en Cisjordanie : Hamdan Ballal, co-réalisateur palestinien, interpellé","['Cinq activistes juifs américains', 'Agence Anadolu']",entertainment,0.1027,0.1865520030260086,False
64,721b1d85-76b8-40bb-a012-6cd91b5c7905,https://senego.com/liban-frappe-israelienne-elimine-un-commandant-du-hezbollah_1819118.html,2025-03-25 14:00:41+00:00,"Selon un communiqué de l’armée israélienne, une frappe aérienne menée dans le sud du Liban a entraîné la mort de Hassan Kamal Halawi, un commandant du Hezbollah, le lundi dans le district de Nabatieh. Halawi était reconnu comme étant à la tête de l’unité antichar du Hezbollah, jouant un rôle crucial dans le transport et l’armement des combattants au sud du Liban.
Aucune réaction n’a encore été émise par le Hezbollah ou les autorités libanaises à la suite de cette annonce israélienne. Cette situation intervient alors qu’un cessez-le-feu fragile, en vigueur depuis novembre, avait mis fin à une série de combats transfrontaliers entre Israël et le Hezbollah. Ceux-ci avaient éclaté en un conflit ouvert en septembre.
D’après les autorités libanaises, Israël a enfreint le cessez-le-feu plus de 1 200 fois, causant la mort de 100 personnes et blessant 330 autres. L’accord stipulait qu’Israël devait se retirer du sud du Liban d’ici le 26 janvier. Cependant, face à son refus, ce délai a été repoussé jusqu’au 18 février. Néanmoins, Israël conserve encore des troupes sur cinq avant-postes frontaliers.
Ces informations ont été rapportées par nos confrères de l’agence Anadolu à Jérusalem et Istanbul, sous la plume d’Abdelraouf Arnaout et Rania Abu Shamala, et traduites de l’anglais par Adama Bamba.",Liban : Frappe israélienne élimine un commandant du Hezbollah,"['Frappe israélienne', 'Hezbollah']",politics,-0.2023,0.2091587781906128,False
65,fa3d07d0-eab3-4a50-84f5-31940410aec9,https://senego.com/fanta-mboup-exprime-sa-douleur-face-aux-condamnations-de-nogaye-kara-et-zale-mbaye_1819115.html,2025-03-25 13:45:47+00:00,"La récente affaire impliquant Nogaye Kara et Zale Mbaye continue de faire couler beaucoup d’encre. C’est à cette occasion que Fanta Mboup a pris la parole pour partager sa tristesse.
Visiblement émue, Fanta Mboup a déclaré : « Ce qui me fait le plus mal c’est qu’on dise que c’est à cause de mon anniversaire que tout cela s’est passé. Le fait qu’on condamne Nogaye et Zale à 3 mois de prison ferme m’a vraiment déstabilisée… », a-t-elle confié en larmes.
Nous avons pu lire cette déclaration sur le site de nos confrères de Kawtef, partageant ainsi les réactions de la principale intéressée face à la situation qui l’affecte profondément.",Fanta Mboup exprime sa douleur face aux condamnations de Nogaye Kara et Zale Mbaye,['Zale'],sport,-0.7096,0.22020183503627777,False
66,61895492-04e5-4f3a-93b7-a1bb5fcf527a,https://senego.com/france-deux-deputes-ecologistes-portent-plainte-contre-manuel-valls-pour-propos-juges-stigmatisants_1819111.html,2025-03-25 13:40:49+00:00,"Selon le site d’Anadolu, deux députés du groupe écologiste en France, Benjamin Lucas et Léa Balage El Mariky, ont décidé ce mardi de saisir la justice après des déclarations du ministre des Outre-mer, Manuel Valls. Ces propos, tenus lundi sur la chaîne Europe 1-CNews, ont été qualifiés de stigmatisants pour la communauté musulmane.
Valls avait affirmé : « Ce qui a changé depuis 25 ans, c’est qu’elle vient essentiellement du monde arabo-musulman cette haine des Juifs, en France comme ailleurs ». Cette déclaration a été jugée « choquante à plusieurs titres » par Benjamin Lucas, qui s’est exprimé sur Sud Radio. Il reproche à Valls de mettre une catégorie de la société « à part » et d’accuser les musulmans, qu’ils soient d’origine arabe « réelle ou supposée », d’être responsables de l’antisémitisme en France.
De son côté, Léa Balage El Mariky s’est exprimée sur le réseau X pour critiquer l' »essentialisation » de ce qu’elle appelle un « pseudo monde arabo-musulman », estimant que cela « jette l’opprobre sur des millions de personnes » et « nourrit les amalgames ». Elle a rappelé que l’antisémitisme a des racines profondes dans l’histoire européenne et chrétienne, et que les « plus grands crimes antisémites » n’ont pas de lien avec ce que Valls appelle le « monde arabo-musulman ».",France : Deux députés écologistes portent plainte contre Manuel Valls pour propos jugés stigmatisants,['Sud Radio'],entertainment,0.5267,0.19332730770111084,False
67,9a8bd744-57e9-490c-9cdd-e726d26d1632,https://senego.com/bambaly-emeut-laudience-de-chez-wally-avec-ses-confidences_1819109.html,2025-03-25 13:40:47+00:00,"L’émission populaire « Chez Wally », présentée par Abba No Stress, a récemment mis en lumière l’artiste Bambaly, connu pour son talent exceptionnel et sa sensibilité artistique. Lors de cette apparition, Bambaly a su captiver l’attention de l’animateur et des internautes avec des récits empreints d’émotion.
Au cours de l’émission, Bambaly a partagé des moments intimes de sa vie et de sa carrière, abordant avec honnêteté les défis qu’il a dû surmonter. Ses souvenirs personnels, ses confidences poignantes et ses témoignages sincères ont touché une audience attentive, séduite par son humilité et sa reconnaissance.
Pour plus de détails sur cet entretien émouvant, nous vous invitons à consulter le site de nos confrères de Kawtef, où l’article original a été publié. Ce passage de Bambaly dans l’émission « Chez Wally » restera certainement dans les mémoires pour la profondeur et la sincérité des échanges qu’il a proposés.",Bambaly émeut l’audience de « Chez Wally » avec ses confidences,[],entertainment,0.3182,0.0,False
68,ba3fbb95-a166-4362-b626-f83ec7ad8f5a,https://senego.com/tourisme-les-acteurs-du-secteur-reunis-pour-valider-lavant-projet-du-code-du-tourisme-aligne-sur-la-vision-senegal-2050_1819080.html,2025-03-25 13:20:41+00:00,"Les acteurs du tourisme se sont réunis pour partager et valider un avant projet de 2023, ce mercredi 25 mars dans un hôtel de la place. Cet atelier renseigne sur le code du tourisme et des projets de textes d’application avec le référentiel des politiques publiques de la vision Sénégal 2050.
La rencontre présidée par Thierno Mademba Gaye, directeur de cabinet du ministre du tourisme et de l’artisanat consiste à réétudier le code du tourisme. C’est un avant-projet qui avait été soumis depuis 2023 mais qui n’était pas au bout du processus.
En raison du référentiel des politiques publiques de la vision Sénégal 2050, tous les textes seront obligés de s’aligner au référentiel. Pour un processus inclusif, le Dc invite le secteur privé à venir faire le travail avec l’administration. Des textes d’application des projets de décret seront examinés et ensuite soumis au gouvernement.
Le Dc est revenu sur les difficultés du secteurs touristique et espère des solutions idoines dans cet atelier.
Regardez",Tourisme : Les acteurs du secteur réunis pour valider l’avant-projet du code du tourisme aligné sur la Vision « Sénégal 2050 »,[],politics,0.6486,0.0,False
69,c276c8d4-e24c-4dd5-92cd-a22e0a62b92c,https://senego.com/jai-dechire-le-contrat-thierno-seydi-revient-sur-sa-separation-avec-habib-beye_1819097.html,2025-03-25 13:16:56+00:00,"L’agent de joueurs Thierno Seydi a été interpellé sur les extorsions de fonds commises par l’entourage proche des joueurs. Selon lui, il ne subit jamais ces pressions et préfère même se séparer du joueur si nécessaire. Il a ainsi donné l’exemple de sa rupture avec l’international sénégalais Habib Beye, dont il a géré toute la carrière jusqu’à la fin.
« Habib Beye était mon joueur jusqu’à la fin de sa carrière. Son grand frère, Abdou, me l’avait confié. Mais à un moment donné, il a commencé à prendre la grosse tête. J’ai alors appelé son grand frère pour lui en parler. Lui non plus ne comprenait pas vraiment l’attitude de son petit frère. Pour le rassurer, je lui ai dit : ‘Mets-toi à l’aise, grand’. »
C’est ainsi qu’il est allé voir Habib Beye pour lui demander de rompre le contrat, qui arrivait à échéance dans six mois. À ce moment-là, ils avaient des divergences sur leur vision des choses. « J’ai déchiré le contrat », a-t-il conclu.",« J’ai déchiré le contrat » : Thierno Seydi revient sur sa séparation avec Habib Beye…,[],sport,0.875,0.0,False
70,6821b5eb-1b7c-48cd-90f6-df2d73964ad5,https://senego.com/anacim-previsions-meteorologiques-detaillees-pour-chaque-region-du-senegal-valables-mardi-et-mercredi_1819100.html,2025-03-25 12:50:51+00:00,"L’Agence Nationale de l’Aviation Civile et de la Météorologie (ANACIM) du Sénégal a émis son bulletin météo N°084, valable pour la période allant du 25 mars 2025 à 12h00 au 26 mars 2025 à 12h00. Selon les informations détaillées disponibles sur le site de l’ANACIM, un temps ensoleillé prédominera sur la moitié nord et le centre du territoire sénégalais, tandis que des passages nuageux sont prévus au sud-est.
En ce qui concerne les températures, une chaleur marquée est attendue à l’intérieur du pays, particulièrement dans les localités du centre, du sud et de l’est, où les températures journalières maximales oscilleront entre 38°C et 44°C. À Dakar, les températures seront relativement clémentes. La fraîcheur nocturne et matinale sera présente le long du littoral, tandis que l’est du pays connaîtra des nuits relativement chaudes.
Les visibilités seront généralement bonnes sur une grande partie du pays, bien que des particules de poussière en suspension puissent être légèrement notées sur les régions côtières. Les vents seront de secteur nord, d’intensité faible à modérée.
Voici les prévisions détaillées par région, valables pour les journées de mardi et mercredi :
Dakar : Temps ensoleillé, températures clémentes entre 20°C et 25°C, vent nord modéré.
Thiès : Temps ensoleillé, températures chaudes entre 18°C et 34°C, vent nord modéré. Mbour : Temps chaud, températures entre 20°C et 39°C, vent nord modéré.
Saint-Louis : Temps ensoleillé, températures chaudes entre 19°C et 34°C, vent nord modéré.
Louga : Temps ensoleillé, températures chaudes entre 19°C et 38°C, vent nord modéré à assez fort. Podor : Temps chaud, températures entre 23°C et 36°C, vent nord faible à modéré. Linguère : Temps chaud, températures entre 24°C et 40°C, vent nord faible à modéré.
Diourbel : Temps ensoleillé, températures chaudes entre 22°C et 40°C, vent nord faible à modéré.
Kaffrine : Temps ensoleillé, températures très chaudes entre 25°C et 43°C, vent nord faible à modéré.
Fatick : Temps ensoleillé, températures chaudes entre 20°C et 40°C, vent nord faible à modéré.
Kaolack : Temps ensoleillé, températures chaudes entre 23°C et 40°C, vent nord faible à modéré.
Tambacounda : Temps ensoleillé, températures chaudes entre 28°C et 42°C, vent nord faible à modéré. Koumpentoum : Temps chaud, mêmes températures.
Matam : Temps ensoleillé, températures chaudes entre 25°C et 41°C, vent nord faible à modéré. Goudiry : Temps très chaud, températures entre 25°C et 44°C, vent nord faible à modéré. Bakel : Temps très chaud, mêmes températures.
Kédougou : Passages nuageux, temps chaud, températures entre 29°C et 41°C, vent nord faible à modéré.
Kolda : Passages nuageux, temps chaud, températures entre 25°C et 41°C, vent nord faible à modéré.
Ziguinchor : Temps ensoleillé, températures chaudes entre 29°C et 41°C, vent nord à nord-ouest faible à modéré. Bignona : Temps chaud, mêmes températures.
Sédhiou : Temps ensoleillé, températures chaudes entre 25°C et 41°C, vent nord faible à modéré. Cap Skirring : Temps chaud, températures entre 20°C et 33°C, vent nord faible à modéré.
Ces informations météorologiques détaillées ont été rédigées à partir des données fournies par l’ANACIM, disponibles sur le site officiel de l’agence. Pour des informations plus précises ou des mises à jour, il est recommandé de consulter directement le site de l’ANACIM ou de contacter leurs services.","ANACIM : Prévisions météorologiques détaillées pour chaque région du Sénégal, valables mardi et mercredi",['Agence Nationale de l’Aviation Civile'],business,0.0,0.282231867313385,False
71,ca0ec11f-8f94-45f0-89b2-ed6f645885ef,https://senego.com/pawlish-mbaye-met-fin-a-la-collaboration-avec-wally-bambay-suite-a-un-reve-singulier_1819095.html,2025-03-25 12:25:41+00:00,"Wally Bambay, qui était connu pour travailler dans le restaurant géré par le comédien Pawlish Mbaye, a récemment quitté son poste. Cette information a été confirmée par Pawlish Mbaye lui-même.
Selon une vidéo rapportée par le site d’information Kawtef.com, Pawlish Mbaye a révélé avoir été perturbé par un rêve raconté par Wally Bambay. Ce rêve l’a suffisamment troublé pour qu’il décide d’interdire à Wally Bambay de continuer à travailler avec lui. Dans une déclaration partagée dans cette vidéo, il a expliqué : « Wally Bambay néna : da nginteu, malaka motah, ma néko mou tok… »
Cette situation paraît pour le moins inhabituelle, et laisse les observateurs s’interroger sur l’impact des rêves dans les décisions professionnelles. Détails de l’histoire sont à retrouver notamment sur Kawtef.com.",Pawlish Mbaye met fin à la collaboration avec Wally Bambay suite à un rêve singulier,[],entertainment,0.0,0.0,False
72,657a285a-af71-4497-b802-65191f953a0a,https://senego.com/dette-publique-guy-marius-reagit-aux-chiffres-du-fmi-macky-sall-et-ses-complices-doivent-etre-juges-pour-haute-trahison_1819087.html,2025-03-25 12:16:32+00:00,"La réaction de Guy Marius Sagna n’a pas tardé après la confirmation par le FMI de la dette cachée entre 2019 et 2024 sous le régime de Macky Sall. Le député exige un jugement pour l’ancien président Macky Sall et ses complices.
« Le Fonds monétaire international (FMI) dit qu’entre 2019 et 2024, une dette de 7 milliards de dollars (plus de 4000 milliards de FCFA) a été « cachée » par le président Macky Sall. Nous le savions déjà, car le Premier ministre Ousmane Sonko et la Cour des comptes avaient déjà informé le peuple », a souligné Guy Marius Sagna.
Il appelle donc à ce que justice soit rendue dans cette affaire. « Macky Sall et ses complices doivent être jugés pour haute trahison. »
Le député de Pastef ne s’est pas limité à réclamer des poursuites judiciaires, il exige également que « la responsabilité du FMI dans cette affaire soit établie ». « Où était et que faisait le FMI pendant tout ce temps ? », s’interroge-t-il.","Dette publique: Guy Marius réagit aux chiffres du FMI, « Macky Sall et ses complices doivent être jugés pour haute trahison »","['Pastef', 'FMI', 'Cour des', 'Fonds monétaire international']",politics,0.4404,0.23521289229393005,False
73,639712de-a9ed-49b0-839a-482b43c648e8,https://senego.com/augustin-senghor-ecarte-de-la-fifa-les-revelations-de-thierno-seydi-sur-un-complot-international_1819083.html,2025-03-25 12:15:19+00:00,"Thierno Seydi, agent de joueurs FIFA, a fait des révélations sur les raisons pour lesquelles le président de la FSF n’a pas été retenu parmi les six membres africains devant représenter la CAF au Conseil de la FIFA. Selon lui, en plus de la grande confiance qu’Augustin Senghor avait en lui-même, c’est une décision manigancée au plus haut sommet par le président de la FIFA, Gianni Infantino, et celui de la Fédération marocaine, Fouzi Lekjaâ.
« Jusqu’à la veille des élections, j’avais dit à certaines personnes qu’il se passait quelque chose contre le président de la Fédération sénégalaise de football : « Il y aura un coup d’État contre Augustin Senghor. » En tant qu’homme bien réseauté, lorsque j’ai eu l’information, j’ai alerté Augustin pour qu’il soit plus vigilant. Comment peut-on expliquer le rang du Sénégal et la position de Senghor dans le football africain, et que ces personnes soient élues à la gouvernance de la FIFA en laissant Augustin Senghor de côté ? »
Selon lui, cela a été manigancé par Infantino, en complicité avec le président de la Fédération marocaine, qui a des ambitions pour devenir président de la CAF.
Il a précisé qu’Augustin est un homme respecté à l’international et n’est pas quelqu’un qui baisse les bras. Il reste toujours ferme dans ses convictions. « C’est une grande injustice », a-t-il fustigé sur la 2stv.
Il ajoute : « Ce qui a fait tromper Augustin, c’est qu’il a été un peu naïf, pensant que c’était déjà acquis, parce que tous les signaux indiquaient qu’il devait être parmi les élus. »",Augustin Senghor écarté de la FIFA : Les révélations de Thierno Seydi sur un complot international…,"['CAF', 'Conseil de la FIFA', 'Fédération sénégalaise de football', 'FIFA']",sport,-0.4588,0.18251553177833557,False
74,9e5d15de-5e1f-438a-bb06-a35a7a7006f2,https://senego.com/france-les-grands-parents-demile-disparus-en-2023-places-en-garde-a-vue_1819085.html,2025-03-25 11:40:43+00:00,"Les grands-parents maternels d’Émile, un jeune garçon disparu en juillet 2023 dans les Alpes-de-Haute-Provence, ont été mis en garde à vue pour « homicide volontaire » et « recel de cadavre », comme le rapporte notre confrère d’Anadolu, Fatma Ben Amor. Cette annonce a été faite par le procureur de la République d’Aix-en-Provence, Philippe Vedovini.
Parallèlement, deux des enfants du couple, qui sont les oncles ou tantes de l’enfant, se retrouvent également en garde à vue. Leur identité n’a pas été communiquée pour le moment. Le 25 mars 2025, ces mesures ont été prises à Marseille par les équipes d’enquête.
Ces actions s’inscrivent dans un cadre plus large d’examen minutieux des preuves recueillies au fil des mois. Une perquisition a lieu dans la maison des grands-parents, et le véhicule du grand-père, Philippe Vedovini, a été saisi selon BFMTV. D’autres membres de la famille seront entendus sous d’autres formes d’interrogatoire, selon un rapport du Figaro.
Le Parisien souligne que des écoutes téléphoniques ont révélé des tensions entre les parents d’Émile et ses grands-parents. Utile de rappeler que le 8 juillet 2023, Émile avait disparu à son arrivée chez ses grands-parents pour les vacances d’été, susciant une vive émotion en France. Après neuf mois de recherches infructueuses, des restes osseux avaient été découverts le 30 mars 2024 par une randonneuse.","France : Les grands-parents d’Émile, disparus en 2023, placés en garde à vue","['BFMTV', 'Le Parisien', 'Figaro']",politics,0.3182,0.17943711578845978,False
75,54c66765-34a1-4885-a83c-e2f085c8917c,https://senego.com/affaire-badara-gadiaga-sortie-de-bouba-ndour-et-communique-pastef-ngouda-mboup-sans-langue-de-bois_1819061.html,2025-03-25 11:22:56+00:00,"Une réaction ferme sur l’affaire Badara Gadiaga
Invité de l’émission Mbegté Koor sur Seneweb, Ngouda Mboup, président de la Haute Autorité de Régulation de Pastef, s’est exprimé sur la polémique née des propos injurieux de Badara Gadiaga à l’encontre du Premier ministre Ousmane Sonko sur la TFM. Il a révélé avoir été informé avant la publication du communiqué de Pastef interpellant le CNRA et le CORED, soulignant ainsi la structuration du parti.
Un appel au respect dans le débat public
Sur la nécessité d’un communiqué face aux déclarations d’un chroniqueur, Ngouda Mboup a insisté sur l’importance du respect des institutions. « On peut débattre, mais dans le respect, le savoir et l’éthique. Les paroles déplacées n’ont pas leur place dans un débat public », a-t-il déclaré. Il a dénoncé les propos tenus sur Sonko et rappelé l’affaire Amy Ndiaye Gniby pour illustrer la nécessité d’un débat démocratique serein.
La responsabilité du présentateur et de la chaîne
Ngouda Mboup a également souligné le rôle du présentateur dans la régulation des discussions, insistant sur sa responsabilité dans le bon déroulement des échanges. Interpellé sur les prises de position virulentes d’Ousmane Sonko à l’égard de l’ancien président Macky Sall, il a affirmé que « l’on ne doit pas justifier une sortie malheureuse par une autre ». Selon lui, Sonko, bien qu’au pouvoir, reste la cible de nombreuses attaques sans pour autant s’en lamenter, ce qui justifie, selon Pastef, le boycott de la TFM.
Une critique des propos de Bouba Ndour
Concernant la réaction de Bouba Ndour, directeur des programmes de la TFM, qui affirmait que les chroniqueurs sont seuls responsables de leurs propos dans l’émission Jakaarlo, Ngouda Mboup a contesté cette position. Il estime que les journalistes doivent éviter certaines dérives et que la TFM aurait dû présenter des excuses officielles via un communiqué institutionnel.
Vidéo sur la sortie de Bouba Ndour","Affaire Badara Gadiaga, sortie de Bouba Ndour et Communiqué Pastef : Ngouda Mboup sans langue de bois","['Pastef', 'Communiqué Pastef', 'TFM', 'Mbegté Koor', 'CORED', 'CNRA', 'Haute Autorité de Régulation']",business,0.8074,0.2385031133890152,False
76,a9e0b9a1-47c1-4b73-b187-7392d8cf23b1,https://senego.com/tunisie-risques-de-hausse-de-la-mortalite-infantile-suite-aux-coupes-de-laide-internationale_1819077.html,2025-03-25 11:20:46+00:00,"Les réductions des aides internationales pourraient provoquer une hausse de la mortalité infantile, mettant en péril des décennies d’avancées réalisées pour réduire les décès d’enfants de moins de cinq ans à travers le monde, a averti l’ONU ce lundi 24 mars. Selon un rapport annuel conjoint de l’Unicef, de l’Organisation mondiale de la santé (OMS) et de la Banque mondiale (BM), relayé par le quotidien suisse Le Temps, cette préoccupation ne désigne pas nommément les États-Unis. Néanmoins, sous l’administration de Donald Trump, la majorité des programmes de l’agence américaine de développement, USAID, dotée d’un budget annuel de 42,8 milliards de dollars, a été annulée.
En 2023, les décès d’enfants de moins de cinq ans ont continué de diminuer, atteignant 4,8 millions, dont 2,3 millions de nouveaux-nés de moins d’un mois. Après être passée sous les 5 millions pour la première fois en 2022, ce chiffre historique représente une réduction de 52% depuis l’an 2000. Cependant, comme l’a observé Fouzia Shafique, responsable de la santé à l’Unicef, « 4,8 millions, c’est 4,8 millions de trop ». Elle souligne que « la communauté internationale de la santé ne peut pas être plus inquiète ».
Catherine Russell, responsable en chef de l’Unicef, a mis en garde contre un retour en arrière de ces progrès durement acquis sans les choix politiques appropriés et les investissements nécessaires. « Nous ne pouvons pas laisser faire ça », a-t-elle insisté dans un communiqué. Les régions telles que l’Afrique subsaharienne et l’Asie du Sud, où les taux de mortalité infantile sont déjà élevés, risquent de subir les conséquences les plus graves des réductions financières.
« Pour le dire simplement, si le soutien aux services vitaux n’est pas maintenu, de nombreux pays peuvent s’attendre à une recrudescence des morts de nouveaux-nés et d’enfants », a averti la Directrice générale de l’Unicef. Les effets des coupes budgétaires se manifestent déjà par des pénuries de personnel médical, des fermetures de cliniques, des perturbations des programmes de vaccination, et un manque de traitements pour des maladies telles que le paludisme.
Un rapport secondaire des mêmes agences fait état d’une stagnation quasi-totale des « mortinaissances » – bébés décédés après 28 semaines de grossesse, avant ou pendant l’accouchement – avec environ 1,9 million de cas en 2023. « Chaque jour, plus de 5 000 femmes subissent l’expérience déchirante d’avoir un bébé mort-né », déplorent l’Unicef, l’OMS et la BM. Le texte intégral peut être consulté sur le site de nos confrères de Anadolu.",Tunisie : Risques de hausse de la mortalité infantile suite aux coupes de l’aide internationale,"['OMS', 'ONU', 'communauté internationale de la santé', 'Directrice générale de l’Unicef', 'Banque mondiale', 'Organisation mondiale de la santé', 'Unicef', 'BM', 'USAID']",business,-0.6369,0.294285386800766,False
77,80d9311b-e5ad-4787-af8a-4cb23f1d9480,https://senego.com/senegal-togo-le-lions-dans-lobligation-de-gagner-pour-se-rassurer-et-se-relancer_1819064.html,2025-03-25 11:19:31+00:00,"Le Sénégal accueille le Togo dans le cadre de la 6e journée des éliminatoires de la Coupe du monde 2026. Tenu en échec par le Soudan, Pape Thiaw et ses hommes sont dans l’obligation de gagner afin de se relancer dans la poule B.
Troisième de la poule B avec deux points de retard sur le leader, Soudan, le Sénégal n’a pas le droit à l’erreur ce soir face au Togo. Le coup d’envoi sera donné à 21hy GMT au Stade Abdoulaye Wade.
Après six journées, les Lions occupent la 3e place du groupe B avec 9 points, à deux unités du leader, le Soudan, et à une longueur de la RD Congo, qui est 2e. Une position surprenante, car la première place semblait être promise à l’équipe de Sadio Mané. Les champions d’Afrique 2022 n’ont remporté que deux matchs, laissant échapper trois matchs nuls contre la RDC, le Togo et, samedi dernier, le Soudan.
𝙅𝙊𝙐𝙍 𝘿𝙀 𝙈𝘼𝙏𝘾𝙃 | Le Sénégal affronte ce soir le Togo dans le cadre de la 6e journée des éliminatoires de la Coupe du Monde 2026.
⏰ Coup d’envoi : 21h00 GMT
📺 Match à suivre en direct sur la RTS 1
📲 #SENTOG | #WC2026Q pic.twitter.com/t3CMXgmtKC
— Equipe du Sénégal (@GaindeYi) March 25, 2025",Sénégal – Togo: Le Lions dans l’obligation de gagner pour se rassurer et se relancer,"['Match', 'Lions', 'Equipe du Sénégal', 'Coup', 'RTS 1']",sport,0.3182,0.22376537322998047,False
78,aed356fe-8cef-4b8b-8fb7-49a3a425483f,https://senego.com/xalisso-la-nouvelle-serie-qui-scrute-le-pouvoir-de-largent_1819073.html,2025-03-25 11:15:56+00:00,"La question de savoir si l’argent fait le bonheur revient de manière récurrente dans la nouvelle série intitulée « Xalisso ». Avec la diffusion de l’épisode 52 de la saison 1, Evenprod nous plonge dans un univers où le paraître prime sur l’être, et où l’argent devient le baromètre des relations humaines.
Dans cette société où l’ostentation est souvent une réponse à des complexes, « Xalisso » pose un regard incisif sur l’empreinte indélébile que l’argent peut laisser. Ce bien matériel a-t-il le pouvoir d’effacer un passé douloureux ou de prédéterminer l’avenir ? La série aborde, non sans une touche d’humour, ces thématiques universelles et questionne la structure de la nouvelle bourgeoisie.
Evenprod propose ainsi une analyse audacieuse de l’influence de l’argent, passant au-delà des illusions habituelles et des impacts qu’il peut avoir sur la société. Ce contenu a été élaboré à partir des informations fournies par nos confrères de Kawtef.",Xalisso : la nouvelle série qui scrute le pouvoir de l’argent,[],tech,0.4767,0.0,False
79,3076b730-0c16-4b5f-a524-2a888e6a5b91,https://senego.com/france-la-validite-du-mandat-darret-contre-bachar-al-assad-bientot-examinee_1819069.html,2025-03-25 11:10:46+00:00,"La Cour de cassation française, la plus haute juridiction du pays, est sur le point de revoir la légalité d’un mandat d’arrêt visant Bachar al-Assad, l’ex-président syrien, pour complicité de crimes contre l’humanité. Selon Le Figaro, qui a cité une source judiciaire, cette audience se tiendra le 4 juillet prochain.
Ce mandat d’arrêt a été émis en novembre 2023 par des juges d’instruction du tribunal judiciaire de Paris. Les accusations portées concernent des attaques chimiques remontant à août 2013 dans la Ghouta orientale, où des centaines de civils auraient été tués. Le Parquet national antiterroriste (Pnat) soutient que Bachar al-Assad, en tant qu’ancien chef de l’État, doit bénéficier d’une immunité.
En juin 2024, le mandat avait été confirmé en appel malgré l’opposition du Pnat. Toutefois, un pourvoi a été formé par le parquet général de la Cour d’appel, dont l’examen est prévu pour début juillet. Les discussions porteront notamment sur l’exclusion ou non de l’immunité pour les actes qualifiés de crimes contre l’humanité selon le droit international, a détaillé Anne Leprieur, conseillère à la chambre criminelle, lors d’un colloque à la Cour de cassation.
Depuis son renversement en décembre par une coalition menée par le groupe Hayat Tahrir al-Sham, Bachar al-Assad s’est réfugié en Russie. Outre l’accusation de novembre 2023, il fait également face à un autre mandat pour complicité de crime de guerre pour un bombardement en 2017 à Deraa.
Comme l’a rapporté Anadolu, la décision de la Cour pourrait avoir des répercussions importantes sur les procédures internationales concernant l’immunité des anciens chefs d’État.",France : la validité du mandat d’arrêt contre Bachar al-Assad bientôt examinée,"['Hayat Tahrir al-Sham', 'Le Figaro', 'Parquet national antiterroriste', 'Cour']",business,-0.8402,0.2235410213470459,False
80,57818616-b2f6-436a-bf82-207fe1da2b39,https://senego.com/japon-dissolution-de-leglise-de-lunification-confirmee-par-la-justice_1819066.html,2025-03-25 11:00:40+00:00,"La justice japonaise a ordonné la dissolution de l’Église de l’Unification, un groupe religieux controversé fondé en 1954, comme l’ont rapporté les médias locaux. Cette décision fait suite à une demande déposée par le ministère japonais de l’Éducation et de la Culture en 2023.
Selon Kyodo News, le tribunal de district de Tokyo a déclaré que l’Église sera privée de son statut de société religieuse, ce qui lui faisait bénéficier d’avantages fiscaux. Toutefois, l’organisation pourra continuer à exercer ses activités au Japon.
L’Église de l’Unification est connue pour ses mariages de masse et sa méthode agressive de sollicitation de dons. Initialement fondée par un groupe anticommuniste en Corée du Sud, elle est souvent désignée comme une secte.
Les liens attribués entre certains membres du parti au pouvoir au Japon et cette organisation religieuse ont affecté la confiance du public envers le parti, selon les informations relayées par Anadolu et traduites de l’anglais par Alex Sinhan Bogmis.",Japon : Dissolution de l’Église de l’Unification confirmée par la justice,"['Église de l’Unification', 'Éducation et de la Culture', 'Kyodo News']",entertainment,0.5267,0.16552479565143585,False
81,3693b9c2-e8a9-4640-9b35-37d77968f5ed,https://senego.com/aviator-ci-aviator-game-guide-complet_1819056.html,2025-03-25 10:51:04+00:00,"Vous aimez les avions et les paris ? N’en dites pas plus, nous avons ce qu’il vous faut. La plateforme Aviator CI répertorie tous les meilleurs casinos en ligne où vous pouvez profiter du très célèbre jeu Aviator. Ce jeu de crash populaire peut vous faire gagner plusieurs fois votre mise en quelques secondes.
Qu’est-ce qu’Aviator Game ?
L’Game fait partie de la catégorie des jeux de crash. Les jeux de crash sont des jeux rapides, avec des règles simples et un potentiel de gain très élevé. Le jeu met en scène un avion qui vole dans le ciel et qui se crash au bout d’un moment. Le gameplay est facile : 
Vous définissez votre mise pour le prochain vol
L’avion décolle et le multiplicateur commence à 1
Il vole dans les airs et le multiplicateur grossit
Quand vous trouvez le moment judicieux, vous sautez de l’avion : votre mise sera multipliée par le multiplicateur au moment de votre sortie. Si vous n’êtes pas sorti avant que l’avion ne tombe, vous perdez votre mise.
Il faut savoir que c’est un jeu multi-joueurs. Vous ne serez pas le seul à faire vos paris sur un vol. Vous pourrez consulter les mises et les échappées des autres joueurs en temps réel. Grâce au chat en direct présent, vous pourrez même discuter avec les autres parieurs. Tous les joueurs voient leur mise décoller et faire des profits au même moment.
Un site populaire
Le site sur Internet Aviator-CI est une bonne entrée pour jouer au jeu. En plus de vous donner tous les détails du jeu, il tient à jour une liste des meilleurs casinos où jouer. Vous pourrez, notamment, retrouver les casinos, mais aussi des offres exclusives pour jouer sans trop dépenser.
Vous pourrez aussi trouver toutes les informations pour télécharger Predictor Aviator APK. Vous pouvez ouvrir un Predictor Aviator compte gratuit pour consulter la prédiction des résultats de l’avion et sortir au bon moment. Les résultats qu’elle prédit ne sont pas forcément les résultats qui arrivent. L’app prend en compte une grande base de données. Elle fait des statistiques pour essayer de prédire le résultat à venir. 
Les meilleures stratégies
Il ne faut pas oublier qu’Aviator est un jeu rapide. Votre stratégie doit s’adapter en conséquence. Il en existe plusieurs qui permettent d’optimiser ses parties de jeu. Mais, il ne faut jamais oublier qu’Aviator est un jeu qui repose sur le hasard. Son algorithme est équitable et fiable, il est donc impossible d’être certain de son résultat.
Cependant, voici quelques stratégies qui peuvent y être appliqué : 
Sortir tôt de l’avion : ici, vous n’essayez pas d’obtenir le plus gros gain possible, mais de nombreux petits gains. Par exemple, miser 50 € et sortir à x1,5 vous permet quand même de récupérer votre mise et faire un bénéfice de 25 €. 
Utilisez une stratégie de mise progressive : certaines méthodes comme la Martingale ou Paroli sont à appliquer sur une série de mise. Vous misez plus ou moins en fonction du résultat de la partie précédente. 
Ne pas rejouer ses gains : vous pouvez vous fixer un budget et ne jouez que ce budget sans jamais rejouer vos gains. Par exemple, vous avez un budget de 100 €, même si vous gagnez 200 €, vous ne dépensez pas ces gains dans de nouvelles parties.
Télécharger Aviator Predictor : cette app vous donne un second avis sur les résultats potentiels d’une partie.
Il existe d’autres stratégies possibles pour les jeux d’argent sur Internet, mais elles ne sont pas forcément très adaptées au gameplay.
Conseils pour réussir ses paris
Pour placer les meilleurs paris possibles, voici 8 conseils clés : 
Fixez-vous un budget et respectez-le
Utilisez des stratégies pour optimiser vos gains
Comprenez comment jouer au jeu Aviator et n’hésitez pas à regarder quelques parties avant de vous lancer pour bien comprendre la mécanique de jeu
Choisissez une plateforme fiable et sécurisée qui s’assure que le jeu est honnête
Regardez les autres joueurs pour comprendre leur stratégie et vous en inspirer
Restez informé sur les évolutions du jeu grâce
Profitez des bonus des casinos et des plateformes de jeu pour augmenter votre bankroll
Amusez-vous, si le jeu n’est plus divertissant et génère des émotions négatives, arrêtez de jouer
Le but d’Aviator est de vous divertir. C’est un jeu plein d’adrénaline avec lequel vous pouvez jouer n’importe où. Si vous voyez que le jeu commence à prendre une trop grande place dans votre vie, n’hésitez pas à en parler. Le jeu responsable est la clé des gains et de l’amusement sur les jeux d’argent en ligne.",Aviator-CI & Aviator Game : comment faire des paris réussis,"['Aviator CI', 'Conseils pour réussir ses paris']",tech,0.9834,0.26994627714157104,False
82,a91ef489-aaf2-4bab-9356-ba33d10cda6d,https://senego.com/pape-cheikh-diallo-sexprime-sur-le-spot-contre-la-stigmatisation-des-femmes-sans-enfants_1819054.html,2025-03-25 10:35:46+00:00,"Le spot publicitaire de Fatel, qui met en lumière la stigmatisation des femmes sans enfants, a suscité une réaction de Pape Cheikh Diallo lors de l’émission QG. Ce dernier a abordé les jugements que subissent ces femmes, depuis leur adolescence jusqu’à leur mariage.
Bijou Ndiaye, une autre intervenante, avait auparavant exprimé ses sentiments face à ces préjugés persistants, soulignant l’impact de ces stéréotypes sur la vie des femmes. Pape Cheikh Diallo a pour sa part rappelé que, selon lui, « seul Dieu décide de tout », un message visant à encourager à la tolérance et à une meilleure compréhension.
Ces observations ont été rapportées par nos confrères de Kawtef qui ont couvert les interventions lors de l’émission. L’initiative de Fatel et les réactions qu’elle a suscitées contribuent à ouvrir le débat sur un sujet délicat et souvent tabou dans la société.",Pape Cheikh Diallo s’exprime sur le spot contre la stigmatisation des femmes sans enfants,[],entertainment,0.25,0.0,False
83,91398632-8adb-4fef-82a4-4d51a81085ff,https://senego.com/etats-unis-jeffrey-goldberg-inclus-par-erreur-dans-un-groupe-de-discussion-confidentiel_1819051.html,2025-03-25 10:30:49+00:00,"La Maison Blanche a reconnu le 24 mars une erreur impliquant Jeffrey Goldberg, rédacteur en chef de The Atlantic. Ce dernier a été ajouté par inadvertance à un groupe de discussion confidentiel sur l’application Signal. Ce groupe réunissait des hauts responsables américains discutant de plans militaires concernant le Yémen, selon le média The Atlantic.
Le conseiller à la sécurité nationale, Mike Waltz, avait initié début mars un échange textuel avec dix-huit hauts responsables, notamment le vice-président J.D. Vance, le ministre de la Défense Pete Hegseth, et le secrétaire d’État Marco Rubio. L’objectif de cette discussion était d’aborder les frappes prévues contre les Houthis au Yémen.
Dans un article intitulé « Le gouvernement Trump m’a envoyé par erreur ses plans de guerre », Jeffrey Goldberg relate sa surprenante inclusion dans ce groupe de hauts fonctionnaires de la sécurité nationale américaine. Le 15 mars, des détails précis sur les frappes militaires imminentes contre le groupe rebelle yéménite ont été partagés, moins de deux heures avant que les premiers bombardements ne débutent.
Pete Hegseth, ministre de la Défense, a personnellement communiqué le plan à 11h44, révélant des informations détaillées sur les armes, les cibles et le calendrier. Après les attaques, une brève discussion a eu lieu entre responsables, exprimant leur satisfaction quant au succès de l’opération.
Selon un rapport de la chaîne CNN, la Maison Blanche a confirmé cette fuite, admettant l’usage d’une application de messagerie non sécurisée pour communiquer sur des sujets aussi sensibles, incluant par erreur un journaliste de renom. Le New York Times qualifie l’incident de « faille de sécurité extraordinaire ».
Ailleurs, le site d’information Axios note que l’utilisation de Signal pour discuter de telles informations classifiées est prohibée par le gouvernement américain. Des avocats spécialisés estiment que Mike Waltz pourrait avoir enfreint la loi sur l’espionnage par cette négligence.
Le Washington Post rapporte que l’article de The Atlantic a provoqué un retentissement auprès des officiers de la sécurité nationale à Washington, suscitant diverses critiques. J. D. Vance, vice-président, s’est notamment prononcé contre l’opération, la jugeant bénéfique surtout pour l’Europe.
Dans le débat qui s’ensuit au Congrès, l’opposition démocrate a sévèrement condamné la révélation accidentelle de ces plans stratégiques. Chuck Schumer, chef de la minorité démocrate au Sénat, a exigé une enquête exhaustive, alors qu’Hillary Clinton a exprimé sa stupeur via le réseau X.
Le président Donald Trump a, pour sa part, affirmé ne pas être informé de la situation, tout en rejetant l’influence de The Atlantic, déclarant son scepticisme face au média.
Ces informations ont été relayées par l’agence Anadolu, indiquant un événement marquant au niveau de la gestion des communications de sécurité nationale américaines.",États-Unis : Jeffrey Goldberg inclus par erreur dans un groupe de discussion confidentiel,"['The Atlantic', 'Washington Post', 'CNN', 'Sénat', 'Congrès', 'ministre de la Défense', 'New York Times']",entertainment,0.25,0.1837053745985031,False
84,1c07b5d7-b748-42ef-8bdd-df8f6b3e5075,https://senego.com/croissance-lunaire-cet-imam-demande-a-letat-de-trancher-sur-la-question-pour_1819034.html,2025-03-25 10:21:34+00:00,"Imam Mamadou Lamine a appelé les autorités à prendre leurs responsabilités pour mettre fin aux divergences sur la croissance lunaire, ce qui est même une exigence de l’islam.
Cette divergence sur la croissance lunaire dure depuis très longtemps. À l’époque, l’islam n’avait pas encore atteint une telle proportion.
Selon lui, aujourd’hui, seul le pouvoir étatique peut y remédier. C’est comme dans d’autres pays musulmans où l’État, après des consultations, prend une décision que tout le monde suit dans l’intérêt de la cohésion sociale.
Selon Imam Diop, le fait que les musulmans commencent et terminent le Ramadan ensemble est un objectif pour l’islam.",Croissance lunaire : Cet imam demande à l’État de trancher sur la question pour…,[],politics,-0.128,0.0,False
85,acd59120-00c0-4bd8-85ee-332145045a27,https://senego.com/affaire-badara-gadiaga-la-sortie-elegante-de-daouda-mine-qui-va-certainement-clore-le-debat-regardez_1819042.html,2025-03-25 10:05:13+00:00,"Le journaliste et chroniqueur judiciaire Daouda Mine s’est exprimé sur la polémique entourant la sortie de Badara Gadiaga lors de l’émission Jakaarlo sur la TFM. Invité de l’émission Mbegté Koor sur Seneweb, il a donné son avis sur cette affaire qui continue de faire couler beaucoup d’encre.
Une faute reconnue de Badara Gadiaga
Selon Daouda Mine, Badara Gadiaga a clairement fauté sur sa dernière sortie. Il rappelle que ce dernier était pourtant connu pour son impartialité et ses analyses percutantes. Cette sortie malheureuse ternit son image et pose la question du rôle et de la responsabilité des chroniqueurs dans le débat public.
Un désaccord sur le boycott de la TFM
Si Daouda Mine condamne les propos de Badara Gadiaga, il ne valide cependant pas l’appel au boycott de la TFM annoncé par certains membres du gouvernement. Pour lui, une telle décision reviendrait à limiter le pluralisme médiatique et à créer un précédent dangereux pour la liberté de la presse. Il prône plutôt un retour à l’éthique journalistique et à des débats plus sereins.",Affaire Badara Gadiaga : la sortie élégante de Daouda Mine qui va certainement clore le débat. regardez !,"['TFM', 'Mbegté Koor']",politics,-0.5574,0.23795641958713531,False
86,dfd2d3bd-7522-48da-ac6c-f349abc1f318,https://senego.com/lancien-ministre-de-leconomie-salue-lexercice-de-verite-des-nouvelles-autorites-sur-les-finances-publiques_1819040.html,2025-03-25 09:52:35+00:00,"Candidat à la présidence de la Banque Africaine de Développement (BAD), Amadou Hott a accordé un entretien à RFI. Lors de cette interview, l’ancien ministre de l’Économie sous Macky Sall a commenté le rapport de la Cour des comptes sur la gestion des finances publiques.
Amadou Hott, ex-ministre de l’Économie du Sénégal et candidat à la présidence de la Banque africaine de développement (BAD), a exprimé son avis sur le rapport de la Cour des comptes, qui a révélé des irrégularités dans la gestion des finances publiques durant le mandat de Macky Sall.
Amadou Hott a salué la démarche des nouvelles autorités qui ont choisi de mener un exercice de vérité sur la gestion des finances publiques, qualifiant cette transparence d’étape importante pour redresser la situation économique du pays. « Dans le long terme, le Sénégal sortira grand de cette exercice », a t-il déclaré.",L’ancien ministre de l’Économie salue l’exercice de vérité des nouvelles autorités sur les finances publiques,"['Économie du Sénégal', 'Cour des comptes sur la gestion des finances publiques', 'BAD', 'Économie', 'Cour des comptes', 'Banque Africaine de Développement', 'RFI', 'Banque africaine de développement']",politics,-0.6124,0.22739030420780182,False
87,26a560f1-48ca-4256-adde-6dd579171aca,https://senego.com/la-fondation-cheikh-ayah-senegal-distribue-1100-kits-alimentaires-pour-soutenir-les-familles-vulnerables_1819038.html,2025-03-25 09:35:44+00:00,"La Fondation Cheikh AyAh/Sénégal, initiée en 2022 en République Islamique de Mauritanie sous la houlette de Cheikh Talibouya Aydara, a procédé à la distribution de 1100 kits alimentaires aux familles sénégalaises les plus démunies. Cette initiative, marquée par son fort impact social et religieux, visait à alléger les épreuves rencontrées par de nombreux fidèles musulmans durant le mois de Ramadan.
Dans la région de Thiès, 150 kits alimentaires ont été attribués à des familles vulnérables, tandis que la région de Saint-Louis a également bénéficié de cette aide précieuse de la Fondation Cheikh AyAh/Sénégal. Chérif Beuya Aydara a assuré le suivi de ces opérations au Sénégal.
Lors d’un entretien accordé dimanche 23 mars, à Darou dans le faubourg de Sor, Cheikh Beuya a détaillé la distribution : 350 kits ont été octroyés aux résidents de la commune de Saint-Louis, 150 à ceux de Ngad dans la commune de Diama, 100 pour Rao, et Taba Treich a aussi reçu 100 kits. « Les bénéficiaires de Ngoumbeu Guéoul ont reçu 150 kits, et 100 autres ont été distribués aux ayants droit désignés par les services de l’Action sociale de Saint-Louis », a-t-il précisé.
Chaque kit comportait des éléments essentiels tels que 25 kg de riz, 3 kg de dattes, 5 litres d’huile, 5 kg de sucre, ainsi qu’un paquet de café et 400 g de lait en poudre. À Saint-Louis, la livraison a été effectuée sous la supervision de l’adjoint au Préfet, Abdou Khadre Dieylani Bâ, tandis que dans la commune de Diama, le maire Oumar Mboulé Sow s’est chargé de l’organisation efficace des opérations.
Le contenu de cet article, inspiré d’un texte de Yves Tendeng, a été rapporté par Sud Quotidien. Comme souligné par le journal, cette mobilisation démontre une solidarité manifeste envers les communautés en difficulté durant une période cruciale de l’année.",La Fondation Cheikh AyAh/Sénégal distribue 1100 kits alimentaires pour soutenir les familles vulnérables,['Action sociale de Saint-Louis'],business,0.0,0.2641354203224182,False
88,01e596bc-d923-4983-b557-aa2a1a6fffcc,https://senego.com/mbour-une-mere-accusee-davoir-empoisonne-ses-enfants-avec-du-kheme_1819036.html,2025-03-25 09:30:47+00:00,"Dans le quartier Médine de Mbour, un drame s’est produit le mardi 18 mars 2025. Selon nos confrères de Kawtef, une mère, Y. Tine, est suspectée d’avoir administré un poison à ses deux enfants, âgés respectivement de 1 et 4 ans, causant leur décès dans l’après-midi. Après cet acte tragique, elle aurait tenté de mettre fin à ses jours.
Le journal Libération, rapportant les faits dans son édition du mardi 25 mars, a annoncé que la suspecte a été « immédiatement placée en garde à vue au commissariat de Mbour après sa sortie d’hôpital ». Face aux enquêteurs, Y. Tine aurait « avoué être l’auteure » du double homicide, selon la même source.
Libération, se référant à des sources autorisées, précise que le certificat de genre de mort corrobore l’empoisonnement, qui aurait été commis à l’aide de cristaux de soude (khémé) dilués dans le repas des enfants. L’enquête est en cours afin d’éclaircir le mobile de ce crime, toujours selon nos confrères.",Mbour : Une mère accusée d’avoir empoisonné ses enfants avec du khémé,['Libération'],politics,-0.7906,0.29343777894973755,False
89,358c2191-e838-425c-aa26-c604f2f3fdc2,https://senego.com/revue-de-presse-wolof-zik-fm-du-mardi-25-mars-2025-par-mantoulaye-thioub-ndoye_1819017.html,2025-03-25 09:03:40+00:00,Revue de presse (Wolof) Zik FM du mardi 25 mars 2025 |Par Mantoulaye Thioub Ndoye,Revue de presse (Wolof) Zik FM du mardi 25 mars 2025 |Par Mantoulaye Thioub Ndoye,[],business,0.0,0.0,False
90,8dfe423b-615a-44e6-9aa3-9a634cb585c9,https://senego.com/a-sedhiou-un-plaidoyer-pour-la-paix-et-contre-la-migration-irreguliere_1819027.html,2025-03-25 09:01:03+00:00,"À Sédhiou, la cérémonie de fin de récital du Saint Coran à Oumoul Kourah a suscité une ferveur religieuse intense ce dimanche 23 mars. Cet événement, situé dans la commune rurale de Diaroumé, s’est tenu sous la présidence de Cheikh El Hadji Sidya Dramé, khalife général de Ndiama Pakao et fondateur de ce lieu de culte. Personnalité engagée, il cumule les rôles de président de l’Association nationale des Ouléma mandingues du Sénégal et d’Ambassadeur pour la Paix universelle.
Le plaidoyer du guide religieux s’est orienté vers trois thématiques majeures : la paix, la migration irrégulière et le développement local. Depuis le début du Ramadan, plus de 4 319 récitals du Saint Coran ont été effectués avec pour objectif de prier pour la paix en Casamance, au Sénégal et dans le monde. Cheikh El Hadji Sidya Dramé a déclaré : « Cette année, nous avons fait un cumul de 4.319 récitals de Coran pour formuler des prières, solliciter Allah, le Tout Puissant, à nous accorder la paix définitive ici en Casamance, la paix partout au Sénégal et dans le monde. C’est le premier intrant pour entreprendre toute activité de développement durable. J’ai également demandé aux gens d’adopter des comportements responsables pour pérenniser cette paix-là ».
Par ailleurs, l’enjeu de la migration marque les discours. Le khalife exhorte les jeunes à rester et à travailler dans leur pays. Il a souligné : « Ce qui se passe avec la migration des jeunes de nos terroirs vers l’occident est une catastrophe. Et pourtant, ce qu’ils rechignent de faire comme travail de la terre, c’est hélas ce qu’ils triment en Europe. Je leur demande de rester ici, d’accepter de travailler la terre et de réussir en paix chez eux ». Il a également fait un appel à l’État pour soutenir l’agriculture et créer des pôles industriels, afin de valoriser le potentiel local.
En outre, Cheikh El Hadji Sidya Dramé a adressé un plaidoyer pour l’amélioration de l’axe routier Carrefour Ndiaye/Sédhiou, sévèrement dégradé. L’urgence est de réhabiliter cette voie essentielle avant l’hivernage. Le maire de Diaroumé, Almamo Daffé, a également rendu hommage à El Hadji Sidya Dramé pour ses efforts en matière de consolidation de la paix et de développement local par l’agriculture et l’éducation.
Le sous-préfet de Diaroumé, Jean Baptiste Ngomath Sène, a quant à lui magnifié l’engagement du khalife dans l’éducation des jeunes et le développement local. Ses propos ont trouvé un écho favorable et devraient être transmis à la hiérarchie pour répondre aux besoins exprimés.
Ce compte-rendu a été rédigé à partir des informations relayées par le site de Sud Quotidien.","À Sédhiou, un plaidoyer pour la paix et contre la migration irrégulière",['Association nationale des Ouléma mandingues du Sénégal'],tech,0.0258,0.073837049305439,False
91,a2688997-ccc1-4084-aa91-5a5eb1ced864,https://senego.com/lafrique-confrontee-au-defi-de-la-gestion-de-leau-face-aux-changements-climatiques_1819024.html,2025-03-25 08:56:11+00:00,"La gestion des ressources en eau et de l’assainissement est devenue cruciale sur le continent africain, exacerbée par l’urgence des changements climatiques qui viennent complexifier l’accès à l’eau potable et aux infrastructures d’assainissement. Lors d’un webinaire, organisé par le Réseau Africain des Médias pour le WASH (RAM-WASH) et l’Association Africaine de l’Eau et de l’Assainissement (AAEA), des experts ont échangé sur la manière dont les changements climatiques amplifient les défis, notamment pour les populations urbaines.
François Olivier Gosso, Directeur exécutif de l’AAEA, a insisté sur l’importance de la coopération et du renforcement des capacités à travers l’Afrique. « […] Tous engagés pour une gestion plus efficace des services d’eau et d’assainissement, notre mission est de promouvoir la coopération, l’échange de bonnes pratiques et le renforcement des capacités à travers le continent africain », a-t-il déclaré, tel que rapporté par nos confrères de Sud Quotidien.
Il a souligné que les phénomènes climatiques, tels que la réduction des précipitations et les sécheresses, affectent gravement les réserves d’eau souterraines en Afrique, malgré l’absence de glaciers. La gestion intégrée des ressources en eau (GIRE) et des infrastructures résistantes apparaissent désormais indispensables pour affronter ces défis.
Daouda Sano, coordonnateur de l’ONG ACRA, a présenté les actions concrètes menées, notamment au Sénégal. Depuis 2006, le programme WASH en Casamance adopte des solutions locales pour garantir l’accès à l’eau potable à travers des projets innovants, comme l’installation de centrales solaires. Ces initiatives ont permis d’atteindre un solde positif grâce aux économies réalisées sur les énergies fossiles.
D’après Lucien Damiba de WaterAid Burkina Faso, 90 % des catastrophes climatiques mondiales sont liées à des problèmes d’eau. Les populations urbaines, représentant plus de la moitié de la population mondiale, sont particulièrement exposées. Des villes africaines comme Khartoum ou Addis-Abeba souffrent déjà des impacts du changement climatique avec de fréquents épisodes d’inondations et de sécheresses.
En Afrique, l’accès à l’eau potable doit être élargi à 500 millions de personnes supplémentaires d’ici 2030 pour répondre aux objectifs de durabilité, selon une information reçue par Sud Quotidien. Une action collective, un renforcement des capacités et l’innovation sont incontournables pour une gestion durable de l’eau sur le continent.
Moussa Thiam, Président du RAM-WASH, a souligné l’importance de l’eau comme ressource essentielle et a rappelé que l’accès équitable demeure un défi colossal face à la pression climatique et démographique. Les médias, grâce à leur rôle d’information et de sensibilisation, apparaissent comme un levier majeur de la transformation des débats en actions concrètes.",L’Afrique confrontée au défi de la gestion de l’eau face aux changements climatiques,"['ACRA', 'Association Africaine de l’Eau', 'Réseau Africain des Médias']",politics,0.8074,0.3991840183734894,True
92,c7be1253-cf03-4891-9808-07fe2046f474,https://senego.com/fuite-de-gaz-a-saint-louis-un-defi-pour-la-gestion-environnementale-des-ressources-extractives-au-senegal_1819021.html,2025-03-25 08:46:00+00:00,"Au Sénégal, la gestion des ressources extractives, notamment gazières, pose un défi environnemental majeur. La récente fuite de gaz survenue aux champs gaziers de Grande Tortue Ahmeyim (GTA), situés à Saint-Louis, a soulevé de vives inquiétudes quant aux impacts sur l’environnement engendrés par l’exploitation des hydrocarbures. Ce problème a émergé alors que l’exploitation gazière venait à peine de débuter officiellement le 31 décembre 2024.
Selon un communiqué du ministère de l’Énergie, du Pétrole et des Mines, la réparation de la fuite par l’opérateur, British Petroleum (BP), a été confirmée le 12 mars 2025. Les tests post-réparation n’ont révélé aucune fuite, indiquant ainsi une résolution de l’incident. Pourtant, la situation a ravivé les préoccupations des pêcheurs artisanaux locaux et a mis en lumière les enjeux de la protection de l’environnement et des ressources halieutiques.
La Direction de la Réglementation environnementale et du Contrôle (DREC) avait précédemment sollicité l’avis de la Commission néerlandaise pour l’Évaluation environnementale (CNEE) sur l’étude d’impact environnemental et social du projet GTA. Malheureusement, la commission a souligné certains manquements, notamment une exploitation insuffisante des données et une analyse incomplète des impacts environnementaux potentiels.
Le secteur minier sénégalais a également été pointé du doigt pour ses lacunes en matière de gestion environnementale. Une étude récente de la Direction des Mines a révélé que moins de la moitié des carrières ont fait l’objet d’une étude d’impact environnemental et social (EIES). La pollution due à l’exploitation traditionnelle de l’or, en particulier dans le cours d’eau de la Falémé, a conduit l’État à interdire l’orpaillage à proximité immédiate des cours d’eau.
Malgré l’instauration d’un Fonds de réhabilitation des sites miniers depuis 2003, celui-ci n’est pas encore pleinement opérationnel. Le président Bassirou Diomaye Faye, à l’occasion du Conseil des ministres du 29 janvier 2025, a réaffirmé la nécessité de mieux intégrer la dimension sociale et environnementale dans l’exploitation minière, en collaboration avec les collectivités territoriales.
Les efforts du gouvernement sénégalais visent également à renforcer la transparence dans la gestion des ressources naturelles. Le président Diomaye Faye a insisté sur l’importance de l’Initiative pour la Transparence dans les Industries Extractives (ITIE Sénégal) lors du Conseil des ministres du 12 mars 2025, encourageant un suivi rigoureux des pratiques du secteur.
Selon les informations relayées par Sud Quotidien, le ministre de l’Énergie, du Pétrole et des Mines, Biram Soulèye Diop, a récemment alerté sur le non-respect des règlements par les nouvelles demandes d’exploitation minière. Aucun des 484 nouveaux dossiers soumis entre décembre 2023 et septembre 2024 n’était conforme, mettant en lumière une réglementation souvent ignorée.
Dans le cadre d’une transparence accrue, le ministre a annoncé une réorganisation du secteur visant à obtenir une connaissance détaillée des activités minières et à encadrer davantage le secteur.
Ces informations ont été relayées par notre confrère, le site Sud Quotidien, qui a aussi mis en évidence les mesures envisagées par le gouvernement pour redresser la situation.",Fuite de gaz à Saint-Louis : un défi pour la gestion environnementale des ressources extractives au Sénégal,"['Industries Extractives', 'CNEE', 'DREC', 'BP', 'ministre de l’Énergie', 'Conseil', 'Direction de la Réglementation environnementale et du Contrôle', 'Fonds de réhabilitation des sites miniers', 'Commission néerlandaise', 'Direction des Mines', 'British Petroleum', 'ministère de l’Énergie', 'Initiative pour la Transparence']",entertainment,0.6486,0.43529996275901794,True
93,c3f0cde0-4092-4b7c-ae0b-7b635388363f,https://senego.com/alioune-badara-mboup-tfm-est-derriere-les-insultes-sur-les-nouvelles-autorites-ku-wax-feen_1818989.html,2025-03-25 08:45:05+00:00,"La sortie de Bouba Ndour, Directeur des programmes de TFM, suite aux propos insultants de Badara Gadiaga contre le Premier ministre Ousmane SONKO et le député Amadou Ba, est une démonstration éclatante du manque de responsabilité de ce média. Plutôt que de reconnaître la faute et de s’excuser, TFM joue aux équilibristes, cherchant à minimiser la gravité des faits et à détourner l’attention.
« Bouba Ndour adopte une posture hypocrite en prétendant que les propos n’engagent que leur auteur. Cette tentative grossière de dilution de responsabilité est un aveu à peine voilé du laxisme éditorial de TFM. Un média digne de ce nom contrôle ses contenus, veille au respect de la déontologie et assume pleinement ce qui est diffusé à l’antenne.
En refusant de condamner fermement les propos de son chroniqueur, TFM cautionne, voire encourage, les dérives verbales et la banalisation de l’injure comme mode d’expression publique.
Pire encore, Bouba Ndour se drape dans une fausse neutralité en appelant à la retenue, comme si les indignations légitimes face à des attaques aussi ignobles relevaient de l’excès. Bouba tente maladroitement d’inverser les rôles : la victime devient le problème, et l’auteur des insultes est déresponsabilisé. Une stratégie classique des médias qui, sous couvert de pluralisme, ouvrent leurs plateaux aux discours les plus violents et polarisants tout en feignant l’objectivité.
TFM ne se cache plus : elle est devenue une tribune offerte aux insulteurs du régime, un espace où l’invective prime sur le débat et où l’impunité est garantie pour ceux qui s’attaquent aux nouvelles autorités.
Le gouvernement et les autorités compétentes doivent prendre leurs responsabilités ou nous militants de PASTEF nous réglerons le problème si GFM continue de faire insulter le Premier Ministre et Président de PASTEF.
Il ne s’agit pas de museler la presse, mais d’exiger d’elle un minimum de rigueur et d’éthique, loin des jeux d’équilibrisme auxquels Bouba Ndour s’adonne avec un cynisme inquiétant. »
Alioune Badara Mboup",Alioune Badara Mboup : « TFM est derrière les insultes sur les nouvelles autorités! Ku wax feeň »,"['TFM', 'PASTEF', 'Président de PASTEF']",entertainment,0.4404,0.2780921757221222,False
94,0acfa273-744c-4280-8412-91ca523b0161,https://senego.com/ecoutez-la-revue-de-presse-francais-wolof-sud-fm-du-mardi-25-mars-2025-par-ndeye-marieme-ndiaye_1819003.html,2025-03-25 08:38:31+00:00,Ecoutez la revue de presse (Français – Wolof) SUD FM du mardi 25 mars 2025 | Par Ndèye Marième Ndiaye,Ecoutez la revue de presse (Français – Wolof) SUD FM du mardi 25 mars 2025 | Par Ndèye Marième Ndiaye,[],business,0.0,0.0,False
95,9175475b-7ffe-4468-a852-ef20ca2b56d4,https://senego.com/oustaz-modou-fall-nie-reconnaitre-adja-diallo-les-reactions-de-pape-cheikh-diallo_1819013.html,2025-03-25 08:36:06+00:00,"Dans l’émission télévisée QG, Pape Cheikh Diallo proposait à Oustaz Modou Fall, un prêcheur bien connu, d’identifier une personnalité. C’est en montrant une photo d’Adja Diallo que la scène s’est animée.
En effet, Oustaz Modou Fall, avec une sincérité surprenante, a juré sur Seydi El Hadji Malick qu’il n’avait jamais entendu parler d’Adja Diallo, ce qui a visiblement provoqué l’étonnement de Pape Cheikh Diallo. Ce dernier a tenté de rafraîchir la mémoire de son interlocuteur en lui présentant une photo de la personnalité en question. Cependant, Oustaz Modou Fall est resté ferme dans sa position, affirmant qu’il ne se souvient pas l’avoir vue quelque part.
Cette situation cocasse, relayée par nos confrères de Kawtef, montre la surprise d’un animateur face à la déclaration inattendue d’un invité, tout en illustrant la diversité des personnalités circulant au sein du milieu médiatique.",Oustaz Modou Fall nie reconnaître Adja Diallo : les réactions de Pape Cheikh Diallo,[],entertainment,0.1531,0.0,False
96,f3610749-fde5-4969-b1ee-219556e67f3b,https://senego.com/ecoutez-la-revue-de-presse-wolof-rfm-du-mardi-25-mars-2025-par-mamadou-mouhamed-ndiaye_1819005.html,2025-03-25 08:35:58+00:00,Ecoutez la revue de presse (Wolof) RFM du mardi 25 mars 2025 | Par Mamadou Mouhamed Ndiaye,Ecoutez la revue de presse (Wolof) RFM du mardi 25 mars 2025 | Par Mamadou Mouhamed Ndiaye,[],sport,0.0,0.0,False
97,fb5df3f0-a17a-4a41-ad33-ec79b65ed7d7,https://senego.com/le-fmi-confirme-la-cour-des-comptes-et-revele-une-dette-cachee-de-4250-milliard-de-fcfa-entre-2019-et-2024_1819002.html,2025-03-25 08:32:50+00:00,"Le Fonds Monétaire Internationale confirme les chiffre du rapport de la Cour des comptes et révèle une dette cachée de prés de 7 milliards de dollars soit 4250 milliard de FCFA entre 2019 et 2024.
En mission au Sénégal depuis ce 18 mars le FMI a constaté l’existence d’une dette « cachée » du Sénégal, estimée à environ 7 milliards de dollars. Un montant qui correspond à l’écart entre les deux estimations de la dette publique entre 2019 et 2024.
« Il y a eu une décision très consciente de sous-estimer le stock de la dette » pendant les cinq dernières années, affirme Eddy Gemayel à la tête de la délégation du Fonds monétaire international (FMI). « Donc on est d’accord avec la conclusion du rapport de la Cour des comptes », continue Eddy Gemayel. Un montant délibérément « caché » qui s’élève à environ 7 milliards de dollars, selon l’institution financière et qui correspond à la différence entre les deux estimations de la dette publique.
Un montant qui confirme les chiffres du rapport de la Cour des comptes
Selon un rapport publié le 12 février 2025, la Cour des comptes du Sénégal a révélé que la dette publique du pays était sous-estimée durant le mandat de l’ancien président Macky Sall (2019-2024). Les autorités précédentes avaient déclaré une dette équivalente à 70 % du PIB, tandis que la Cour des comptes a estimé que la dette réelle atteignait près de 100 % du PIB. Cette différence représente environ 7 milliards de dollars (environ 4 200 milliards de FCFA).",Le FMI confirme la Cour des comptes et révèle une dette cachée de 4250 milliard de FCFA entre 2019 et 2024,"['FMI', 'Fonds Monétaire Internationale', 'Fonds monétaire international', 'Cour des comptes\n', 'Cour des comptes', 'Cour des comptes du Sénégal']",business,0.0,0.26495349407196045,False
98,c40e8058-869b-4566-8386-b5a4de8deefc,https://senego.com/air-senegal-une-remontee-spectaculaire-sous-loeil-vigilant-des-autorites_1819007.html,2025-03-25 08:30:52+00:00,"Lors de la célébration de la Journée mondiale de la métrologie, le ministre des Infrastructures, des Transports terrestres et aériens, Yankhoba Diémé, a mis en lumière les performances remarquables de la compagnie nationale Air Sénégal. Selon lui, cette évolution positive résulte d’un remaniement stratégique de sa gouvernance, survenu entre août et octobre 2023.
Depuis son opérationnalisation en 2017, Air Sénégal avait du mal à trouver sa place, souvent considérée avec scepticisme quant à sa viabilité. Aujourd’hui, elle affiche une rentabilité accrue, une ponctualité remarquable, et présente un taux de remplissage optimal grâce à une régularité exemplaire. Ces progrès notables ont été soulignés par le ministre lors d’un point de presse évaluant les initiatives prises depuis l’avènement au pouvoir du président Bassirou Diomaye Faye il y a un an.
« Les indicateurs sont des plus encourageants : la compagnie nationale bénéficie désormais d’une gestion rationalisée, se traduisant par une performance accrue », a précisé Yankhoba Diémé. Évoquant un redressement spectaculaire, il a souligné que, malgré les critiques antérieures, la compagnie prouve aujourd’hui son efficacité sous une nouvelle gouvernance.
En 2022, la compagnie faisait face à un déficit de 80 milliards de francs CFA, réduit à 57 milliards grâce à une gestion optimisée et une collaboration avec l’Agence nationale de l’aviation civile et de la météorologie (ANACIM).
Le ministre a également abordé d’autres défis de son département, notamment la sécurité routière et la formation des conducteurs. Il a insisté sur la nécessité de renforcer ces aspects en promouvant le respect du code de la route et en introduisant des mesures contraignantes comme le permis à points.
Pour Yankhoba Diémé, une formation continue des professionnels du transport est essentielle. Il a plaidé pour un encadrement rigoureux, allant au-delà de la simple formation empirique et préconisant l’instauration de formations obligatoires. Ces déclarations visent à garantir un transport plus sûr sur l’ensemble du territoire national.
Cet article est basé sur des informations lues sur le site de nos confrères de Sud Quotidien.",Air Sénégal : Une remontée spectaculaire sous l’œil vigilant des autorités,"['Transports terrestres', 'Agence nationale de l’aviation civile', 'Air Sénégal']",entertainment,0.8481,0.360776424407959,False
99,4c337986-704e-407e-8049-858f305d4437,https://senego.com/braquage-spectaculaire-a-ouakam-un-troisieme-agresseur-sous-les-verrous_1818984.html,2025-03-25 08:05:46+00:00,"Après l’arrestation de deux des agresseurs, un troisième membre du gang impliqué dans le braquage d’un livreur en plein jour à Ouakam, près du Monument de la Renaissance, a été interpellé à Touba avant d’être transféré à Dakar, révèle Libération. Ce gang, composé de neuf hommes à moto, avait arraché un sac contenant 100 millions de FCFA à leur victime.
Le journal rapporte également que le père de Souleymane Ba et celui d’un autre fugitif ont été placés en garde à vue pour les besoins de l’enquête. Selon la source, ils auraient reçu de leurs fils des sommes d’argent issues du braquage, à savoir un transfert de 1,9 million de FCFA et 4 millions de FCFA en espèces.
Par ailleurs, après avoir mis la main sur 17 millions de FCFA, les enquêteurs ont découvert 21 millions de FCFA supplémentaires lors de perquisitions menées à Yeumbeul et à la Médina.",Braquage spectaculaire à Ouakam : Un troisième agresseur sous les verrous…,['Libération'],entertainment,0.0,0.3040477931499481,False
100,b6a0bb4c-65c0-4189-94d8-a561c0d6a2d4,https://senego.com/fatel-sow-affichant-sa-complicite-avec-ngaaka-blinde-malgre-les-critiques_1818998.html,2025-03-25 08:00:28+00:00,"Fatel Sow, entourée de son mari Ngaaka Blindé, semble avoir retrouvé la joie de vivre. Récemment, elle a partagé une vidéo émouvante sur les réseaux sociaux où elle aborde les critiques auxquelles elle fait face à propos de son absence d’enfants. Cette déclaration a été reprise par nos confrères du site Kawtef.
Dans cette vidéo, les moments de complicité entre Fatel et Ngaaka ont enchanté leurs fans. Le couple s’affiche détendu et heureux, projetant l’image d’une union solide malgré les défis auxquels ils sont confrontés. Ce témoignage de leur bonheur a attiré de nombreux commentaires positifs, renforçant l’affection de leur communauté de supporters.",Fatel Sow affichant sa complicité avec Ngaaka Blindé malgré les critiques,[],politics,0.743,0.0,False
101,a04d1460-518a-45ed-a49e-44a7b39cb117,https://senego.com/vers-une-baisse-du-prix-du-riz-brise-ordinaire_1818994.html,2025-03-25 07:59:52+00:00,"Selon Libération, le prix du riz brisé ordinaire va connaitre une baisse. La réunion du Conseil national de la consommation, prévue jeudi, sera déterminent pour arriver à ce niveau.
Actuellement, le prix du riz brisé ordinaire est de 410 FCFA le kilogramme en boutique. À l’issue de la réunion du conseil, il pourrait être proposé à un prix compris entre 300 et 320 FCFA le kilogramme, offrant ainsi un soulagement pour les familles modestes.
Cette démarche s’inscrit dans la politique du gouvernement visant à réduire le coût de la vie, un enjeu majeur dans un contexte d’inflation et de crises mondiales qui influencent les prix des produits importés.",Vers une baisse du prix du riz brisé ordinaire,"['Libération', 'Conseil national de la consommation']",business,0.0,0.3108820915222168,False
102,5a29f4ad-0d3e-4ccf-ba61-927277f6f4c8,https://senego.com/pape-gueye-absent-pour-le-match-senegal-togo-les-defis-de-la-selection-nationale_1818992.html,2025-03-25 07:45:33+00:00,"Pape Guèye, considéré comme un maillon essentiel de l’équipe sénégalaise, manquera la rencontre cruciale face au Togo ce mardi. Ce match compte pour la sixième journée des qualifications à la Coupe du monde 2026. Victime d’une blessure à la jambe droite, le milieu de terrain de Villarreal avait dû quitter le terrain lors de la confrontation avec le Soudan, qui s’est terminée sur un score de 0-0.
Dans un communiqué relayé par nos confrères de Sud Quotidien, la Fédération sénégalaise de football a précisé que Guèye est retourné en Espagne pour soigner une entorse moyenne à la cheville droite identifiée après des examens médicaux. Cette décision témoigne de la gravité de sa blessure et de la nécessité impérative de son rétablissement.
Le sénégalais Cheikh Niasse, également blessé lors du match contre le Soudan, est mentionné dans le même communiqué. Touché à un ischio-jambier, il ne pourra pas non plus être aligné contre le Togo, affaiblissant davantage le milieu de terrain sénégalais.
Pape Thiaw, l’entraîneur, s’est exprimé sur l’importance de Guèye dans le collectif. Il a rappelé l’impact significatif du joueur : « Vous savez, le groupe c’est d’abord un collectif, mais Pape Guèye est un joueur qui est très important pour le collectif et pour le groupe. »
Thiaw a également souligné la capacité de l’équipe à compenser ces absences grâce à de nouveaux talents, espérant que « ceux qui arrivent vont montrer un visage aussi séduisant que celui de Pape. » Une perspective qui encourage à envisager l’avenir avec optimisme, malgré les blessures qui handicapent l’équipe.
Pour plus de détails, ces informations ont été initialement rapportées par nos confrères sur le site de Sud Quotidien.",Pape Guèye absent pour le match Sénégal-Togo : les défis de la sélection nationale,['Fédération sénégalaise de football'],entertainment,0.8074,0.272097647190094,False
103,71313f88-c302-49f4-97a1-da0fac00f647,https://senego.com/reformes-educatives-diomaye-fait-bouger-les-lignes-au-senegal_1818986.html,2025-03-25 07:35:48+00:00,"Un an après son accession à la présidence du Sénégal, Bassirou Diomaye Faye multiplie les initiatives dans le secteur de l’éducation. Parmi les mesures notables, l’introduction de l’enseignement de l’anglais dès l’école élémentaire et le recrutement de 2000 enseignants témoignent de sa volonté de moderniser le système éducatif. Ces actions visent à préparer les jeunes générations aux exigences du monde contemporain.
Depuis le 14 janvier, les élèves des classes de CM1 et CM2 bénéficient de l’enseignement de l’anglais, une première dans le pays. Ce projet pilote marque le début d’une réforme significative, facilitant l’acquisition de compétences linguistiques dès le jeune âge. Le Premier ministre, Ousmane Sonko, a souligné lors du Conseil interministériel de septembre la nécessité de garantir un accès équitable à cet apprentissage, tout en respectant les exigences professionnelles.
Le manque d’enseignants reste un défi de taille pour les autorités éducatives. Afin de pallier ce déficit, le président Diomaye a lancé un programme de recrutement spécial, comme rapporté par le site Sud Quotidien. Lors d’un conseil des ministres en décembre, il avait chargé plusieurs ministères de mettre en œuvre un plan de recrutement sur trois ans, ciblant les spécialités prioritaires. Dès janvier, le ministère de l’Éducation nationale a entamé le recrutement de 2000 enseignants pour améliorer le secteur.
Les efforts de modernisation du système éducatif incluent également une évaluation des programmes scolaires, jugés souvent inadaptés aux réalités nationale et économique, comme l’a mentionné Bassirou Diomaye Faye. Ce dernier a insisté sur la digitalisation et a projeté un plan quinquennal pour construire des infrastructures scolaires modernes. Cette stratégie vise à éliminer progressivement les abris provisoires, tout en améliorant l’environnement pédagogique. Selon les informations rapportées par Sud Quotidien, ces actions signifient un pas en avant dans la résolution des nombreux problèmes du secteur éducatif au Sénégal.",Réformes Éducatives : Diomaye Fait Bouger les Lignes au Sénégal,"['Conseil interministériel de septembre', 'ministère de l’Éducation nationale']",politics,-0.25,0.09017444401979446,False
104,1c643642-3e2b-4657-8f2b-7fbccfe6c62a,https://senego.com/decouvrez-les-unes-des-journaux-senegalais-du-mardi-25-mars-2025_1818935.html,2025-03-25 06:26:01+00:00,Découvrez les Unes des journaux sénégalais du mardi 25 mars 2025,Découvrez les Unes des journaux sénégalais du mardi 25 mars 2025,['Unes'],business,0.0,0.2174227237701416,False
105,7f1425c1-64aa-42b4-86e4-83a8d92662ac,https://senego.com/tuberculose-a-richard-toll-environ-200-nouveaux-cas-detectes-annuellement_1818981.html,2025-03-25 06:25:28+00:00,"Chaque année, entre 150 et 200 nouveaux cas de tuberculose sont diagnostiqués et pris en charge par le district sanitaire de Richard-Toll. Cette information a été partagée lundi par le docteur Latyr Diouf, médecin-chef du district, à l’occasion de la journée mondiale de lutte contre la tuberculose. L’information a été relatée sur le site de nos confrères de Sud Quotidien.
« La tuberculose est une réalité dans notre zone », a affirmé le docteur Diouf, soulignant l’importance des dépistages annuels permettant de traiter sans séquelle l’ensemble des nouveaux cas. L’efficacité de la prise en charge repose notamment sur l’utilisation d’un appareil de diagnostic, le Genexpert, capable de réaliser des tests de biologie moléculaire. Cette technologie est complétée par le travail des relais communautaires qui organisent des campagnes de sensibilisation pour inciter les habitants à se faire dépister.
Dr Diouf a aussi exhorté les collectivités locales et les acteurs communautaires à renforcer leurs efforts dans les activités de communication et de sensibilisation. Grâce à cette collaboration accrue, l’objectif serait d’éradiquer la maladie d’ici 2030 sur l’ensemble du territoire. Une initiative à laquelle appelle également le site Sud Quotidien.",Tuberculose à Richard-Toll : Environ 200 nouveaux cas détectés annuellement,[],tech,0.6249,0.0,False
106,a62e49a4-1f58-4739-b0ba-22f09935abc4,https://senego.com/la-matinale-senego-aissatou-d-fall-et-bouba-ndour-jamra-interpelle-gadiaga-au-coeur-dune-controverse_1818944.html,2025-03-25 06:03:30+00:00,"Bonjour et bienvenue dans la matinale de Senego de ce mardi 25 mars 2025. Aujourd’hui, nous plongeons dans les discussions brûlantes qui ont animé notre espace médiatique durant la nuit. Avec des sujets passionnants et diversifiés, nous vous invitons à découvrir les débats les plus captivants de la scène sénégalaise.
Depuis le dimanche 4 décembre 2022, l’émission « Face2face » d’Aissatou Diop Fall a disparu des écrans de la TFM. La journaliste avait soutenu les remarques d’Ahmeth Khalifa Niasse, qui critiquait Bouba Ndour pour son incompétence supposée. Cette prise de position a entraîné son éviction de l’antenne, Bouba Ndour affirmant que c’était la chaîne et Youssou Ndour qui étaient en cause. Depuis ce conflit, Aïssatou D Fall n’est plus apparue, montrant la rigueur des choix éditoriaux de Bouba Ndour. [Voir l’article complet](https://senego.com/si-badara-revient-sur-jakarloo-ou-qg-cest-que-bouba-laura-voulu-par-mass-seck_1818783.html).
Selon l’ONG Jamra, l’interprétation proposée de la loi d’amnistie est essentiellement dangereuse. Mame Makhtar Gueye, porte-parole de l’organisation, exprime des inquiétudes quant à la protection accordée aux manifestants, ce qui pourrait nuire à l’ordre public. Cette position tranchée suggère des tensions autour des réformes législatives en question. [Lire la suite](https://senego.com/interpretation-de-la-loi-damnistie-la-position-tranchee-de-jamra_1818922.html).
Les propos controversés de Badara Gadiaga à l’encontre du député Amadou et du Premier ministre Ousmane Sonko ont suscité une vive réaction de la part du public et des responsables politiques. Cette situation souligne un besoin urgent d’instaurer une culture de respect envers l’autorité et invite le Pastef à réfléchir sur ses pratiques en matière de débat public. [Pour en savoir plus](https://senego.com/affaire-badara-gadiaga-mon-intime-conviction-sur-les-injures-et-ecarts-de-langage-dans-le-debat-public_1818915.html).
**Fatou Abdou Ndiaye, journaliste** : Dans son article, elle déplore l’absence de neutralité et critique sévèrement le rôle des chroniqueurs dans les médias sénégalais. [Lire l’article sur Senego](https://senego.com/chroniqueurs-en-roue-libre-journalistes-sous-silence-qui-defend-encore-ce-metier-par-fatou-abdou-ndiaye_1818803.html).
**Guy Marius Sagna interpelle le ministre de la Justice** : Le député met en avant des questions sur la légalité des interdictions de sortie du territoire. [Détails sur Senego](https://senego.com/guy-marius-sagna-interpelle-le-ministre-de-la-justice-sur_1818912.html).
**Fatel Sow, épouse de Ngaka Blindé** : Elle s’exprime avec élégance face au harcèlement subi, évoquant sa résilience et son retour médiatique. [Voir l’article](https://senego.com/fatel-sow-repond-au-harcelement-avec-elegance-apres-une-polemique_1818901.html).
**Relance du barrage d’Affiniam en Casamance** : Un projet ambitieux visant à créer un « hub agricole » pour dynamiser la région. [Plus d’infos](https://senego.com/relance-du-barrage-daffiniam-en-casamance-un-projet-de-hub-agricole-pour-le-sud-du-senegal_1818823.html).
**Arrestation spectaculaire à Saly** : Une femme arrêtée avec quatre milliards de FCFA en billets noirs, une enquête est en cours. [En savoir plus sur Senego](https://senego.com/saly-une-femme-arretee-avec-43-milliards-fcfa-en-billets-noirs_1818859.html).
**Deniers publics ou deniers du peuple** : Le député Amadou Ba propose un changement terminologique pour renforcer la conscience citoyenne sur l’usage des fonds publics. [Découvrez sa position](https://senego.com/amadou-ba-deniers-du-peuple-plutot-que-deniers-publics-pour-reveiller-les-consciences_1818880.html).
**Les Lions du Sénégal prêts à affronter le Togo** : Après un nul décevant contre le Soudan, l’entraîneur Pape Thiaw exprime son optimisme avant le match crucial. [Voir l’analyse sportive](https://senego.com/pape-thiaw-les-senegalais-vont-voir-un-autre-visage-des-lions-face-au-togo_1818838.html).
Nous remercions nos confrères de Senego pour leurs contributions essentielles à cette revue. Merci à tous de nous avoir rejoints ce matin pour ces nouvelles d’importance. On se retrouve très vite pour d’autres actualités cruciales.","La Matinale Senego : Aïssatou D. Fall et Bouba Ndour, Jamra interpelle, Gadiaga au cœur d’une controverse","['Pastef', 'suite](https://senego.com', 'ministre de la Justice', 'TFM', 'Lions du Sénégal', 'complet](https://senego.com', 'Senego](https://senego.com', 'Relance']",entertainment,0.6705,0.2769153416156769,False
107,e946e129-9015-4d0b-baf1-331a29e1d584,https://senego.com/le-senegal-et-le-fmi-vers-un-nouveau-programme-de-cooperation_1818933.html,2025-03-25 05:20:46+00:00,"Le Sénégal et le Fonds monétaire international (FMI) se dirigent vers la mise en place d’un nouveau programme de coopération, selon Edward Gemayel, chef de mission de l’institution pour le Sénégal. En visite dans le pays du 18 au 26 mars, Gemayel a partagé ces avancées dans un entretien avec l’Agence sénégalaise de presse (APS). Le représentant a également réitéré la recommandation du FMI pour une suppression progressive des subventions énergétiques, un sujet pressant pour l’économie sénégalaise.
« À la suite des défaillances et des lacunes identifiées par la Cour des comptes, nous travaillons à identifier des réformes et des mesures correctrices pour renforcer et améliorer la gestion des finances publiques », a déclaré Edward Gemayel lors de cet entretien, tel que rapporté par nos confrères de Sud Quotidien. Les discussions entre le FMI et le Sénégal visent principalement à éviter la répétition de la publication de données erronées. « C’est la chose la plus importante », a-t-il souligné, affirmant que le Sénégal est déterminé à tourner la page de ces erreurs passées.
La volonté du Sénégal de renforcer sa coopération avec le FMI est claire. Une fois les problèmes de données erronées résolus, le pays espère aboutir à un nouveau programme de collaboration avec l’institution. Gemayel a tenu à noter que « le Sénégal n’est pas le premier pays à faire face à de telles situations. D’autres, en Afrique comme ailleurs, ont connu ces difficultés », tout en saluant les efforts de transparence des autorités sénégalaises.
Concernant les décaissements effectués sur la base de données incorrectes, Gemayel a annoncé que le FMI soumettrait un rapport à son conseil d’administration pour décider de la marche à suivre. « Deux options se présentent : soit le FMI accorde une dérogation au Sénégal, soit il demande au pays de rembourser, en contrepartie de mesures correctrices. »
Le Fonds monétaire international insiste également sur la nécessité pour le Sénégal de réduire progressivement ses subventions à l’énergie, lesquelles représentent plus de 4 % du PIB du pays. Cette recommandation, ainsi que son application éventuelle, fait l’objet d’une attention particulière dans le cadre des réformes économiques envisagées par le gouvernement, comme le précise un document de 2024 du ministère de l’Économie, du Plan et de la Coopération.",Le Sénégal et le FMI vers un nouveau programme de coopération,"['Agence sénégalaise de presse', 'FMI', 'Fonds monétaire international', 'Cour des comptes', 'Coopération', 'ministère de l’Économie']",tech,-0.128,0.20651820302009583,False
108,52fb3df6-d93a-4fd6-99be-cc921edfe39b,https://senego.com/un-club-de-lecture-inaugure-pour-les-detenus-du-camp-penal-de-dakar_1818929.html,2025-03-24 23:55:48+00:00,"À Dakar, le directeur du Camp pénal, Cheikh Diouf, a officiellement inauguré un club de lecture destiné aux détenus de cette institution pénitentiaire. Selon le site Sud Quotidien, la première rencontre de ce nouveau club s’est déroulée autour du troisième roman de la trilogie autobiographique de l’écrivaine sénégalaise Mariétou Mbaye, connue sous le nom de Ken Bugul. Intitulé « Riwan ou le chemin du sable », ce livre a servi de point de départ pour les échanges entre l’auteure, des universitaires et les pensionnaires présents.
La naissance de ce club, qui a eu lieu il y a moins d’un mois, a été facilitée par le service socio-éducatif de l’établissement. L’objectif principal de cette initiative est de permettre aux détenus de se connecter à la société et d’amorcer leur réinsertion par le biais de la lecture et des rencontres littéraires. Selon le directeur Diouf, interrogé par nos confrères de Sud Quotidien, ces séances mensuelles offriront aux participants l’occasion de discuter et de s’évader par la littérature.
Invitée à cette première séance, Mariétou Mbaye a souligné l’importance de la lecture, qui permet de réaliser que la souffrance n’est pas unique. Selon ses propos recueillis par Sud Quotidien, elle a encouragé les détenus à profiter de cette ressource pour entamer un processus de développement personnel. « Avec l’écriture, dans l’intimité avec soi, on est face à ses propres maux », a-t-elle exprimé, ajoutant que la lecture peut être un chemin vers la libération et la découverte de soi.
L’un des pensionnaires a également exprimé son optimisme pour l’avenir, voyant en cette activité une occasion de tirer parti du temps disponible en prison pour se préparer à une réintégration réussie dans la société. Selon ses mots, « tout peut commencer ici », soulignant la détermination des participants à « briller une fois sortis de cette enceinte ».",Un club de lecture inauguré pour les détenus du Camp pénal de Dakar,"['Camp pénal', 'Invitée']",politics,-0.1531,0.21412727236747742,False
109,5d7a3577-407e-44e7-a656-43790580db6d,https://senego.com/interpretation-de-la-loi-damnistie-la-position-tranchee-de-jamra_1818922.html,2025-03-24 23:43:02+00:00,"L’ONG Jamra réagit à propos de la proposition d’interprétation de la loi d’amnistie. Par la voix de Mame Makhtar Gueye, l’ONG estime que cette mesure est dangereuse, car elle vise les forces de l’ordre et protège les manifestants. Selon Jamra, il serait préférable de laisser la loi telle quelle ou de l’abroger purement et simplement.
Regardez :",Interprétation de la loi d’amnistie : La position tranchée de Jamra,[],politics,0.0,0.0,False
110,26b11ff0-58dd-4cbe-b680-066848e5841c,https://senego.com/abdoulaye-fode-ndione-un-parcours-litteraire-au-service-de-lassociation-des-ecrivains-du-senegal_1818920.html,2025-03-24 23:35:53+00:00,"Le 8 mars dernier, Abdoulaye Fodé Ndione a été élu président de l’Association des écrivains du Sénégal (AES) lors d’une élection tenue à Keur Birago, siège officiel de l’association. L’information, relayée par nos confrères de Sud Quotidien, met en lumière le parcours riche et varié de cet écrivain et éditeur indépendant. Connu pour avoir publié plusieurs ouvrages, Ndione s’est fait un nom dans le milieu littéraire international au cours des vingt dernières années. Avant d’assumer cette nouvelle fonction, il a présidé plusieurs associations littéraires, notamment « Afrilivres » et l’Union des écrivains d’Afrique, d’Asie et d’Amérique latine.
Originaire de Dakar, précisément de la cité Bastos, et avec des racines familiales à Yenne, Ndione a bâti sa réputation au-delà des frontières sénégalaises. Ses œuvres, telles que son recueil de poèmes « Faubourienne », sont enseignées de Paris à Kinshasa. Ce premier recueil, primé dans les années 1990 par l’Association des jeunes écrivains du Sénégal, a non seulement propulsé sa carrière mais a aussi été traduit en roumain, ce qui lui a valu le titre de Chevalier de la poésie dans la ville de Iași en Roumanie.
En plus de sa passion pour la poésie, Abdoulaye Fodé Ndione a aussi exploré différents genres littéraires, remportant diverses distinctions, comme le prix Léopold Sédar Senghor pour sa nouvelle « La pirogue de l’espoir ». Ce texte poignant relate les aventures périlleuses de jeunes Sénégalais cherchant une vie meilleure en Europe. Son roman « Cœur en location », finaliste du prix Ivoire en 2022, illustre sa capacité à captiver les lecteurs avec des histoires captivantes.
Également engagé dans la gouvernance littéraire, Ndione souhaite rassembler les écrivains aussi bien présents sur le sol sénégalais qu’en diaspora. Il envisage une administration partagée au sein de l’AES, constituée d’un bureau dynamique de onze membres. « Nous devons faire rayonner notre littérature au-delà de nos frontières », déclare-t-il, soulignant l’importance de connecter la littérature à chaque aspect de la culture sénégalaise.
Dans ses entretiens avec Sud Quotidien, Ndione a exprimé son désir d’organiser un forum du livre pour évaluer l’amélioration du domaine littéraire au Sénégal et a appelé à un retour régulier du Grand prix du président de la République pour les lettres. « Il est crucial d’augmenter le fonds d’aide à l’édition pour soutenir les éditeurs, à l’image de ce qui est fait au Canada pour l’industrie du livre », a-t-il déclaré, en mettant en avant la nécessité d’une aide accrue pour l’édition nationale.
Grâce à sa nomination à la tête de l’AES, Abdoulaye Fodé Ndione incarne une vision de développement et d’exportation de la littérature sénégalaise. « La littérature est la plus grande valeur exportée par le Sénégal », a-t-il souligné, annonçant le retour de la Foire du livre et du matériel didactique de Dakar pour cette année.",Abdoulaye Fodé Ndione : Un parcours littéraire au service de l’Association des écrivains du Sénégal,"['Union des écrivains d’Afrique', 'Association des jeunes écrivains du Sénégal', 'Association des écrivains du Sénégal']",entertainment,0.8591,0.1731129288673401,False
111,b7bcbfeb-8ecf-48f5-a01e-6a611b1525b1,https://senego.com/affaire-badara-gadiaga-mon-intime-conviction-sur-les-injures-et-ecarts-de-langage-dans-le-debat-public_1818915.html,2025-03-24 23:04:35+00:00,"Les propos tenus par Badara Gadiaga à l’égard de l’honorable député Amadou et du Premier ministre Ousmane Sonko sont regrettables et inacceptables. Ces écarts de langage, qui portent atteinte à la dignité des personnes et des fonctions qu’elles incarnent, doivent être fermement désapprouvés. Ils mettent en lumière la nécessité urgente d’instaurer une culture du respect de l’autorité dans notre espace public.
Dans une République, le respect des institutions et des personnes qui les représentent est essentiel pour garantir la stabilité et la cohésion sociale. Les attaques verbales et les propos désobligeants, qu’ils viennent de citoyens ou de responsables politiques, fragilisent nos institutions et alimentent un climat de division. Il est impératif de promouvoir un débat public basé sur la courtoisie et la responsabilité.
Cette polémique née des propos de Badara Gadiaga doit amener le Pastef à faire son autocritique. Ce parti, qui a souvent été au cœur de discours virulents et de dérapages verbaux, doit reconnaître sa part de responsabilité dans la banalisation de l’invective dans le débat public. Les attaques répétées des responsables et militants du Pastef contre les magistrats, les institutions de la République, ainsi que les commandements de la gendarmerie et de la police, ont contribué à instaurer un climat de mépris et de défiance envers l’autorité.
C’est justement par respect pour cette nécessité de préserver l’autorité et la dignité des institutions que nous nous sommes, par le passé, insurgés contre les dérapages verbaux du Pastef. Aujourd’hui, il est essentiel de maintenir cette cohérence en condamnant fermement les propos de Badara Gadiaga. Le respect de l’autorité ne doit pas être une posture opportuniste, mais un principe constant, appliqué à tous les acteurs de la vie publique.
J’invite tous les acteurs politiques et citoyens à faire preuve de responsabilité dans leurs propos et leurs actions. Le débat d’idées, lorsqu’il est mené dans le respect et la dignité, est la seule voie pour construire un Sénégal uni et prospère.
Il est surtout crucial que nos médias et nous, hommes politiques, débattions de sujets qui impactent la vie du paysan, du pêcheur et du gorgorlou de manière générale. 
Bara NDIAYE 
Président du parti Forces Ouvertes pour la République et le Travail 
Membre de la coalition Diomaye Président",Affaire Badara Gadiaga : mon intime conviction sur les injures et écarts de langage dans le débat public.,"['Pastef', 'Travail \nMembre', 'Forces Ouvertes']",entertainment,0.9618,0.3063257932662964,False
112,b7ffca7c-6856-4c93-8d42-65085fbb33b5,https://senego.com/guy-marius-sagna-interpelle-le-ministre-de-la-justice-sur_1818912.html,2025-03-24 22:42:15+00:00,"Le député Guy Marius Sagna dans une correspondance adressée au Garde des Sceaux, Birame Diop s’interroge sur la légalité et la transparence des interdictions de sortie du territoire national. C’est pourquoi, il demande des clarifications sur l’existence d’un cadre juridique spécifique et sur les procédures de notification aux personnes concernées, rappelant que la liberté de circulation est un principe fondamental garanti par la Constitution.
Voici l’intégralité de la correspondance ! « Objet : Cadre légal des interdictions de sortie du territoire Monsieur le Ministre, la liberté d’aller et venir est un principe fondamental garanti par notre constitution et les engagements internationaux du Sénégal. Dans un État de droit, les restrictions aux droits fondamentaux reposent sur la transparence et la prévisibilité des décisions administratives. Cependant, certaines situations récentes ont mis en lumière des interdictions de sortie du territoire appliquées sans notification préalable aux citoyens concernés, soulevant des interrogations sur leur conformité avec l’article 12 de la Loi n° 2021-21 du 02 mars 2021, qui prévoit que tout acte administratif individuel ne devient exécutoire qu’après notification. Dans ce cadre, je souhaiterais obtenir des clarifications sur les points suivants monsieur le ministre : 1- Y-a-t-il des enquêtes ou informations judiciaires ouvertes à l’endroit de personnes ayant occupés des fonctions par le passé et auxquelles il est interdit de sortir du territoire national ? 2- monsieur le ministre, a-t-il été notifié à ces personnes cette interdiction de sortie du territoire national avant qu’elles n’aillent à l’aéroport ? 3- existe-t-il un cadre juridique spécifique régissant les interdictions administratives de sortie du territoire ? 4- le gouvernement envisage-t-il d’adopter des réformes ou des clarifications législatives afin de garantir que ces mesures soient prises dans le strict respect des principes de légalité et de notification préalable ? »",Guy Marius Sagna interpelle le ministre de la Justice sur …,"['ministre de la Justice sur', 'Constitution']",business,0.4939,0.3085460066795349,False
113,bdf82272-64b4-4a9b-9d1c-ece058f3ccf0,https://senego.com/diplomatie-diomaye-faye-recoit-lancien-president-tanzanien-jakaya-kikwete_1818903.html,2025-03-24 22:17:13+00:00,"Le Président de la République, Bassirou Diomaye Faye, a reçu au Palais ce lundi Jakaya Kikwete, ancien Président de la Tanzanie, en visite à Dakar en tant qu’envoyé spécial de la Présidente tanzanienne, Dr Samia Suluhu Hassan.
Lors de cette rencontre, M. Kikwete a salué l’excellence des relations entre le Sénégal et la Tanzanie, tout en exprimant le souhait de son pays de voir la coopération bilatérale se renforcer dans plusieurs domaines stratégiques. Cette visite s’inscrit dans le cadre du renforcement des liens diplomatiques entre les deux nations, qui partagent une vision commune sur plusieurs enjeux africains et internationaux.
Aucune information officielle n’a encore filtré sur les axes précis de cette coopération, mais des secteurs comme l’économie, le commerce ou l’éducation pourraient figurer parmi les priorités des discussions.",Diplomatie : Diomaye Faye reçoit l’ancien président tanzanien Jakaya Kikwete,['Présidente tanzanienne'],business,0.6808,0.10632096230983734,False
114,aa77a5b4-22f4-46dd-a743-3af0934b82c3,https://senego.com/fatel-sow-repond-au-harcelement-avec-elegance-apres-une-polemique_1818901.html,2025-03-24 21:55:56+00:00,"Fatel Sow, épouse de Ngaka Blindé, fait l’objet d’une attention renouvelée après la diffusion d’une vidéo où elle déplorait les pressions et le harcèlement liés à l’absence d’enfant. Cette situation délicate avait suscité de nombreuses réactions sur les réseaux sociaux.
Ayant choisi de tourner la page sur cet épisode, Fatel Sow s’affiche maintenant avec assurance et élégance dans de nouveaux clichés. Cette transformation est accueillie positivement, illustrant sa détermination à surmonter les épreuves avec grâce.
Les images récentes de Fatel Sow, partagées sur les réseaux sociaux, témoignent de son rayonnement actuel. En soulignant la beauté et l’élégance de ces nouvelles apparitions, elle montre une image résolument optimiste et tournée vers l’avenir.
Ce retour en avant-scène traduit sa volonté de s’affirmer au-delà des préjugés et stigmatisations. Comme rapporté par nos confrères de Kawtef, Fatel Sow a su conserver sa dignité face aux critiques, une réaction qui force l’admiration de ses nombreux soutiens.
Ainsi, Fatel Sow continue d’utiliser sa notoriété pour aborder des sujets sensibles, entre défi personnel et message universel sur la résistance à l’adversité.",Fatel Sow répond au harcèlement avec élégance après une polémique,[],politics,0.7096,0.0,False
115,79a5f6e8-eeba-47b6-bf27-26a85b92d50d,https://senego.com/escalade-de-violences-a-gaza-43-palestiniens-tues-lors-de-frappes-israeliennes_1818892.html,2025-03-24 21:50:49+00:00,"Les tensions continuent de s’intensifier dans la Bande de Gaza, où au moins 43 Palestiniens ont perdu la vie ce lundi suite à des frappes aériennes menées par l’armée israélienne, conformément aux rapports médicaux locaux. Khan Younès, une ville située au sud de Gaza, a été particulièrement touchée. Quatre personnes ont été tuées lorsqu’une maison a été ciblée par des avions de guerre israéliens.
Un autre bombardement a visé une tente accueillant des déplacés dans la même ville, provoquant la mort de six personnes et de nombreux blessés, a rapporté une source sur place. Les enfants ne sont pas épargnés, comme en témoigne la mort d’un jeune lors de l’attaque d’un atelier de réparation à Ma’an, toujours à Khan Younès.
Des témoins ont rapporté que des véhicules vides ont également été frappés dans différentes zones de Khan Younès, blessant cinq Palestiniens. Un journaliste de la chaîne Palestine Today, sa femme et leur enfant ont succombé à une frappe sur leur appartement à Batn al-Samin.
Selon l’hôpital Al-Awda, quatre autres Palestiniens, incluant une jeune fille, sont morts lors d’une attaque sur une tente pour civils déplacés à Nuseirat. Cette même région a vu la mort de deux autres femmes dans un appartement résidentiel.
À Al-Mughraqa, un rassemblement de civils a subi les tirs d’obus israéliens, faisant quatre morts. Dans le quartier de Shejaiya à Gaza, des frappes aériennes ont causé la mort de quatre Palestiniens.
Al Jazeera a également perdu l’un de ses correspondants dans une frappe dans le nord de la Bande de Gaza. Une attaque a encore touché un entrepôt de secours à Al-Twam, tuant trois personnes, et une maison à Qizan al-Najjar, causant la mort de cinq Palestiniens, dont une femme.
Pour rappel, ces événements interviennent dans le cadre d’une campagne aérienne israélienne lancée le 18 mars, qui a déjà coûté la vie à plus de 730 personnes. Selon l’article de nos confrères d’Anadolu, plus de 50 000 Palestiniens ont péris depuis octobre 2023. Israël est poursuivi devant la Cour internationale de justice pour « crime de génocide ». La Cour pénale internationale avait déjà émis des mandats d’arrêts contre des dirigeants israéliens pour crimes de guerre.",Escalade de violences à Gaza : 43 Palestiniens tués lors de frappes israéliennes,"['Al Jazeera', 'Cour internationale de justice', 'Palestine Today', 'Cour pénale internationale']",business,-0.4215,0.22329005599021912,False
116,76a2c301-d706-4ad0-8806-4f05998853b7,https://senego.com/israel-larmee-reconnait-une-attaque-sur-un-batiment-de-la-croix-rouge-a-gaza_1818889.html,2025-03-24 21:40:45+00:00,"L’armée israélienne a admis avoir tiré sur un bâtiment appartenant à la Croix-Rouge dans la ville de Rafah, située au sud de la Bande de Gaza. L’incident, survenu lundi, a été causé par une erreur d’identification, selon un communiqué des forces armées israéliennes. Aucun blessé n’a été signalé, bien que le bâtiment ait subi des dommages mineurs.
Le communiqué précise que les forces israéliennes ont détecté des suspects qu’elles percevaient comme une menace, justifiant leur réponse militaire. Toutefois, après vérification, elles ont reconnu l’erreur de cible. Une enquête a été ouverte pour comprendre comment cela a pu se produire. Cet événement intervient peu après une attaque sur un bâtiment des Nations Unies dans le même secteur.
La Croix-Rouge a vivement réagi sur le réseau social X, affirmant que le bâtiment touché était notoirement identifié et avait été communiqué à toutes les parties en présence. L’organisation humanitaire souligne l’impact de cette attaque sur leur capacité à opérer dans la région, malgré l’absence de blessés parmi le personnel.
La situation humanitaire à Gaza reste critique, accentuée par la guerre en cours depuis octobre 2023, qui a causé d’importantes pertes civiles. Les opérations militaires d’Israël dans la région ont déjà soulevé de nombreuses critiques, et les incidents impliquant des organisations humanitaires jettent encore plus de lumière sur les défis persistants.
Par ailleurs, des mandats d’arrêt ont été émis par la Cour pénale internationale contre des dirigeants israéliens pour crimes de guerre. Israël fait également face à des accusations de génocide devant la Cour internationale de justice. Ces développements juridiques mettent en avant les tensions croissantes autour des actions militaires israéliennes dans la région.
Il convient de noter que ces informations ont été initialement rapportées par nos confrères de l’agence Anadolu.",Israël : l’armée reconnaît une attaque sur un bâtiment de la Croix-Rouge à Gaza,"['Cour pénale internationale contre des dirigeants israéliens', 'Nations Unies', 'Cour internationale de justice', 'X']",politics,-0.6808,0.25925832986831665,False
117,31bccfb7-b74a-4ec4-91c0-a775cccc6cff,https://senego.com/israel-video-des-captifs-israeliens-au-coeur-de-la-controverse_1818886.html,2025-03-24 21:30:47+00:00,"Les Brigades Al-Qassam, branche armée du mouvement Hamas, ont récemment divulgué une vidéo où deux captifs israéliens expriment leur crainte quant à la reprise des hostilités dans la Bande de Gaza. Ces captifs affirment que la nouvelle escalade pourrait signifier leur fin tragique. Dans un message pressant, ils s’adressent aux prisonniers récemment libérés dans le cadre d’un échange pour partager leurs douloureuses expériences.
Un des captifs, identifié par le numéro « 21 », évoque un sentiment d’angoisse, déclarant : « Ces attaques nous mèneront tous à notre perte ». Il précise que les conditions de détention se sont détériorées avec la fermeture des points de passage par Israël. Ce bouleversement sanitaire et psychologique résulte directement de l’isolement imposé depuis mars.
Par ailleurs, avec la mise en place de la trêve, les conditions semblaient s’être améliorées, notamment avec l’intervention des combattants du Hamas. Cependant, le 18 de ce mois, le retour des conflits a aggravé leur sort, rendant l’espoir de libération plus incertain.
L’autre détenu, « 22 », appelle les anciens captifs à dénoncer les réalités vécues en captivité. Critique du silence imposé par Tel-Aviv, il déclare : « Laissez la vérité sortir. Que le gouvernement cesse de les museler. » Ce détenu nourrit l’espoir de revoir bientôt sa famille, espérance minée par la stagnation des négociations.
En réponse, le Premier ministre israélien, Benjamin Netanyahu, lutte entre pressions internes et obligations internationales. Après avoir suspendu la deuxième phase de l’accord avec le Hamas, initialement prévue pour le 19 janvier, la reprise des hostilités a endommagé les relations diplomatiques.
Depuis le 18 mars, les violences ont atteint un pic, causant la mort de 730 Palestiniens et blessant 1 367 autres. L’accord de cessez-le-feu, en coordination avec Washington, semble irrémédiablement compromis. Tel-Aviv, n’étant pas enclin à respecter la deuxième phase de l’accord initialement conclu, exacerbe les tensions dans la région.
Avec plus de 163 000 victimes depuis le 7 octobre, majoritairement des femmes et des enfants, la situation humanitaire à Gaza devient de plus en plus critique. Les retombées de ce conflit trouvent une résonnance internationale devant le refus persistant d’Israël d’entamer la prochaine étape du cessez-le-feu.
*Inspiré du contenu trouvé sur le site de nos confrères d’Anadolu, traduit par Mourad Belhaj.",Israël : Vidéo des captifs israéliens au cœur de la controverse,"['Hamas', 'mouvement Hamas', 'Brigades Al']",sport,0.1027,0.255734920501709,False
118,f6df128e-dd23-4b4a-b052-bfc86f30c646,https://senego.com/amadou-ba-deniers-du-peuple-plutot-que-deniers-publics-pour-reveiller-les-consciences_1818880.html,2025-03-24 21:28:01+00:00,"Le député Amadou Ba propose une nouvelle terminologie pour qualifier l’argent issu des finances publiques. Selon lui, l’expression « deniers publics » devrait être remplacée par « deniers du peuple » ou « deniers de la nation » afin de renforcer la conscience citoyenne sur la gravité du détournement de fonds.
L’honorable député estime que l’actuelle appellation donne l’impression que ces fonds appartiennent uniquement aux administrations publiques, perçues comme des entités éloignées des citoyens. « Publics » renvoie à une abstraction, alors qu’il s’agit en réalité de l’argent du peuple, fruit de son labeur et de ses impôts », explique-t-il.
En instaurant cette nouvelle désignation, Amadou Ba espère ancrer dans l’esprit des citoyens que les détournements de fonds les concernent directement, car ils touchent leurs ressources et celles des générations futures. « Il faut que les citoyens prennent conscience de l’ampleur du phénomène et se mobilisent pour soutenir le Gouvernement dans sa grande opération de récupération des fonds détournés », soutient-il.
Cette proposition intervient alors que la lutte contre la corruption s’intensifie, avec des appels de plus en plus pressants pour la criminalisation des détournements de fonds publics.",Amadou Ba : « deniers du peuple » plutôt que « deniers publics » pour réveiller les consciences,[],business,0.0258,0.0,False
119,12024c4b-ffc3-4f38-af6f-ce91d84ed1c8,https://senego.com/bete-bete-saison-2-episode-31-entre-amitie-et-prejuges_1818877.html,2025-03-24 21:00:59+00:00,"La série « Bété Bété » poursuit son exploration des complexités sociales et familiales au Sénégal avec son épisode 31 de la deuxième saison. Au cœur de cette intrigue, se trouve l’amitié indéfectible entre Alkali Sall et Makhoudia Tall, deux amis de longue date issus des castes Guéér et Teug. Leur relation, mise à l’épreuve par des préjugés séculaires, reflette les défis posés par les hiérarchies sociales.
Un des nœuds dramatiques de la série réside dans l’histoire d’amour avortée entre Alkali et Daba Thiam, entravée par les barrières culturelles. De cette union est née Diouma, une fille que son père, Alkali, n’a jamais officiellement reconnue. Ce point de discorde ravive la colère de Ndiaga Thiam, le père conservateur de Daba, qui nourrit une animosité tenace envers Alkali en raison de l’atteinte à l’honneur familial.
Par ailleurs, les tensions se prolongent au sein du foyer d’Alkali. Sa femme, Marème Sall, est déterminée à préserver la pureté de leur lignée et refuse tout rapprochement avec les Gnégnos, accentuant ainsi les divisions internes et externes.
Quant à Makhoudia Tall, il doit jongler avec la dynamique complexe de son ménage polygame, ses deux épouses appartenant à des castes différentes, Teug et Guéweul. Ce ménage est à la fois un microcosme des arrangements matrimoniaux traditionnels et une source de complications quotidiennes.
En somme, « Bété Bété » se veut le miroir des réalités sociales du Sénégal, exposant les défis des structures familiales et des conventions ancestrales. Pour plus de détails, ce contenu a été relayé par le site de nos confrères de Kawtef.","Bété Bété : Saison 2, Épisode 31 – Entre amitié et préjugés","['Alkali', 'Bété Bété']",entertainment,-0.5423,0.24672134220600128,False
120,175eb721-9605-49c2-b2d9-5df6db61b06f,https://senego.com/lonase-et-federation-senegalaise-de-basket-un-nouveau-souffle-pour-le-basketball-national_1818873.html,2025-03-24 20:45:57+00:00,"La Loterie Nationale Sénégalaise (LONASE) a réaffirmé son engagement envers le développement du sport au Sénégal en signant, ce lundi 24 mars, une convention significative avec la Fédération Sénégalaise de Basket-Ball (FSBB). Ce contrat renouvelé et amélioré s’étend désormais à la Ligue Sénégalaise de Basket-Ball, illustrant une volonté de soutenir le basketball à plusieurs niveaux.
L’événement de signature a été marqué par les mots de Me Babacar Ndiaye, président de la FSBB. Celui-ci a exprimé sa gratitude envers la LONASE et particulièrement envers son directeur général, le Dr Toussaint Manga. « J’ai juste des remerciements à l’endroit de la LONASE mais surtout de son directeur général, Dr Toussaint Manga, pour avoir accepté de renouveler les contrats entre la fédération et la LONASE, mais pour avoir surtout accepté d’améliorer les conditions de ce contrat et également de l’étendre au niveau de la ligue », a-t-il déclaré avec satisfaction.
Me Ndiaye a souligné l’importance de ce partenariat, notant que malgré le renouvellement, les équipes nationales ont toujours arboré le logo de la LONASE sur leurs équipements. Il a également précisé que cette année serait particulièrement intense pour le basketball sénégalais avec la tenue de deux compétitions majeures : l’afro-basket masculin et l’afro-basket féminin.
L’appui financier fourni par la LONASE, a-t-il ajouté, est crucial pour améliorer les conditions de préparation et de participation des équipes nationales. Cette aide est également essentielle pour organiser les championnats nationaux de première et de deuxième division. « Aujourd’hui, comme tout le monde le sait, le basket ne se joue pas seulement au Sénégal et à travers cette enveloppe, le budget pour l’organisation du championnat de deuxième division est bouclé », a-t-il précisé.
Me Ndiaye a conclu sur une note positive, manifestant sa satisfaction quant à la collaboration avec la LONASE. Il a réaffirmé son engagement à respecter les termes du contrat et à utiliser les ressources à bon escient, pour le bien du basketball national.
Ce renforcement de partenariat a été rapporté par nos confrères de Sud Quotidien, une source qui a permis de découvrir les détails de cette collaboration prometteuse.",LONASE et Fédération Sénégalaise de Basket : Un Nouveau Souffle pour le Basketball National,"['Fédération Sénégalaise de Basket-Ball', 'Ligue Sénégalaise de Basket-Ball', 'Loterie Nationale']",entertainment,0.9723,0.21100912988185883,False
121,82823d6d-42a5-4031-81ca-18bb10b25ce8,https://senego.com/etats-unis-larrestation-de-mahmoud-khalil-suscite-linquietude-de-son-epouse_1818869.html,2025-03-24 20:30:47+00:00,"Noor Abdalla, l’épouse de Mahmoud Khalil, un activiste palestinien arrêté aux États-Unis, dénonce les accusations de « soutien au terrorisme » portées contre son mari. Selon elle, ces allégations visent à dépeindre Mahmoud sous un jour négatif qu’il ne mérite pas.
Dans une interview donnée à la chaîne CBS, Abdalla a relaté les événements du 3 mars dernier, jour de l’arrestation de Khalil par la police fédérale devant leur résidence. « C’était une expérience terrifiante », a-t-elle confié, décrivant le moment où son mari lui a été « arraché en pleine nuit ».
En croisant les policiers, Abdalla a pensé d’abord que son mari était visé par des agents de l’immigration pour un statut illégal supposé. En panique, elle a tenté de fournir des preuves légales de sa résidence, mais ses explications ont été ignorées.
Elle a exprimé sa conviction qu’il s’agissait initialement d’une vérification de routine et que Mahmoud serait revenu après avoir prouvé la validité de sa carte de résident. « Je croyais qu’ils l’emmèneraient pour vérifier sa carte verte », a-t-elle argumenté.
Abdalla a fermement rejeté les allégations non fondées selon lesquelles son mari aurait soutenu le Hamas, affirmant que ce ne sont que des « tactiques » pour le calomnier. « Il ne veut pas que son peuple soit tué », a-t-elle souligné.
Elle a évoqué le traumatisme et les préjugés qu’elle et son époux ont subis aux États-Unis. « C’est quelque chose que j’ai vécu toute ma vie », a-t-elle ajouté, déplorant les insultes essuyées dans la rue.
Bientôt mère, Abdalla a exprimé ses craintes de ne pas avoir son mari à ses côtés pour la naissance de leur premier enfant. « C’était l’un des moments les plus terrifiants », a-t-elle encore rappelé lors de l’entretien.
Cette information, relayée par notre source Anadolu, met en lumière les difficultés rencontrées par certaines communautés aux États-Unis.",États-Unis : L’arrestation de Mahmoud Khalil suscite l’inquiétude de son épouse,"['CBS', 'Hamas']",entertainment,-0.3182,0.19859647750854492,False
122,bb94a26f-f9a6-4adc-a4b4-6fec2fe402e5,https://senego.com/saly-une-femme-arretee-avec-43-milliards-fcfa-en-billets-noirs_1818859.html,2025-03-24 20:19:50+00:00,"La Brigade de recherche du commissariat urbain de Saly a procédé à l’interpellation de la dame A. S., le 23 mars 2025, aux alentours de 22h, en possession de coupures de billets noirs d’une valeur estimée à quatre milliards trois cents millions de francs (4.300.000.000 F CFA).
Selon un communiqué de la police nationale, cette arrestation fait suite à l’exploitation d’un renseignement opérationnel indiquant une transaction suspecte de billets noirs entre la mise en cause et des individus non encore identifiés, près d’une auberge de la localité.
Les agents de la Police nationale, après avoir recueilli des informations fiables sur cette affaire, ont mené une opération minutieuse qui a conduit à l’arrestation de la suspecte. La mise en cause a été immédiatement placée en garde à vue pour détention de coupures de billets noirs, un acte criminel passible de sanctions sévères conformément à la législation en vigueur.
Selon les autorités policières, des investigations supplémentaires sont en cours pour identifier et interpeller toute personne impliquée dans ce trafic illégal.
La Police nationale assure que cette opération s’inscrit dans un cadre plus large de lutte contre les pratiques frauduleuses et les infractions liées à la monnaie et aux faux billets.","Saly : Une femme arrêtée avec 4,3 milliards FCFA en billets noirs","['La Police nationale', 'Police nationale']",business,0.34,0.3429950773715973,False
123,7adfa3ee-8b4e-4b40-aa5f-5ef5cab97a3f,https://senego.com/racky-aidara-rassemble-ses-amis-pour-un-iftar-royal_1818857.html,2025-03-24 19:56:00+00:00,"L’animatrice de la chaîne 2stv, Racky Aidara, a réuni ses proches pour un « ndogou » digne d’un festin royal. Cet événement convivial a eu lieu pendant le mois sacré de Ramadan, une période dédiée au partage et à la spiritualité.
L’invitation de Racky Aidara illustre parfaitement la tradition sénégalaise d’hospitalité et de générosité, où le repas de rupture du jeûne représente un moment clé pour renforcer les liens sociaux et familiaux. C’est un temps où la communauté se réunit, échange et célèbre ensemble.
Pour découvrir ces moments de convivialité et d’échange, nous nous référons à nos confrères du site Kawtef, qui ont mis en lumière cette initiative de l’animatrice. Le partage de ce repas symbolise une tradition profondément enracinée au Sénégal, où chaque occasion de rassemblement est l’occasion de partager et célébrer les valeurs de solidarité.",Racky Aidara rassemble ses amis pour un iftar royal,[],entertainment,0.296,0.0,False
124,2d25d866-b50a-439b-a875-ca5b1dbedbc6,https://senego.com/affaire-mohamed-amra-le-rappeur-koba-lad-interpelle-avec-23-autres-personnes_1818849.html,2025-03-24 19:51:59+00:00,"Vingt-quatre personnes soupçonnées d’avoir participé à l’évasion sanglante du narcotrafiquant Mohamed Amra, au péage d’Incarville (Eure) en mai 2024, ont été interpellées ce lundi. Cette information, révélée par France Info, nous a été confirmée par une source proche de l’enquête.

Parmi les interpellés, certains auraient aidé Mohamed Amra à fuir vers la Roumanie en voiture, tandis que d’autres sont soupçonnés de lui avoir fourni un refuge à Rouen, en Seine-Maritime. Certains individus auraient également pris part à la planification de l’évasion spectaculaire, qui a coûté la vie à deux agents pénitentiaires.
Un ressortissant albanais figure parmi les personnes arrêtées. Il aurait facilité la fuite du narcotrafiquant en Roumanie et l’aurait aidé à s’installer temporairement dans un appartement de la banlieue de Bucarest, en lui fournissant de la nourriture et de l’argent. Parmi les suspects, le rappeur Koba LaD, actuellement incarcéré à Fleury-Mérogis, a été extrait de sa cellule pour être entendu par les enquêteurs. Il est soupçonné d’avoir apporté un soutien à Mohamed Amra pendant sa cavale. Selon une source proche du dossier, des échanges suspects entre le rappeur et plusieurs protagonistes de l’affaire auraient été identifiés.
Son associé, Hervé M., membre de la Black Manjak Family Agency, avait déjà été interpellé début mars. Acquitté d’un meurtre en 2018, il avait été mis en examen en 2023 avec  Koba Lad pour des violences dans une boîte de nuit. Son nom intéresse d’autant plus les autorités que son frère, Nixon M., est soupçonné d’avoir fait partie du commando impliqué dans l’attaque du convoi pénitentiaire.
Ce dernier, présenté comme un « membre notoire » de la Black Manjak Family, ne pourra toutefois jamais répondre aux questions des enquêteurs : il a trouvé la mort dans un accident de voiture au péage d’Heudebouville le 1er novembre 2024, alors qu’il était sous surveillance policière. Mohamed Amra, surnommé « la Mouche », avait finalement été arrêté en février dernier en Roumanie, où il prévoyait une chirurgie esthétique avant de fuir en Colombie. Il vivait là-bas sous une fausse identité, avec l’aide de complices. Son évasion spectaculaire du 14 mai 2024 avait été marquée par une attaque à la voiture-bélier et aux fusils d’assaut contre un fourgon pénitentiaire, faisant plusieurs victimes parmi les forces de l’ordre.","Affaire Mohamed Amra, le rappeur Koba LaD interpellé avec 23 autres personnes",['France Info'],sport,-0.7845,0.3176997900009155,False
125,3d79acf9-1916-42fc-a6f2-06c32bb32ddd,https://senego.com/france-teddy-riner-soppose-a-linterdiction-du-voile-dans-le-sport_1818853.html,2025-03-24 19:50:43+00:00,"Le célèbre judoka français et quintuple champion olympique, Teddy Riner, a exprimé publiquement son opposition à une proposition de loi visant à interdire le port du voile dans les compétitions sportives en France. Cette déclaration intervient alors que le débat sur la question divise profondément le gouvernement, l’opposition et la société civile. « Je dis qu’on perd notre temps, alors que quand on voit chez les voisins, dans d’autres cultures, tout se passe bien et ça n’emmerde personne », a-t-il déclaré lors d’une interview accordée dimanche sur la station de radio RMC.
Le contexte est tendu. Selon nos confrères de Anadolu, le gouvernement français avait réaffirmé son soutien à cette loi, soutenue par le Sénat en février 2025. Sophie Primas, porte-parole du gouvernement, a clarifié ce soutien le 19 mars sur France 2, après plusieurs semaines de tensions internes. L’idée d’interdire le port de signes religieux ostensibles dans les compétitions sportives, à l’instar de cette loi, initialement proposée par Michel Savin du parti Les Républicains, a suscité de vives réactions.
Teddy Riner a poursuivi dans sa critique en indiquant que « penser à l’égalité plutôt que de s’acharner sur une seule et même religion » serait plus juste. La proposition doit néanmoins être soumise à un vote à l’Assemblée nationale, où de vifs débats sont à prévoir. En cas d’adoption, la loi aurait des conséquences directes pour les athlètes musulmanes voilées qui seraient exclues des compétitions officielles.
Cette controverse a même dépassé les frontières françaises, en attirant l’attention de l’Organisation des Nations Unies (ONU). Dans un rapport publié en octobre 2024, l’organisation, par l’intermédiaire de trois rapporteurs spéciaux et du groupe de travail sur la discrimination à l’égard des femmes, a qualifié la mesure française de « disproportionnée et discriminatoire ». Le texte critique la mesure, notant que « la neutralité et la laïcité ne sont pas des motifs légitimes pour restreindre les libertés fondamentales ».",France : Teddy Riner s’oppose à l’interdiction du voile dans le sport,"['Sénat', 'ONU', 'Organisation des Nations Unies', 'Républicains', 'France 2', 'Assemblée nationale', 'RMC']",entertainment,0.1779,0.20342792570590973,False
126,8b06c158-b651-47c2-ae4b-174483808e4e,https://senego.com/pape-thiaw-les-senegalais-vont-voir-un-autre-visage-des-lions-face-au-togo_1818838.html,2025-03-24 19:09:37+00:00,"Le Sénégal se prépare à affronter le Togo ce mardi, un match déterminant pour la suite des éliminatoires de la Coupe du Monde 2026. Après un match nul face au Soudan, qui a laissé les Lions en troisième position du groupe B, derrière le Soudan et la République Démocratique du Congo (RDC), il est désormais impératif de rebondir.
L’entraîneur Pape Thiaw, bien conscient des attentes élevées des supporters, s’est montré optimiste pour son équipe. Lors de la conférence de presse d’avant-match, il a exprimé toute la détermination de ses hommes à redresser la barre. « Il y a une pression, c’est vrai, car le Sénégal est habitué à se qualifier pour le Mondial. Mais c’est une pression positive ! Nous avons l’habitude de terminer premiers, mais toujours en fin de parcours. À ce stade des éliminatoires, à la fin de la phase aller, nous sommes à seulement deux points du leader », a-t-il expliqué, soulignant que tout restait possible.
Avec 15 points encore à distribuer, Pape Thiaw ne veut rien laisser au hasard et reste optimiste quant à la capacité de ses joueurs à combler ce retard. «  Il reste 15 points à prendre, nous ferons le tout pour prendre le maximum de points (pourquoi pas les 15) et terminer à la tête de ce groupe à l’issue des éliminatoires. Je sais que nous avons un groupe déterminant qui a envie de se racheter à partir de demain », a-t-il ajouté.
Les Lions, qui ont fait match nul face au Soudan, sont prêts à relever ce défi et à redonner le sourire à leurs supporters. « Je pense que les Sénégalais vont voir un autre visage des Lions demain, mais aussi pour les matchs qui restent », a conclu l’entraîneur.
Le coup d’envoi du match contre le Togo est prévu à 21 heures au Stade Abdoulaye Wade de Diamnadio, et les supporters sénégalais attendent avec impatience de voir leur équipe retrouver son niveau de jeu habituel, mais surtout son efficacité devant les buts.",Pape Thiaw : « Les Sénégalais vont voir un autre visage des Lions face au Togo… »,"['Mondial', 'Lions demain', 'Lions', 'Les Lions']",sport,0.6249,0.1705809235572815,False
127,2e156589-df0f-45a5-aeb1-ef29cdcac24d,https://senego.com/comment-pratiquer-le-nafila-durant-la-nuit-du-24-mars-2025-du-ramadan_1818844.html,2025-03-24 19:00:29+00:00,"La pratique du nafila durant le mois sacré du Ramadan revêt une importance particulière pour les fidèles musulmans cherchant à se rapprocher davantage d’Allah. Écrit sur le site de nos confrères de Ramadan, le livre « KHOURATOUL AYNI » de Cheikh Chouhaybou Mbacké, Ibn Cheikh Ahmadou Bamba, fournit des indications précieuses sur l’accomplissement correct du nafila, notamment lors de la 24ème nuit de ce mois saint, correspondant au 24 mars 2025. Cette prière est une merveilleuse occasion d’approfondir sa spiritualité et d’accumuler des mérites spirituels inestimables.
Voici comment pratiquer le nafila de la nuit du 24 mars 2025 :
Le nafila doit être exécuté après la prière obligatoire d’Isha.
Afin de bénéficier pleinement des bienfaits de la prière, complétez le nafila avant d’accomplir les prières surérogatoires de Safa et Witr.
Durant cette nuit, exécutez un total de sept prières.
Chaque prière comporte huit rakâ.
Pour chaque rakâ, récitez la Sourate Al-Fatiha.
Suivez immédiatement avec la récitation de la Sourate Al-Ikhlas quatre fois.
Effectuer le nafila durant le Ramadan, tel que souligné dans le livre de Cheikh Chouhaybou Mbacké, procure de nombreux bienfaits spirituels. Ces prières renforcent la foi, favorisent la méditation spirituelle et offrent une paix intérieure, tout en augmentant les récompenses devant Allah.",Comment pratiquer le nafila durant la nuit du 24 mars 2025 du Ramadan ?,[],entertainment,0.25,0.0,False
128,b451a3fd-9190-4b90-81f8-7c9b39c97ee6,https://senego.com/kalidou-koulibaly-nous-allons-montrer-que-nous-sommes-capables-de-nous-qualifier_1818842.html,2025-03-24 18:57:15+00:00,"Les Lions veulent aborder en patrons le match contre les Eperviers du Togo, pour le gagner et démontrer au monde qu’ils sont capables de se qualifier pour la Coupe du monde 2026, a déclaré leur capitaine, Kalidou Koulibaly.
“On veut montrer à tout le monde qu’on est capables de se qualifier pour cette Coupe du monde. Si Dieu le veut, nous le ferons”, a-t-il dit en conférence de presse avant match.
L’équipe nationale du Sénégal affronte celle du Togo, ce mardi, à 21 heures, au stade Maître Abdoulaye Wade, pour tenter de se relancer dans les éliminatoires de la Coupe du monde 2026.
Après un match nul vierge décevant, samedi, à Benghazi (Libye), face au Soudan, les Lions, relégués à la troisième place du groupe B, sont dos au mur.
Ils doivent impérativement gagner les cinq matchs restants des éliminatoires de la Coupe du monde pour espérer se qualifier pour leur troisième Mondial d’affilée.
Pour le capitaine des Lions, pour se qualifier, il faudra une “prise de conscience”, soulignant que l’équipe du Sénégal doit “se refaire sur cette phase retour” des éliminatoires de la Coupe du monde 2026.
“Pour tirer un bilan de cette phase aller, je pense qu’on n’a pas le nombre de points qu’on espérait avoir [ …]”, a reconnu le défenseur et capitaine des Lions.
“C’est vrai qu’on n’a pas les points qu’on espérait, mais il y a d’autres matchs très importants, surtout trois, qui se joueront à domicile. Il faut prendre les trois points à domicile, car c’est difficile de voyager en Afrique”, a-t-il ajouté.
Kalidou Koulibaly considère que le match de demain mardi sera “très important” pour la suite de ces qualifications.
“On veut l’aborder avec un état d’esprit de conquérants. Etre les patrons à la maison. On sait que cela sera difficile face au Togo. A l’extérieur, nous avons fait match nul. On va essayer de rattraper le match nul fait contre le Soudan”, a-t-il dit.
“Malgré de bonnes choses [contre ce dernier adversaire], nous n’avons pas réussi à marquer ce but qui nous aurait permis de prendre les 3 points. Demain, on va venir pour être conquérants pour aller prendre les 3 points et être mieux classé à la fin de cette journée”, a insisté le capitaine des Lions.
APS",Kalidou Koulibaly : “Nous allons montrer que nous sommes capables de nous qualifier”,"['Eperviers du Togo', 'Lions']",sport,0.0772,0.16089928150177002,False
129,c39c9f04-bb4f-4605-b15b-5809088358c9,https://senego.com/france-le-rabbin-dorleans-agresse-en-pleine-rue-deux-maghrebins-a-la-rescousse_1818840.html,2025-03-24 18:50:45+00:00,"Le rabbin d’Orléans, Arié Engelberg, a révélé avoir été victime d’une agression samedi alors qu’il rentrait de la synagogue accompagné de son fils âgé de 9 ans. Selon les informations recueillies par Anadolu, cet incident s’est produit dans la ville d’Orléans, au sud de Paris.
Arié Engelberg a évoqué le soutien remarquable qu’il a reçu immédiatement après l’agression. Il a souligné notamment que deux Maghrébins musulmans ont été parmi les premiers à lui venir en aide. « Ce sont ces deux jeunes qui ont pris l’initiative d’appeler la police », a-t-il déclaré lors d’une intervention sur BFMTV.
Le rabbin a aussi reçu de nombreux messages de soutien et des propositions de témoins prêts à se manifester. « Il y avait de tout. Il y avait des Français, il y avait des personnes de couleur noire », a-t-il précisé, reflétant la diversité des soutiens reçus.
Concernant l’incident lui-même, le rabbin a été frappé à la tête et mordu à l’épaule. Les autorités ont rapidement agi, arrêtant un suspect âgé de 16 ans qui a été placé en garde à vue. Le parquet d’Orléans a annoncé que l’agresseur présumé sera jugé en avril devant le tribunal pour enfants pour violences volontaires aggravées par des motifs religieux supposés.
Dans le communiqué transmis par le parquet, la procureure de la République Emmanuelle Bochenek-Puren a indiqué qu’il est requis de maintenir le suspect en détention provisoire jusqu’au déroulement du procès.
Ces informations, obtenues grâce à nos confrères d’Anadolu, mettent en lumière la solidarité démontrée lors de cet événement tragique.","France : Le rabbin d’Orléans agressé en pleine rue, deux Maghrébins à la rescousse",['BFMTV'],politics,-0.5994,0.17795780301094055,False
130,e6c54184-308c-483d-896c-670f03d12765,https://senego.com/andy-diouf-un-talent-montant-du-rc-lens-seduit-au-dela-des-frontieres_1818836.html,2025-03-24 18:46:07+00:00,"Andy Diouf, joueur de 21 ans évoluant au RC Lens pour sa deuxième saison, continue de se démarquer par ses performances impressionnantes en Ligue 1. Remplaçant de Seko Fofana, Diouf a rejoint l’équipe en provenance du FC Bâle après avoir été désigné meilleur jeune joueur de la Ligue Europa Conférence. Depuis son arrivée à l’été 2023, le milieu de terrain montre une remarquable capacité d’adaptation au haut niveau malgré quelques points à améliorer.
Lors de sa première saison, Diouf a alterné entre des prestations solides et moyennes alors qu’il découvrait les exigences du championnat français et de la Ligue des Champions. Il s’est vite illustré comme un espoir notable, se positionnant parmi les meilleurs U23 en termes de courses progressives en Europe, surpassant des talents comme Florian Wirtz et Jamal Musiala.
Dans cette saison en cours, il est devenu un élément clé pour son équipe, après avoir disputé 20 des 26 matchs de Ligue 1 comme titulaire sous la direction de l’entraîneur Will Still. Utilisé à plusieurs positions au milieu de terrain, Diouf a déjà montré un fort caractère et une présence notable dans les duels et les interceptions, comme confirme son investissement lors des Jeux Olympiques de Paris.
Parmi les réussites marquantes de cette saison, une action de 80 mètres contre Nice illustre bien ses capacités de percussion et d’accélération. Pourtant, son coach Will Still reste exigeant, appelant Diouf à franchir de nouveaux paliers pour devenir un joueur encore plus déterminant. À la recherche constante d’amélioration, Diouf s’efforce de corriger certains défauts, notamment dans la finition où il dispose encore de matière à progression.
Les performances de Diouf ne passent pas inaperçues et suscitent l’intérêt de clubs européens, notamment Crystal Palace. Déjà, le jeune talent lensois s’affirme comme un cadre de l’Équipe de France Espoirs sous la direction de Gérald Baticle, ce qui souligne son statut grandissant. Selon les informations relayées par Footmercato et lues sur le site de nos confrères de Sud Quotidien, Diouf pourrait envisager un avenir au-delà de Lens et potentiellement en dehors des frontières françaises à la fin de cette saison.",Andy Diouf : Un Talent Montant du RC Lens Séduit au-delà des Frontières,"['Ligue 1', 'FC Bâle', 'Ligue des Champions', 'Équipe de France Espoirs', 'RC Lens', 'RC Lens Séduit']",sport,0.9001,0.13384410738945007,False
131,b79b82f9-7524-45cf-9348-6777551545f6,https://senego.com/eliminatoires-du-mondial-2026-le-burkina-faso-bat-la-guinee-bissau-le-mali-stagne_1818830.html,2025-03-24 18:41:07+00:00,"Lors de la sixième journée des éliminatoires pour la Coupe du monde 2026 dans la zone Afrique, les équipes ont livré des performances cruciales avec des impacts significatifs sur leurs classements dans chaque groupe. Ces informations ont été rapportées par le site Sud Quotidien.
Dans le groupe A, le Burkina Faso a remporté une victoire déterminante contre la Guinée-Bissau avec un score de 2-1. Les Étalons ont pu compter sur la performance impressionnante de Lassina Traoré, auteur d’un doublé aux 6ème et 73ème minutes de jeu. Avant cela, la Guinée-Bissau avait réussi à égaliser grâce à Zidane Banjaqui à la 36ème minute. Grâce à cette victoire, le Burkina Faso sécurise sa place à la deuxième position, n’étant plus qu’à deux points de l’Égypte, qui affrontera la Sierra Leone demain.
Dans le groupe H, le Libéria a pris le dessus sur Sao Tomé-et-Principe avec une victoire de 2-1. Les buts libériens ont été inscrits par Nicholas Andrews à la 4ème minute et Bryant Farkarlun à la 32ème, tandis que Luis Do Sacramento a marqué pour Sao Tomé-et-Principe en réduisant l’écart à la 44ème minute. Cette victoire permet au Libéria de se hisser à la troisième place, se rapprochant à trois points de la Tunisie et à deux de la Namibie. Les Tunisiens doivent jouer contre le Malawi ce soir.
Enfin, dans le groupe I, le Mali a vu sa situation se complexifier après un match nul contre la Centrafrique. Les Aigles, avec neuf points et un match de plus, se placent en troisième position, à trois points du leader ghanéen et à une unité de Madagascar. Ces deux équipes rivales s’affrontent ce soir, dans un match décisif pour la suite des qualifications.  » Sud Quotidien a fourni ces mises à jour corrélatives de la compétition.","Éliminatoires du Mondial 2026 : le Burkina Faso bat la Guinée-Bissau, le Mali stagne","['Mondial', 'Sud Quotidien']",tech,-0.2732,0.24770325422286987,False
132,c355f866-d0ae-4b8a-af8d-342bb20f192f,https://senego.com/israel-reduction-de-la-presence-de-lonu-a-gaza-suite-aux-attaques_1818826.html,2025-03-24 18:30:50+00:00,"Antonio Guterres, secrétaire général des Nations Unies, a pris la décision de réduire la présence de l’organisation à Gaza. Cette mesure intervient après la reprise des attaques israéliennes dans la région. C’est Stéphane Dujarric, porte-parole de l’ONU, qui a fait cette annonce lors de la conférence de presse quotidienne de lundi.
Stéphane Dujarric a souligné l’impact des récentes attaques israéliennes qui ont conduit à la mort de centaines de civils au cours de la semaine dernière, y compris des membres du personnel onusien. Il a également rappelé qu’Israël n’avait pas permis le passage de l’aide humanitaire depuis début mars. « Le secrétaire général des Nations unies a donc été contraint de prendre la décision de réduire la présence de l’organisation à Gaza », a-t-il déclaré.
M. Dujarric a précisé que, sur les 100 employés internationaux de l’ONU présents à Gaza, 30 devront partir. « Nous ne quittons pas Gaza. Nous continuerons à fournir une assistance pour la survie et la protection des civils », a-t-il ajouté. Cette démarche intervient à un moment critique où la demande d’aide humanitaire et de protection est en hausse.
Il a poursuivi en affirmant que les autorités israéliennes souhaitaient continuer leurs « activités militaires » à Gaza. Stéphane Dujarric a confirmé que l’attaque fatale du 19 mars, qui avait causé la perte de personnel de l’ONU, avait été orchestrée par Israël. En réponse, Antonio Guterres a dénoncé fermement l’agression israélienne et a appelé à une enquête complète et indépendante.
Pour plus d’informations, cette annonce a été partagée avec nos confrères de l’agence Anadolu, traduite du turc par Alex Sinhan Bogmis.",Israël : Réduction de la Présence de l’ONU à Gaza suite aux Attaques,"['l’ONU', 'ONU', 'Nations Unies', 'Nations unies']",business,0.0,0.2325650453567505,False
133,4989f3b6-d7ac-4108-af63-41efc6dc96dc,https://senego.com/relance-du-barrage-daffiniam-en-casamance-un-projet-de-hub-agricole-pour-le-sud-du-senegal_1818823.html,2025-03-24 18:26:05+00:00,"Le barrage d’Affiniam, situé dans le département de Bignona au sud du Sénégal, se prépare à devenir un centre névralgique de l’agriculture, grâce à un projet d’investissement significatif estimé à quatre milliards de FCFA. Ce projet ambitieux a été révélé par le ministre de l’Agriculture, de la Souveraineté alimentaire et de l’Élevage, Mabouba Diagne, lors d’une visite sur le site du barrage. Cette initiative vise à valoriser les terres environnantes de cet ouvrage hydro-agricole transformant la région en un important « hub agricole ».
Selon les informations rapportées par Sud Quotidien, le ministre Diagne a exposé le plan qui permettra non seulement de redynamiser la zone mais aussi d’en garantir la pérennité agricole. Le Projet de développement des cultures vivrières et de résilience (PDCVR) prévoit la mise en valeur d’environ 3 000 hectares de terres agricoles. Ce programme a pour objectif d’assurer une production continue et robuste, avec une première phase de production estimée à 6 000 tonnes de paddy, équivalant à 3 960 tonnes de riz blanc, destinée à nourrir près de 36 000 personnes.
En complément de la riziculture, des activités horticoles sont également prévues sur des superficies allant de 1 200 à 1 500 hectares pendant huit mois chaque année, cultivant des légumes de haute valeur comme les carottes, pommes de terre et tomates. Le ministre a également évoqué des infrastructures essentielles telles que des digues antisel et de rétention d’eau, ainsi que des forages alimentés par l’énergie solaire pour garantir un accès continu à l’eau.
L’implication de l’armée est également envisagée pour soutenir la gestion et assurer la sécurité des zones agricoles. Le Projet prévoit l’établissement de Cooperatives d’Utilisation de Matériel Agricole (CUMA) pour améliorer l’efficacité des moyens de production à travers l’introduction de matériels modernes comme les tracteurs et les mini-moissonneuses. Ce projet est d’une importance capitale, car il doit offrir un modèle de réussite agricole pour la région de Ziguinchor et au-delà, selon Sud Quotidien.
Pour mémoire, le barrage d’Affiniam est l’un des ouvrages historiques construits entre 1984 et 1988 dans le cadre d’une coopération entre le Sénégal et la Chine, avec un investissement initial de 6 milliards de francs CFA. Cependant, il a été confronté à des défis liés à sa fonction première de lutte contre la salinisation et à l’inefficacité des aménagements secondaires projetés à l’origine. Malgré des investissements ultérieurs de l’État, estimés à plus de dix milliards de francs CFA, les résultats n’ont pas été à la hauteur des espérances, suscitant des critiques parmi les populations locales.
En dépit des obstacles passés, le ministre Diagne reste optimiste, soulignant le potentiel de nouveaux projets qui ont vu le jour dans le bassin versant, tel que le Projet de gestion de l’eau dans la zone sud (PROGES) et le Projet autonome de développement rural de la Basse-Casamance (DERBAC). Après avoir visité le barrage, le ministre et sa délégation ont continué leurs échanges dans la vallée de Diatock, réaffirmant leur engagement envers le développement durable de la région.",Relance du barrage d’Affiniam en Casamance : un projet de hub agricole pour le sud du Sénégal,"['Souveraineté alimentaire et de l’Élevage', 'ministre de l’Agriculture']",tech,0.7579,0.39076918363571167,True
134,60dff2dc-a011-4840-916e-d1c5f5af6cf9,https://senego.com/takander-le-nouveau-depart-de-boul-a-dakar_1818817.html,2025-03-24 18:21:03+00:00,"Boul, un jeune homme franco-sénégalais ayant grandi à Paris, se retrouve au cœur d’une intrigue tumultueuse alors qu’il tente de fuir une vie difficile. Dans la première saison de la série « Takander », au onzième épisode, Boul est illustré comme un organisateur de combats clandestins, constamment sous la pression de son inférieur cadre de vie parisien.
Travaillant dans des conditions défavorables et régulièrement maltraité par son employeur, Franck, il décide de détourner une somme considérable de 300.000 euros. Accompagné de sa petite amie Aïssa, il quitte Paris pour Dakar, en quête d’une nouvelle vie plus épanouie et éloignée du stress incessant de la capitale française.
Boul nourrit l’ambition audacieuse de devenir le plus grand promoteur de lutte sénégalaise, une discipline empreinte de tradition et de culture au Sénégal. Cependant, ces rêves de grandeur sont rapidement menacés par la poursuite inlassable de Franck, déterminé à retrouver son argent détourné et à se venger.
La tension augmente à mesure que Boul doit naviguer dans les rues animées de Dakar, une « jungle » moderne où se mêlent espoir et danger. La série soulève ainsi la question cruciale : Boul pourra-t-il survivre et prospérer dans cet environnement instable ? Pour découvrir la suite de l’histoire de Boul, l’épisode complet est à retrouver sur le site de nos confrères de Kawtef.",Takander : Le Nouveau Départ de Boul à Dakar,[],entertainment,-0.4404,0.0,False
135,091425e7-ff43-409b-a43b-fcd7c7a75afe,https://senego.com/royaume-uni-premier-cas-de-grippe-aviaire-h5n1-detecte-chez-un-mouton_1818814.html,2025-03-24 18:20:46+00:00,"Dans un communiqué officiel, le gouvernement britannique a annoncé la détection d’un premier cas de grippe aviaire H5N1 chez un mouton au Royaume-Uni. Ce cas a été confirmé dans le Yorkshire, situé au nord de l’Angleterre, après des tests positifs répétitifs sur le lait de l’animal infecté.
Le ministère de l’Environnement, de l’Alimentation et des Affaires rurales a expliqué que ce cas a été repéré grâce à une surveillance de routine des animaux cohabitants dans une installation où des oiseaux en captivité avaient précédemment contracté la grippe aviaire. En réaction, une surveillance étroite du bétail a été menée dans cette zone, reflétant une mesure prise suite à l’apparition de la grippe aviaire chez des vaches laitières aux États-Unis.
Pour approfondir l’enquête, le mouton infecté a été abattu afin de permettre des tests supplémentaires au laboratoire national de référence pour la grippe aviaire, dirigé par l’Agence pour la santé des animaux et des plantes de Weybridge. Le reste du troupeau a également subi des examens rigoureux.
Selon le communiqué, ces investigations n’ont révélé aucune autre infection dans le troupeau, ce qui laisse penser qu’il s’agit d’un incident isolé. « Bien que le risque pour le bétail soit faible, il est essentiel que les propriétaires d’animaux maintiennent une propreté stricte et rapportent tout signe d’infection », a déclaré Christine Middlemiss, vétérinaire en chef du Royaume-Uni.
L’Agence britannique de sécurité sanitaire a souligné que la grippe aviaire concerne principalement les oiseaux et que le risque pour la santé publique demeure minime. Cependant, elle exhorte le public à éviter tout contact avec des oiseaux sauvages morts ou malades. Ce rapport a été relayé par nos confrères de l’agence Anadolu et traduit par Mourad Belhaj.",Royaume-Uni : Premier cas de grippe aviaire H5N1 détecté chez un mouton,"['Agence pour la santé des animaux et des plantes de Weybridge', 'Agence britannique de sécurité sanitaire', 'Anadolu', 'ministère de l’Environnement', 'Alimentation et des Affaires rurales']",politics,-0.25,0.3228435814380646,False
136,c4e26f49-2b60-46c4-a385-108e6335df71,https://senego.com/aziz-ndiaye-annonce-un-mariage-sobre-pour-sa-fille-ainee-ndeye-ndiaye_1818809.html,2025-03-24 18:10:48+00:00,"Lors d’une déclaration récente, Aziz Ndiaye, célèbre homme d’affaires, a annoncé que le mariage de sa fille aînée, Ndeye Ndiaye, n’inclura pas de festivités fastueuses. Contrairement aux célébrations somptueuses organisées précédemment, ce mariage sera réduit à une simple cérémonie religieuse.
Cette annonce contraste fortement avec les récentes célébrations orchestrées par Aziz Ndiaye. Le baptême de son dernier enfant ainsi que le mariage de sa fille Maman Aziz ont été marqués par des festivités grandioses où d’importantes sommes ont été investies.
Cet engagement à organiser un mariage sobre pour Ndeye Ndiaye a été relayé par nos confrères de Kawtef, soulignant ainsi une décision différente des habitudes prises lors des événements familiaux récemment.",Aziz Ndiaye annonce un mariage sobre pour sa fille aînée Ndeye Ndiaye,[],entertainment,0.4588,0.0,False
137,10c0637e-b56c-4197-ba55-b722a55155ec,https://senego.com/chroniqueurs-en-roue-libre-journalistes-sous-silence-qui-defend-encore-ce-metier-par-fatou-abdou-ndiaye_1818803.html,2025-03-24 18:01:43+00:00,"Chroniqueurs en roue libre, journalistes sous silence: qui défend encore ce métier ?
Notre espace médiatique est malade. Et ce n’est pas une maladie passagère. C’est une dérive profonde, structurelle, presque devenue normale. Chaque jour, les plateaux télé se transforment en arènes de spectacle, où des chroniqueurs autoproclamés débitent à longueur d’émissions des opinions, des jugements partisans, des attaques personnelles, parfois même des injures.
Ce phénomène n’est pas anodin. Il est le symptôme d’un effondrement plus grave : Celui du respect des règles, de la rigueur, et surtout de la neutralité. Car à force de donner la parole à tout le monde sans critères, sans exigence, sans formation les médias ont créé une armée de chroniqueurs sans code et sans limites.
Le plus inquiétant, c’est que certains revendiquent ouvertement leur partisanerie, sans gêne ni retenue. Ils ont un camp, et toutes leurs chroniques sont dirigées contre un autre. Ce n’est plus du journalisme, c’est du combat. Ils parlent au nom de leurs affiliations. Et les télés leur offrent chaque jour un micro pour régler leurs comptes.
Mais ce qui choque le plus, c’est le silence assourdissant des journalistes présents sur ces plateaux. Ceux-là même qui, parfois, ont reçu une vraie formation, qui connaissent les règles, qui savent ce qui est acceptable et ce qui ne l’est pas. Pourtant, ils se taisent. Ils laissent faire. Ils regardent ailleurs. Ils acquiescent même parfois, rient ou relancent, alors que le métier qu’ils représentent est en train d’être piétiné devant eux. Pourquoi ce silence ? Par peur de perdre leur place ? Par confort ? Par fatigue ?
Les propriétaires de médias ont aussi une lourde part de responsabilité. Ils ont sacrifié l’éthique sur l’autel de l’audimat. Ils ont troqué la crédibilité contre la viralité. Un bon débat posé et équilibré ne fait plus recette : ce qui attire, ce sont les clashs, les invectives, les scènes de chaos. Le sensationnel a remplacé l’essentiel.
Mais ce cynisme a un prix. Et ce prix, c’est la crédibilité de toute une profession. Les vrais journalistes, ceux qui respectent leur déontologie, se retrouvent noyés dans un océan de bavardages, d’improvisations, et de règlements de compte. Leur silence devient pesant. Leur image est éclaboussée. Leur métier, discrédité.
Il est temps que ça cesse. Il est temps que les rédactions reprennent le contrôle. Que les patrons de presse assument leur rôle de garants de l’éthique. Que les journalistes refusent d’être complices de cette dérive, même par passivité. Car on ne peut pas prétendre défendre la démocratie avec des outils qui détruisent la confiance, la nuance et la vérité.
Le journalisme n’est pas une tribune pour militants. Ce n’est pas une scène pour chroniqueurs politisés. Le journalisme, c’est un métier. Un vrai. Avec des règles. Avec des exigences. Avec une responsabilité envers le public.
Aux chroniqueurs, je dis, vous ne parlez pas au nom de la presse. Vous parlez en votre nom propre et pour vos combats.
Fatou Abdou Ndiaye
Journaliste,","« Chroniqueurs en roue libre, journalistes sous silence : qui défend encore ce métier ? » (Par Fatou Abdou Ndiaye)",[],tech,-0.765,0.0,False
138,c88bad97-90a3-48ac-b783-191fe4408af7,https://senego.com/mauvaise-nouvelle-pour-les-lions-cheikh-niass-quitte-la-taniere-et-rejoint-son-club_1818795.html,2025-03-24 17:43:11+00:00,"Le milieu de terrain sénégalais Cheikh Niass ne disputera pas le match contre le Togo, prévu le 25 mars 2025, dans le cadre des éliminatoires de la Coupe du monde 2026. Le joueur s’est blessé à la cuisse droite lors de l’entraînement du 21 mars à Benghazi, en préparation de la rencontre.
Les examens médicaux ont confirmé une lésion aux ischio-jambiers de grade III, une blessure sérieuse nécessitant une prise en charge immédiate.
Face à cette situation, le staff médical des Lions de la Teranga a décidé de libérer le joueur, qui rejoindra son club afin de poursuivre les soins.",Mauvaise nouvelle pour les Lions : Cheikh Niass contraint de quitter la tanière et rejoindre son club,"['Lions de la Teranga', 'Lions']",sport,0.0,0.2381952702999115,False
139,454d4513-0741-4167-912e-63c4383da8ec,https://senego.com/1-an-diomaye-alpha-ba-pres-de-300-milliards-investis-dans-le-monde-agricole_1818794.html,2025-03-24 17:42:02+00:00,"Le secrétaire d’État aux coopératives et à l’encadrement paysan, Alpha Ba, était l’invité de la matinale Salam Sénégal. Il a dressé un bilan des réalisations agricoles sous la présidence de Bassirou Diomaye Faye, mettant en avant les progrès enregistrés en une année avec près de 300 milliards de francs CFA injectés dans le secteur.
Selon Alpha Ba, dès leur arrivée, le président Bassirou Diomaye Faye et le Premier ministre Ousmane Sonko ont donné des instructions claires pour régler les dettes des opérateurs privés stockeurs. « En 2024, nous avons payé une dette de 91 milliards. En 2025, l’État a décidé d’injecter près de 120 milliards dans les campagnes agricoles. En additionnant ces montants avec les 180 milliards dédiés au paiement des dettes, on peut dire que près de 300 milliards ont été investis dans le monde agricole en une année. »
Alpha Ba a également insisté sur les réformes en matière de transparence dans la distribution et la gestion des semences et des engrais. « Désormais, tout passe par des appels d’offres transparents. Ce n’est plus un ministre ou un directeur qui décide seul. Certains opérateurs étaient sceptiques au début, mais nous avons prouvé que cela pouvait fonctionner grâce au principe du ‘jub jubeul jubanti’ (honnêteté et transparence). »
Avec ces mesures, le gouvernement ambitionne de moderniser et dynamiser l’agriculture sénégalaise, en renforçant la production locale et en garantissant une distribution équitable des ressources.","1 An Diomaye, Alpha Ba: « prés de 300 milliards investis dans le monde agricole  »","['Salam Sénégal', 'Alpha Ba']",business,-0.5423,0.19040021300315857,False
140,72a633d3-7b79-4bfc-91b7-2cfd1d4a42fc,https://senego.com/si-badara-revient-sur-jakarloo-ou-qg-cest-que-bouba-laura-voulu-par-mass-seck_1818783.html,2025-03-24 17:15:16+00:00,"Demandez vous depuis quand est ce qu’on a plus vu une émission Face2face de Aissatou Diop Fall sur la Tfm. Depuis le Dimanche 04 Décembre 2022 on a plus vu la tête de Aissatou avec le logo de ce programme. Et demandez vous le pourquoi?
Simplement parce que Aïssatou Diop Fall avait appuyé les dires de Ahmeth Khalifa Niasse qui affirmait que Bouba Ndour devait être remplacé parce qu’il est incompétent. Aïssatou avait juste relancé le prédicateur en lui signifiant que ce qu’il fustigeait sur le travail de Tfm était de la responsabilité de Bouba Ndour et non de Youssou Ndour. Elle avait par cité nommément Birane pour les choix de remplacement alors que Ahmeth Khalifa Niasse proposait la fille du propriétaire.
Furieux Bouba Ndour avait fait une sortie pour répondre à Ahmeth Khalifa Niasse en disant que c’était la télé et Youssou Ndour qui était attaqué. Résultats des courses Aïssatou D Fall avait été purement et bonne retiré de l’écran son émission supprimée tout bonnement. Il n’y avait pas d’insultes seulement un opinion d’un invité qui ne plaidait pas. Le prédicateur n’a depuis lors plus été invité sur QG où l’on se souvient il faisait la une avec des déclarations qui faisaient le tollé chaque année pendant le ramadan. Il s’est désormais rabattu sur Walf où il ouvre le formât soir de Ramadan pendant la période du Jeun.
Aïssatou D Fall est une journaliste qui ne dépendait pas de son service programme mais de la rédaction. Les chroniqueurs comme Badara Gadiaga dépendent directement de son service et son choisis par Bouba Ndour. Abou Diallo en tant que chroniqueur pourquoi il a été éjecté de Jakarloo lui aussi? il avait juste critiqué Bouba sur ce plateau. Qui peut le plus peut le moins. Bouba a fait une sortie pour se dédouaner et avancer que les propos de Gadiaga ne sont que ses points de vue à lui et qu’il les respecte. En réalité, tout le monde sait que tout ceux s’assoient sur ces divans sont des choix même si dans les normes la rédaction a une responsabilité que personne ne revendique.
Si vous voyez Badara Gadiaga à nouveau s’asseoir pour faire ce qu’il fait depuis c’est que Bouba Ndour l’a permis. Le jour ou il dit ce qui ne lui plaît pas, même en différé , vous ne le verrez plus comme Aïssatou et cela nulle part sur Tfm.",Si Badara revient sur Jakarloo ou QG c’est que Bouba l’aura voulu (Par Mass Seck),['Jeun'],sport,-0.3612,0.21928638219833374,False
141,1014e800-26db-44e7-9717-6cc5c74f93a6,https://senego.com/allemagne-condamnation-de-la-legalisation-des-colonies-israeliennes-en-cisjordanie_1818785.html,2025-03-24 17:10:44+00:00,"L’Allemagne a exprimé sa ferme opposition à la décision du gouvernement israélien de légaliser 13 colonies de peuplement en Cisjordanie occupée. Cette annonce a été faite lundi par le porte-parole du ministère allemand des Affaires étrangères.
Christian Wagner, porte-parole du ministère, a souligné que cette décision violait le droit international et faisait obstacle à une solution politique au conflit israélo-palestinien. « Nous condamnons fermement cette décision. Elle promeut une politique de colonisation expansive qui compromet ouvertement la solution à deux États », a-t-il déclaré lors d’une conférence de presse à Berlin.
M. Wagner a également précisé que le gouvernement allemand considère la politique de colonisation d’Israël comme illégale. Il a ajouté qu’il est impératif de mettre fin à cette politique et d’annuler immédiatemment cette décision. Ces propos ont été rapportés par Anadolu, une agence de presse internationale.
Dimanche, le ministre israélien des Finances, Bezalel Smotrich, avait annoncé que le cabinet de sécurité avait approuvé un plan pour intégrer 13 avant-postes de colonies en Cisjordanie occupée. Il a qualifié cette initiative de pas important vers une « souveraineté réelle » en Judée et en Samarie.
Selon des statistiques palestiniennes, environ 770 000 colons israéliens vivent illégalement dans 180 colonies et 256 avant-postes dispersés sur les territoires occupés. Les Nations unies estiment ces colonies illégales au regard du droit international et avertissent qu’elles entravent les efforts pour une coexistence pacifique à deux États.
La situation reste tendue en Cisjordanie, avec au moins 937 Palestiniens tués et plus de 7 000 blessés depuis le début de la récente guerre contre Gaza en octobre 2023. En juillet, la Cour internationale de justice a jugé illégale l’occupation israélienne des territoires palestiniens, appelant à l’évacuation des colonies de Cisjordanie et de Jérusalem-Est.
Ces développements ont été traduits par Mourad Belhaj et consultés sur le site d’Anadolu, soulignant l’omniprésence et la complexité du conflit israélo-palestinien.",Allemagne : condamnation de la légalisation des colonies israéliennes en Cisjordanie,"['ministère allemand des Affaires étrangères', 'Cour internationale de justice', 'Finances', 'Nations unies']",politics,0.743,0.28164732456207275,False
142,36bf3758-e558-48e1-9ec9-ee145a1484a5,https://senego.com/moustapha-ndieck-sarre-je-condamne-avec-la-plus-grande-fermete-ces-mots-deplaces-et-irreverencieux_1818781.html,2025-03-24 16:47:51+00:00,"Les réactions continuent d’affluer après les déclarations de Badara Gadiaga. Parmi celles-ci, Moustapha Sarré, qui s’est exprimé sur le sujet, a tenu à condamner fermement les propos du chroniqueur. En tant que porte-parole du gouvernement, il a dénoncé des déclarations qu’il juge déplacées et irrespectueuses.
Cette prise de position s’inscrit dans un contexte où de nombreuses voix s’élèvent pour critiquer les paroles de Badara Gadiaga, suscitant un vif débat dans l’opinion publique.
Le post!
Lors de l’émission « Jakarlo – Bi » diffusée sur la TFM le vendredi 21 mars 2025, un chroniqueur a tenu des propos irrespectueux envers le Premier Ministre, Monsieur Ousmane Sonko ainsi que l’Honorable député, Monsieur Amadou Bâ. Je condamne avec la plus grande fermeté ces mots déplacés et irrévérencieux, qui ne sauraient en aucun cas être justifiés par la liberté d’expression. Il est inacceptable que le groupe médiatique GFM ait laissé passer de telles invectives, sans interruption du chroniqueur sur le moment ni excuses après l’émission. Une attitude aussi légère et aussi peu professionnelle est, tout au moins, contraire à la déontologie journalistique et au rôle que les médias doivent jouer dans l’élévation du débat dans l’espace politique, où les idées priment sur les attaques personnelles.
M. Amadou Moustapha Ndieck SARRE Directeur de l’École du Parti Pastef Daaray Cheikh Anta Diop",Moustapha Sarré: « Je condamne avec la plus grande fermeté ces mots déplacés et irrévérencieux »,"['TFM', 'École du Parti Pastef']",politics,0.128,0.2854762375354767,False
143,73f37414-a365-4567-933e-e7a70126e3d7,https://senego.com/france-la-mosquee-attaqwa-de-nice-en-quete-de-financement-pour-eviter-la-fermeture_1818779.html,2025-03-24 16:40:53+00:00,"La mosquée Attaqwa, implantée dans le quartier des Moulins à Nice, est un lieu de culte apprécié des musulmans locaux depuis sa création en 2000. En effet, cette salle de prière de 150 mètres carrés attire jusqu’à 300 fidèles chaque jour, principalement des jeunes de cette zone sensible. Cependant, il y a quatre ans, le renouvellement du bail signé avec l’Organisation des Musulmans de la Côte d’Azur (OMCA) n’a pas été accordé par le bailleur Côte d’Azur Habitat.
Ce refus de renouvellement a été motivé par l’existence d’une extension qualifiée d’illégale. Face à la menace de perdre cet espace crucial, l’OMCA a engagé des discussions avec le bailleur social. Désormais, on leur propose de racheter les murs pour 337 000 euros. C’est ainsi que la communauté et l’OMCA s’efforcent de réunir les fonds nécessaires.
L’engagement des résidents des Moulins et leurs soutiens est manifeste, notamment depuis le début du Ramadan. « Depuis aussi loin que je me souvienne, ce lieu a toujours permis aux gens du quartier de venir prier », témoigne Youssef, un habitant local, au média Anadolu. Il est inconcevable pour lui que cet espace puisse fermer.
Un sentiment partagé par d’autres jeunes qui, bien que peu pratiquants, insistent sur l’importance de cet espace de prière. « On n’acceptera jamais qu’elle ferme », confie un autre résident à Anadolu. En réponse, plus de 7 000 personnes ont déjà signé une pétition pour éviter l’expulsion de la mosquée Attaqwa.
Grâce à la mobilisation, notamment d’autres mosquées du département, des collectes de fonds ont été organisées pour soutenir le rachat des locaux. « La période du Ramadan est propice aux dons », précise Kaïs, un musulman fidèle de la mosquée. Il souligne l’importance de la solidarité en ces temps cruciaux.
Pour réunir les 337 000 euros exigés, une cagnotte en ligne a été mise en place sur Cotizup. Plus de 150 000 euros ont déjà été collectés. L’OMCA affirme que cette acquisition garantirait un lieu de culte permanent, éliminant ainsi la peur d’une éventuelle expulsion. « Ce n’est pas qu’un simple appel aux dons, c’est un devoir collectif », précise-t-elle avec insistance.
Selon les informations du média Anadolu, l’effort de collecte se poursuit, avec un appel à la responsabilité et à l’engagement de chaque musulman. L’objectif est de préserver ce lieu de culte, indispensable à la communauté locale.",France : La mosquée Attaqwa de Nice en quête de financement pour éviter la fermeture,"['OMCA', 'Organisation des Musulmans', 'Anadolu']",entertainment,0.8625,0.23941950500011444,False
144,e39e5839-ce54-4cf5-8c60-201dec09d120,https://senego.com/mendicite-et-maltraitance-diomaye-et-sonko-mettront-ils-fin-au-calvaire-des-enfants-talibes_1818767.html,2025-03-24 16:33:02+00:00,"Le constat est alarmant, des milliers d’enfants talibés errent dans les rues du Sénégal, pieds nus, vêtus de haillons, contraints de mendier pour survivre. Ils vivent dans des daaras insalubres, subissant de parfois graves maltraitances. Cette violation flagrante des droits de l’enfant semble désormais banalisée. Face à cette situation, quelles mesures le président Diomaye Faye et son gouvernement comptent-ils adopter ? Parviendront-ils à mettre fin à ce fléau là où Macky Sall a échoué, malgré ses initiatives ?
Un phénomène persistant et lucratif
Les enfants talibés, confiés dès leur plus jeune âge à des maîtres coraniques, sont contraints de mendier pour subvenir à leurs propres besoins et rapporter de l’argent à leur maître. Cette pratique perdure malgré les législations en place et génère des profits colossaux. Une étude de l’ONG Global Solidarity Initiative (GSI) estimait en 2018 qu’il existait plus de 2 000 daaras à Dakar, accueillant près de 200 000 talibés, dont 25 % sont forcés de mendier.
Le phénomène repose sur un système organisé à l’échelle nationale et sous-régionale, impliquant des enfants venus de pays voisins comme la Gambie et la Guinée-Bissau. Cela s’apparente à une forme moderne de traite d’enfants à des fins d’exploitation économique. En 2016, Issa Saka, coordonnateur du Projet de lutte contre l’exploitation et la mendicité des enfants talibés (PLEMET), révélait que ce trafic générait près de 5,475 milliards FCFA par an pour les maîtres coraniques dans la seule région de Dakar, rapporte Amnesty International.
Maltraitance et violence : un quotidien alarmant
Les conditions de vie dans certains daaras sont extrêmement précaires. L’insalubrité, la malnutrition et l’absence de soins de santé aggravent la vulnérabilité des enfants. Outre ces conditions déplorables, de nombreux talibés subissent des violences physiques. Des témoignages révèlent l’ampleur de la maltraitance systématique, qui conduisent parfois à la mort. Pour ne citer qu’un seul cas, en janvier 2022, un talibé de 10 ans est mort à Touba après avoir été battu par son maître coranique pour ne pas avoir su sa leçon. Plus récemment, à Dahra (département de Linguère), un maître coranique a été arrêté pour avoir infligé des traitements inhumains à ses élèves. L’un d’eux a été forcé de rester debout sur une plaque de zinc chauffée, provoquant de graves brûlures aux pieds. Ces actes ne sont que la partie émergée de l’iceberg.
Un cadre légal peu appliqué
Le Sénégal a ratifié plusieurs conventions internationales et régionales protégeant les droits des enfants, notamment la Convention internationale relative aux droits de l’enfant. En théorie, la Constitution et certaines lois nationales interdisent la traite et les mauvais traitements. Mais dans les faits, leur application reste marginale, souvent entravée par des pressions sociales et religieuses. Les autorités ferment parfois les yeux devant ces violations, ce qui laisse place à l’impunité.
La loi de 2005 sur la lutte contre la traite des personnes prévoit des peines de prison allant de 2 à 5 ans et des amendes de 500 000 à 2 000 000 FCFA pour toute personne organisant la mendicité d’autrui à des fins lucratives. Pourtant, peu de poursuites judiciaires sont engagées, et cette loi reste rarement appliquée.
Resistance des maitres coraniques
En 2018, un projet de loi portant sur le statut des daaras, visant à les intégrer au système éducatif national, a été validé en Conseil des ministres mais n’a jamais été examiné par l’Assemblée nationale. Certains maîtres coraniques s’opposent farouchement à cette réforme, la percevant comme une menace contre l’islam. De même, le projet de Code de l’enfant reste bloqué sous la pression de milieux conservateurs, faisant du Sénégal l’un des rares pays de la sous-région à ne pas disposer d’un tel texte. Une situation jugée préoccupante par le Haut-Commissariat des Nations Unies aux droits de l’homme.
L’échec des initiatives précédentes
En 2016, l’ancien président Macky Sall avait lancé une campagne de retrait des enfants des rues. Ils devaient être placés dans des centres avant d’être réintégrés dans leurs familles. Les maîtres coraniques contraignant les talibés à mendier étaient menacés de sanctions. Mais sous la pression des maîtres coraniques, cette initiative a été rapidement abandonnée, et la situation est restée inchangée.
Quelles solutions sous le nouveau régime ?
Les arrestations sporadiques de maîtres coraniques maltraitants ne suffisent pas à enrayer le phénomène. L’État doit mettre en place des réformes structurelles pour garantir un apprentissage digne et sécurisé aux enfants talibés. La réglementation des daaras, la lutte contre la mendicité forcée et l’application stricte des lois existantes sont des priorités urgentes.
Les Sénégalais attendent des actions concrètes de Diomaye Faye et de son gouvernement. Ils espèrent que le nouveau régime saura enfin mettre fin à cette situation inacceptable et redonner aux enfants talibés la dignité et la protection qu’ils méritent. Le moment est venu de briser ce cycle d’exploitation et de violence.",Mendicité et maltraitance : Diomaye et Sonko mettront-ils fin au calvaire des enfants talibés ?,"['Haut-Commissariat des Nations Unies', 'Convention internationale relative aux droits de l’enfant', 'Conseil', 'Assemblée nationale', 'Amnesty International', 'PLEMET', 'Resistance des maitres coraniques']",entertainment,-0.9633,0.2894304394721985,False
145,0611ee19-ae69-43c4-96e7-158e575c985d,https://senego.com/turquie-erdogan-pret-a-renforcer-les-liens-avec-leurope_1818775.html,2025-03-24 16:30:41+00:00,"Le président turc, Recep Tayyip Erdogan, a affirmé la volonté de la Turquie de renforcer ses relations avec les pays européens et l’Union européenne. Cette déclaration a été faite à l’issue du conseil de cabinet qu’il a présidé à Ankara ce lundi, selon un rapport de nos confrères de l’agence Anadolu.
Erdogan a souligné que cette coopération doit s’inscrire dans le cadre des intérêts communs et du respect mutuel. « Les débats animés de ces dernières semaines ont montré que la sécurité européenne n’est pas possible sans la Türkiye », a-t-il expliqué. Le chef de l’État considère que le rôle de la Turquie est désormais reconnu, non seulement dans le domaine de la sécurité mais aussi dans les sphères économique, commerciale et sociale.
En ce qui concerne les relations avec les États-Unis, Erdogan a exprimé son optimisme quant à un nouveau chapitre dans les relations turco-américaines. Il a rappelé son récent entretien téléphonique avec le président Donald Trump, soulignant leur effort commun pour surmonter les obstacles à un objectif commercial ambitieux de 100 milliards de dollars.
Ces discussions ont également porté sur l’importance de la sincérité et de la solidarité, deux éléments clés pour renforcer la coopération entre Ankara et Washington dans cette nouvelle ère de relations bilatérales.",Turquie : Erdogan prêt à renforcer les liens avec l’Europe,"['Türkiye', 'Union européenne', 'Anadolu']",politics,0.4588,0.10557607561349869,False
146,5ac1045b-9438-4760-91b1-ca1f86d961e3,https://senego.com/loi-damnistie-reecrite-tas-denonce-une-manoeuvre-trompeuse-de-pastef_1818744.html,2025-03-24 16:06:56+00:00,"Dans un communiqué, le député Thierno Alassane Sall (TAS) est revenu lundi sur l’interprétation de la loi d’amnistie proposée par son collègue député Amadou Ba de PASTEF. Il rappelle que, le vendredi 21 mars, la commission des lois de l’Assemblée nationale a examiné une proposition de loi interprétative de l’amnistie de 2024, initiée par PASTEF. Toutefois, ce texte a été entièrement réécrit à travers un amendement introduit par Amadou Ba, soulevant des critiques sur la transparence et la sincérité de la démarche.
Selon TAS, PASTEF justifie sa proposition en affirmant que la loi d’amnistie de 2024 comporte des ambiguïtés, notamment concernant l’inclusion des crimes de sang. Or, souligne-t-il, cette loi a été appliquée sans controverse dès son adoption, permettant la libération de tous les prisonniers concernés.
TAS dénonce également le recours à des jurisprudences étrangères (France et Bénin), jugées non pertinentes pour le Sénégal, alors que des décisions majeures de la Cour de justice de la CEDEAO, qui interdisent l’amnistie pour les violations graves des droits humains, ont été ignorées.
Pour le député, la version réécrite par PASTEF crée une distinction floue entre les crimes liés à l’exercice d’une liberté publique et ceux qui en sont dissociés. Une telle approche, selon lui, pourrait permettre à certains criminels de bénéficier de l’amnistie sous prétexte d’un lien avec une manifestation, tout en exposant les forces de l’ordre à d’éventuelles poursuites.
PASTEF affirme que l’abrogation de la loi d’amnistie ne serait pas rétroactive et qu’elle ne permettrait pas de juger des personnes déjà amnistiées. Thierno Alassane Sall réfute cet argument, expliquant qu’en droit constitutionnel, une loi d’abrogation peut être rétroactive, notamment lorsqu’il s’agit d’une loi d’amnistie, dont la nature même est d’effacer les infractions.
En définitive, TAS accuse PASTEF de manipulation et d’incohérence dans son approche. Alors que la population réclame une abrogation totale, le parti propose une interprétation qui, loin d’éclaircir la situation, introduit de nouvelles ambiguïtés et instaure une justice à deux vitesses.",Loi d’Amnistie Réécrite : TAS dénonce une manœuvre trompeuse de PASTEF,"['PASTEF', 'Cour de justice de la CEDEAO', 'l’Assemblée nationale']",politics,-0.5859,0.42691949009895325,True
147,bf6bd281-8073-4e41-9fcf-2ea73d991a92,https://senego.com/noyade-mortelle-a-missirah-tamba-un-garcon-et-une-fille-fauches-par-les-eaux-du-fleuve-gambie_1818753.html,2025-03-24 16:06:33+00:00,"La population de Koar Aladji, dans la commune de Missirah (Tambacounda), est en deuil après la noyade de deux enfants dans le fleuve Gambie ce dimanche 23 mars 2025.
Un garçon de 4 ans et une fillette de 5 ans ont perdu la vie en fin d’après-midi alors qu’ils s’étaient rendus au fleuve pour se baigner.
D’après le Soleil, les sapeurs-pompiers ont repêché leurs corps sans vie, plongeant la communauté dans l’émotion et l’inquiétude. Face à ce drame, les habitants appellent à une meilleure surveillance des zones de baignade pour prévenir de nouvelles tragédies.",Noyade mortelle à Missirah (Tamba) : un garçon et une fille fauchés par les eaux du fleuve…,[],politics,0.0,0.0,False
148,d1b5b3d0-3ea6-47ca-b5d7-aca2689c4a73,https://senego.com/kaolack-arrestation-dun-ouvrier-pour-agression-dun-enfant-de-6-ans_1818759.html,2025-03-24 16:01:02+00:00,"À Kaolack, dans le quartier de Darou Salam Ndangane, un ouvrier âgé de 20 ans, répondant au nom de A. Dramé, a été appréhendé et placé en garde à vue pour des faits de viol commis sur un enfant de six ans dans un bâtiment en construction. Cette sombre affaire a été révélée suite à une alerte donnée par le personnel médical, qui avait noté la gravité des blessures subies par la jeune victime.
Peu après l’agression, l’ouvrier aurait offert de l’argent à l’enfant dans une tentative de le consoler. Les autorités du commissariat central de Kaolack, immédiatement alertées, ont lancé une enquête approfondie. Un rapport médical a été établi et a confirmé l’agression sexuelle, ce qui a permis aux enquêteurs d’identifier et d’arrêter le suspect le 19 mars dernier, grâce notamment à une enquête de voisinage.
Durant son audition, A. Dramé a reconnu les faits, expliquant avoir agi sous l’emprise des djinns, des esprits maléfiques selon certaines croyances locales. Suite à ces aveux, le procureur a ordonné l’ouverture d’une information judiciaire et a réclamé un mandat de dépôt contre le suspect.
Ces informations ont été relayées par notre source, le site Kawtef, mettant en lumière la brutalité de cette agression et la nécessité d’une réponse rapide de la justice.",Kaolack : Arrestation d’un ouvrier pour agression d’un enfant de 6 ans,[],politics,0.0,0.0,False
149,171f9624-2776-4539-8e3d-a2828461c4ec,https://senego.com/france-le-proces-de-gerard-depardieu-pour-agressions-sexuelles-debute-a-paris_1818752.html,2025-03-24 15:50:54+00:00,"Le procès de l’acteur français Gérard Depardieu pour « agressions sexuelles » a démarré ce lundi au tribunal judiciaire de Paris. Gérard Depardieu, âgé de 76 ans, fait face à des accusations d’agressions sexuelles sur deux femmes, survenues en 2021 lors du tournage du film Les Volets Verts de Jean Becker. L’acteur conteste ces accusations.
Son avocat, Me Jérémie Assous, a déclaré : « La vérité est de notre côté », montrant ainsi sa confiance avant l’ouverture du procès. De l’autre côté, Me Claude Vincent, représentant l’une des plaignantes, a critiqué une stratégie qu’elle juge « violente et diffamatoire » de la défense, selon les informations rapportées par BFMTV.
Gérard Depardieu risque une peine pouvant aller jusqu’à cinq ans d’emprisonnement. Lors d’une première audience le 28 octobre, le procès avait été ajourné pour permettre une expertise médicale de l’acteur, notamment cardiologique, afin de déterminer s’il pouvait comparaître. Le médecin expert a récemment confirmé la capacité de Depardieu à assister à son procès les 24 et 25 mars.
Ce lundi, Gérard Depardieu est arrivé aux alentours de 13 heures au tribunal, sans faire de déclarations. Devant le tribunal, plusieurs dizaines de manifestants se sont rassemblés à l’occasion de cette première journée de procès. Blanche Sabbah, autrice de bandes dessinées et militante féministe, a déclaré à BFMTV : « J’ai envie qu’on parle un peu moins d’eux, un peu plus d’elles » afin de souligner le soutien aux victimes et l’importance des avancées féministes.
Gérard Depardieu, une figure emblématique du cinéma français, a fait l’objet ces dernières années de plusieurs accusations de violences sexuelles. En outre, depuis février 2024, il est visé par une enquête pour fraude fiscale aggravée et blanchiment, soupçonné d’un domicile fictif en Belgique depuis 2013 pour éviter de payer des impôts en France.
Ce contenu a été lu sur le site de nos confrères de Anadolu.",France : Le procès de Gérard Depardieu pour agressions sexuelles débute à Paris,['BFMTV'],entertainment,-0.5267,0.28743210434913635,False
150,216f83a8-7426-4b84-9240-69933ec9b7f5,https://senego.com/revue-de-xs-2025-est-ce-un-courtier-de-change-fiable_1818745.html,2025-03-24 15:46:53+00:00,"XS est une plateforme de trading réputée qui propose une grande diversité d’actifs négociables. En outre, XS.com offre une interface intuitive et une conformité réglementaire stricte, car cette plateforme est régulée par des organismes de contrôle de premier plan. Les services de XS conviennent donc aussi bien aux traders expérimentés qu’aux débutants, en leur offrant les meilleures connaissances pour améliorer leur compréhension du trading. 
Les experts derrière XS.com sont en permanence concentrés sur leur engagement envers l’excellence, c’est pourquoi ils offrent la meilleure expérience de trading. Dans cet article, nous allons explorer XS plus en détail pour voir s’il s’agit d’une plateforme crédible ou douteuse. Continuez à lire pour en savoir plus.
L’histoire derrière XS
XS.com, ou XS, est une société fondée en Australie en 2010 qui s’est rapidement transformée en leader mondial du marché dans le secteur des technologies financières, avec des bureaux dans de nombreuses régions du monde. Ce qui fait la réputation des services de XS, c’est le fait qu’elle utilise une technologie de trading avancée, un excellent support client et une expérience utilisateur exceptionnelle, ce qui a fait de cette société le leader du trading. 
XS s’entoure des meilleurs talents afin de mettre l’accent sur l’excellence et d’aider tous les utilisateurs à se démarquer sur le marché en leur apportant les meilleures connaissances et compétences. Ainsi, les personnes qui font la renommée de XS ont une bonne maîtrise de l’analyse de marché, des stratégies de trading et de la gestion des risques. De plus, elles combinent cette grande expérience avec l’utilisation de technologies de pointe afin que les traders de tous niveaux puissent disposer des meilleures ressources et des meilleurs outils pour réussir dans cet environnement de trading exigeant. 
Quels sont les avantages de XS ? 
Réglementations multiples
XS est un courtier d’envergure mondiale réglementé par plusieurs organismes de tutelle importants. XS opère dans plusieurs juridictions, car il est utilisé à l’échelle internationale. XS met la conformité réglementaire au premier plan afin d’offrir l’intégrité, la confiance et la responsabilité nécessaires au secteur financier mondial. Voici les institutions qui veillent à ce que XS respecte les exigences réglementaires : 
ASIC (Commission australienne des valeurs mobilières et des investissements)
FSA (Autorité des services financiers des Seychelles)
FSCA (Autorité de contrôle des services financiers d’Afrique du Sud)
CySEC (La Commission des valeurs mobilières de Chypre)
LFSA (Autorité des services financiers de Labuan) 
Sécurité
Avec XS, les utilisateurs n’ont pas à se soucier de leur sécurité, car cette plateforme privilégie la sécurité et la protection des données personnelles. C’est la raison pour laquelle vous pouvez effectuer vos transactions en toute sérénité. Ils parviennent à protéger les fonds des clients en investissant dans l’infrastructure tout en utilisant des protocoles de sécurité sophistiqués. Grâce à cela, XS protège les fonds de ses clients et dispose de normes de sécurité élevées. Par exemple, XS dispose d’exigences strictes en matière de mots de passe, les utilisateurs devant respecter des critères de longueur et de complexité lors de la définition de leurs mots de passe. En outre, XS a mis en place une vérification en deux étapes, ce qui améliore encore la sécurité. De plus, sur XS.com, vous pouvez trouver les informations dont vous avez besoin pour prioriser la sécurité ; les recommandations incluent la sensibilisation au phishing, la protection contre les virus et les logiciels malveillants et la priorisation de la navigation sécurisée. 
En outre, XS s’engage à protéger les fonds de ses clients en offrant une protection supplémentaire qui couvre les pertes jusqu’à 5 000 000 $ en cas de fraude, de négligence, d’omission ou d’autres risques. XS sépare également les fonds de ses clients, les comptes clients étant détenus séparément. 
Technologie de trading de pointe
ou XS, est une société fondée en Australie en 2010 qui s’est rapidement transformée en leader mondial du marché dans le secteur des technologies financières, avec des bureaux dans de nombreuses régions du monde. Ce qui fait la réputation des services de XS, c’est le fait qu’elle utilise une technologie de trading avancée, un excellent support client et une expérience utilisateur exceptionnelle, ce qui a fait de cette société le leader du trading. 
Offre une meilleure connaissance
XS est à même d’améliorer le parcours de trading des particuliers grâce à l’IA. Cet outil permet aux traders d’obtenir des informations exploitables, d’analyser des données et de mieux optimiser leurs stratégies. L’outil d’IA de XS est un atout de poids dans votre parcours de trading, car il vous aide à détecter les erreurs de trading coûteuses, à automatiser les points d’entrée et de sortie, ainsi que les modèles, à fournir un rapport de stratégie de change, à vous adapter à un style de trading spécifique et à explorer les opportunités de croissance latentes. 
Processus d’inscription facile
XS propose aussi un processus d’inscription simple que les nouveaux utilisateurs peuvent compléter en quelques minutes. De plus, ils utilisent des outils d’inscription numériques qui facilitent encore plus le processus d’inscription. Après l’inscription, les utilisateurs bénéficieront de conditions commerciales avantageuses adaptées à tous les niveaux d’utilisateurs. XS offre également un excellent service client multilingue, qui vient en aide à ses clients du monde entier. 
Des méthodes de financement fiables
XS offre également des méthodes de financement fiables, les utilisateurs pouvant approvisionner leur portefeuille XS à l’aide de nombreux moyens de paiement.
Différents types de comptes
Le compte démo : si vous ne disposez pas d’une grande expérience dans le domaine du trading, le compte démo pourrait être votre meilleure option. Avec ce compte, vous pouvez explorer différents actifs négociables, tels que les crypto-monnaies, les contrats à terme, les indices, les matières premières et le Forex. 
Le compte Standard : Ce compte s’adresse aussi bien aux débutants qu’aux traders expérimentés qui privilégient une plateforme conviviale et simple. Ses principaux avantages sont l’absence de dépôt minimum, une exécution fiable sur le marché, des spreads stables sans commission, l’accès à différentes classes d’actifs, etc. 
Le compte Cent : Ce compte a le plus petit volume de trading minimum, et le solde et les transactions sont en cents. Il s’adresse aux nouveaux traders qui sont plus intéressés par commencer avec un petit volume au début. Les avantages de ce compte sont qu’il est le seul compte utilisant des cents, qu’il n’a pas d’exigence de dépôt minimum, et qu’il a une exécution de marché rapide et fiable. 
Le compte Pro : Ce compte est réservé aux experts qui souhaitent avoir accès au marché, ainsi que des spreads plus faibles avec des frais de commission nuls.
Le compte Elite : Il convient aux traders à volume élevé. Il offre les avantages d’une exécution rapide sur le marché et de frais de trading accessibles. 
Le compte VIP : Il s’agit d’une offre haut de gamme qui offre des fonctionnalités limitées et des transactions personnalisables. 
Mots de conclusion
Vous disposez à présent d’un guide détaillé qui vous aidera à déterminer si XS est une plateforme crédible ou douteuse. Comme vous avez une bonne compréhension de toutes les qualifications de cette plateforme de trading, vous pouvez décider par vous-même s’il est judicieux de l’envisager ou non.",Revue de XS 2025 : Est-ce un courtier de change fiable ?,"['Autorité des services financiers des Seychelles', 'Cent', 'VIP', 'Commission des valeurs mobilières de', 'CySEC', 'Autorité de contrôle des services financiers d’Afrique du Sud', 'ASIC', 'Commission australienne des valeurs mobilières', 'FSA', 'Autorité des services financiers de Labuan', 'Technologie de trading de pointe\n', 'Sécurité\n']",business,0.9899,0.2605346739292145,False
151,ff2788c2-b0ab-4a5b-9c50-50d6fd498414,https://senego.com/video-kalidou-koulibaly-il-faut-prendre-les-trois-points-a-domicile-car-cest-difficile-de-voyager-en-afrique_1818743.html,2025-03-24 15:45:58+00:00,"À la veille du match contre le Togo, Kalidou Koulibaly, capitaine des Lions, a dressé un bilan mitigé de la phase aller des éliminatoires du Mondial 2026. Avec deux victoires et trois nuls en cinq matchs, le Sénégal n’a pas récolté autant de points qu’espéré, mais le défenseur central reste confiant quant à la suite du parcours.
« Nous n’avons pas le nombre de points espéré, mais nous avons disputé beaucoup de rencontres à l’extérieur et avons su rester solides défensivement. C’est vrai qu’on n’a pas les points qu’on espérait, mais il y a d’autres matchs très importants, surtout trois qui se joueront à domicile. Il faut prendre les trois points à domicile, car c’est difficile de voyager en Afrique, il y a toujours des matchs très difficiles à l’extérieur. Ce match contre le Soudan a été très difficile, dans des conditions compliquées. Mais ce n’est pas une excuse, on ne se cache pas derrière ce résultat. En fait, on ne se cache derrière rien du tout ».
Le capitaine des Lions appelle à une prise de conscience collective pour aborder la phase retour avec plus de détermination. « Nous voulons prouver que nous sommes capables de nous qualifier pour cette Coupe du Monde. Mais pour cela, il faudra réagir dès demain contre le Togo », a-t-il insisté.
Avec cinq matchs encore à disputer, dont trois à domicile, le Sénégal devra capitaliser sur son avantage pour revenir en tête du groupe. Kalidou Koulibaly et ses coéquipiers savent que l’objectif est clair : assurer une place pour le Mondial 2026 et montrer un visage conquérant lors des prochaines rencontres.","(Vidéo) Kalidou Koulibaly : « Il faut prendre les trois points à domicile, car c’est difficile de voyager en Afrique »","['Mondial', 'Lions']",sport,0.1779,0.20019836723804474,False
152,a095f14a-e951-4a7f-a398-9c6ca2e4bd8f,https://senego.com/succes-senegalais-aux-olympiades-de-mathematiques-4-medailles-et-une-mention-honorable-photo_1818733.html,2025-03-24 15:28:49+00:00,"Le Sénégal s’est illustré lors de la 6ᵉ édition des Olympiades Francophones de Mathématiques, qui s’est tenue les 22 et 23 mars derniers. Pour sa deuxième participation à cette prestigieuse compétition internationale, la délégation sénégalaise a décroché quatre médailles de bronze et une mention honorable, un exploit qui témoigne du talent et du potentiel des jeunes mathématiciens du pays.
Ce succès remarquable est en grande partie le fruit du travail de l’association TerangaMath, fondée en 2023. Portée par des passionnés de mathématiques, l’association a pris en charge l’intégralité du programme de préparation, financé par ses propres membres. Une implication exceptionnelle qui reflète leur engagement envers l’excellence académique au Sénégal.
« Ces médailles représentent bien plus que des distinctions individuelles. Elles symbolisent ce que nous pouvons accomplir lorsque nous croyons en notre jeunesse », a déclaré Cheikh Fall, président de TerangaMath. « Obtenir ces résultats face à des nations qui dominent traditionnellement ces compétitions est un signal fort pour l’avenir», a-t-il ajouté selon Rts.sn.
Le programme mis en place par TerangaMath s’est révélé aussi ambitieux qu’exigeant. Tout au long de l’année scolaire, 70 élèves ont suivi un entraînement intensif, avant qu’une sélection rigoureuse ne retienne 12 jeunes prodiges pour représenter le pays.
Parmi les lauréats, tous issus du Lycée Scientifique d’Excellence de Diourbel, se distinguent :
Moustapha Mbodj et Isidore Coly, médaillés de bronze en catégorie Junior,
Seydina Mouhamed Diallo et Assane Sène, médaillés de bronze en catégorie Senior,
Awa Ndiaye, qui a reçu une mention honorable en catégorie Junior.",Succès sénégalais aux Olympiades de Mathématiques : 4 médailles et une mention honorable( photo),"['Rts.sn', 'Olympiades Francophones']",entertainment,0.9643,0.1669720709323883,False
153,56d82d0a-0e33-4c14-a0a6-4224d22c44ca,https://senego.com/serie-lepouse-du-cheikh-lamour-entre-rayane-et-cheikh-hakim-a-lepreuve_1818738.html,2025-03-24 15:21:48+00:00,"La série « L’Épouse Du Cheikh » continue de captiver les téléspectateurs, notamment avec son épisode 48 de la première saison, qui présente l’évolution de l’histoire d’amour entre Rayane et Cheikh Hakim. Ces deux personnages, aux personnalités diamétralement opposées, se retrouvent pourtant liés par un profond sentiment.
Rayane, une femme pétillante, et Cheikh Hakim, un homme sage, semblent réunis par le destin malgré les différences qui les séparent. Leurs cœurs liés, la question se pose : parviendront-ils à surmonter leurs différences et à surmonter les obstacles sur leur chemin ?
Un des enjeux majeurs de cette série réside dans la capacité de Hakim à accepter toutes les facettes de Rayane. De son côté, Rayane doit se préparer à assumer pleinement le titre d’Épouse du Cheikh, avec toutes ses implications.
Ce chapitre de leur vie est une véritable exploration des défis que peuvent rencontrer deux êtres opposés dans leur quête pour préserver leur amour.
Nous avons découvert ce texte grâce au site de nos confrères de Kawtef, où il a été initialement publié.",Série « L’Épouse Du Cheikh » : L’amour entre Rayane et Cheikh Hakim à l’épreuve,[],entertainment,-0.1779,0.0,False
154,e65b2650-ef34-44b4-b74d-92de67175d93,https://senego.com/baisse-de-lallaitement-maternel-exclusif-au-senegal-un-enjeu-de-sante-publique_1818735.html,2025-03-24 15:21:15+00:00,"Le taux d’allaitement maternel exclusif au Sénégal a connu une régression préoccupante, passant de 40 % en 2019 à 34 % en 2023, selon le Dr Amadou Doucouré, directeur de la Santé de la mère et de l’enfant. Cette annonce a été faite lors d’un atelier de sensibilisation sur la santé reproductive et maternelle, tenu à l’intention des membres de l’Association des journalistes en santé, population et développement (AJSPD).
Ces dernières années ont vu une diminution des pratiques d’allaitement exclusif, une évolution que Dr Doucouré attribue à divers facteurs. Parmi ceux-ci, les croyances et rumeurs ancrées dans certaines traditions semblent décourager les femmes d’allaiter exclusivement jusqu’aux six mois de l’enfant. « Il est essentiel de prendre en compte ces freins culturels pour comprendre cette tendance », a-t-il souligné.
Face à cette situation, il apparaît nécessaire de renforcer les capacités des journalistes de six régions afin de mieux traiter des problématiques relatives à la santé de la mère et de l’enfant. Ce besoin d’une couverture médiatique informée et rigoureuse se justifie par l’importance de sensibiliser le grand public sur des pratiques qui peuvent influencer positivement la santé publique. Comme rapporté par nos confrères du Sud Quotidien, cet institut ambitieux vise ainsi à promouvoir le dialogue et la compréhension autour de sujets souvent sources de confusion.
La planification familiale est également mise en avant comme un levier important pour réduire la mortalité maternelle et néonatale.  »Chaque médicament présente des effets secondaires », a précisé Dr Doucouré, en expliquant que la planification familiale n’échappe pas à ce constat, mais ses effets bénéfiques, tels qu’éviter plus de 1300 décès maternels l’an dernier au Sénégal, sont avérés. Il estime que des efforts concertés sont nécessaires pour intensifier la demande en soins et services de planification familiale.
Le Sénégal s’est d’ailleurs donné pour objectif d’atteindre un taux de prévalence contraceptive de 46 % d’ici 2028. En s’appuyant sur de tels objectifs stratégiques, le ministère de la Santé et de l’Action sociale compte accélérer les mesures de planification familiale et de soins maternels pour les prochaines années, selon Sud Quotidien. Les décideurs insistent sur l’importance de la coordination des efforts pour améliorer la santé et le bien-être des femmes et de leurs enfants.",Baisse de l’allaitement maternel exclusif au Sénégal : un enjeu de santé publique,"['AJSPD', 'Action sociale', 'ministère de la Santé', 'Santé de la mère', 'Association des journalistes en santé']",tech,0.765,0.21440160274505615,False
155,78695cac-2e92-4a11-9a20-a5050332b286,https://senego.com/un-an-de-pouvoir-fin-du-systeme-ou-nouvelle-impasse-dr-cheikh-tidiane-mbaye_1818723.html,2025-03-24 15:12:59+00:00,"En mutation sociopolitique majeure, incarnée par Ousmane Sonko, le Sénégal se subjugue de l’ascension fulgurante de ce phénomène adossé à un ensemble de facteurs structurels et conjoncturels, dont la remise en question du système néocolonial, la crise du modèle confrérique dans la sphère politique et le transfert du fanatisme religieux vers un fanatisme politique.
Si Sonko symbolise la rupture avec l’ancien système, il pose également la question de son choix de gouvernance et des conséquences de sa démarche politique sur le tissu social sénégalais.
Fin d’un cycle : recul de l’influence politique des marabouts
Depuis les années 2000, on voit évoluer le rapport entre confréries et politique. Jadis piliers du système, les marabouts perdent progressivement leur emprise sur les choix électoraux de leurs disciples qui, fidèles à leurs confréries et continuant de vouer respect à leurs guides spirituels, n’en tendent pas moins à de plus en plus dissocier leur allégeance religieuse de leurs choix politiques.
La défaite du « ndigël » (consigne de vote ) en politique a marqué le début de ce changement. Aujourd’hui, l’aura de Ousmane Sonko à Touba illustre cette mutation : il est défendu avec plus de ferveur que certains marabouts.
Ce phénomène s’inscrit dans une dynamique plus large que nous anticipions dans notre thèse de doctorat sur l’avenir des confréries musulmanes du Sénégal. La légitimité des marabouts en politique s’effrite, laissant place à de nouvelles formes d’adhésion, souvent plus politisées et radicales.
Transfert du fanatisme religieux vers le politique
Le suivisme inconditionnel dont bénéficie Sonko ne peut se comprendre sans scanner le transfert du fanatisme religieux vers un fanatisme politique.
Une partie de la population, frustrée par des années de promesses non tenues et de gouvernance défaillante, délègue désormais son espoir à un leader politique, avec la même ferveur que celle autrefois réservée aux guides religieux.
Forme de sublimation des frustrations accumulées, cela crée un culte du leader qui dépasse la rationalité politique (instinct de combinaison).
Habilement, Ousmane Sonko a su canaliser ce besoin de rupture, en se positionnant comme l’antithèse du système en place. Mais dans cette quête de renouveau, la manipulation politique n’est jamais loin : la confusion entre ses problèmes personnels, la lutte contre le régime ancien et l’avenir du pays ont sédimenté un climat de tension permanente.
Un système en mutation, mais vers quoi ?
Dans notre livre « Sénégal : le système dans tous ses états », nous annoncions la mort progressive du système néocolonial basé sur la dépendance occidentale, le clientélisme politique et le contrat social tacite entre marabouts et pouvoirs politiques.
Si cela semble se confirmer aujourd’hui, le véritable enjeu est de savoir si le système proposé par les nouvelles autorités est une réelle alternative ou une régression.
La démarche politique du régime actuel, faite d’affrontements, de règlements de comptes, entés à une perpétuelle posture victimaire, risque de fragiliser davantage le tissu social sénégalais.
Depuis leur arrivée au pouvoir, les nouvelles autorités n’ont toujours pas posé les bases d’un véritable projet de développement. Un an déjà, les attentes sont immenses, mais les signaux rassurants se font attendre.
Et c’est comme si le récit historique se réécrivait en faisant croire que le Sénégal commence en 2021 et que seuls les inconditionnels de Sonko sont légitimes.
La violence et le « gatsa gatsa » (politique de confrontation) sont présentés comme les éléments déclencheurs de l’alternance, dans l’ignorance totale des autres dynamiques déterminantes.
Une souveraineté détournée par la radicalité politique
Le projet de rupture prôné par PASTEF repose sur des promesses de souveraineté, de justice et d’ancrage aux valeurs profondes du Sénégal. Pourtant, dans la pratique, le pays semble plongé dans une spirale d’affrontements et de règlements de comptes entravant toute dynamique constructive.
PASTEF s’est imposé à la fois comme créateur de crises et principal bénéficiaire des solutions qui en découlent.
Entre victimisation et volonté de reconstruire sur les ruines du système précédent, leur posture ne propose pas une véritable alternative apaisée. Si leur discours martèle l’urgence de justice et de transparence, leur gestion de certaines décisions politiques clés, comme la loi d’amnistie, témoigne d’un pragmatisme qui frôle la contradiction.
Une loi d’amnistie aux contours flous et des négociations mystérieuses
L’amnistie a été présentée par Pastef comme une décision imposée par Macky Sall, alors que des zones d’ombre persistent sur le rôle réel du parti dans son élaboration.
Ousmane Sonko, lui-même, a reconnu avoir discuté avec l’ancien président sur cette question, même s’il affirme qu’aucun des points de négociation ne faisait consensus entre eux.
Pourtant, au moment du vote de cette loi, leur position n’était pas aussi radicale qu’ils le laissent entendre aujourd’hui. Certes, ils ont voté contre, sous la pression populaire, mais sans mobiliser une opposition frontale.
Une question essentielle demeure : Pourquoi Pastef a-t-il jugé nécessaire de négocier cette amnistie au moment où Sonko, Diomaye et leurs militants détenus n’en avaient pas besoin pour recouvrer la liberté ?
L’opinion publique leur était largement favorable et le peuple semblait prêt à les libérer par les urnes et les installer au pouvoir sans qu’aucune loi d’amnistie ne soit nécessaire.
Alors, qu’a réellement contenu cette négociation ? Quelles garanties ont été obtenues ? Qu’est-ce qui a été retenu en coulisses ? Le mystère reste entier. D’autant plus que Macky Sall, dans ses derniers actes, en tant que Président, a adopté une posture surprenante, laissant planer le doute sur d’éventuels accords tacites. Il a non seulement facilité l’accession de Pastef au pouvoir, en installant Diomaye Faye, mais a aussi accepté une transition sans accroc, contrairement à ce que certains subodoraient.
Aujourd’hui, alors qu’ils avaient promis d’abroger intégralement cette loi, les nouvelles autorités se contentent d’une abrogation partielle, ciblant certains acteurs, protégeant d’autres. Cette incohérence alimente la confusion : veulent-ils réellement faire toute la lumière sur cette période  ou cherchent-ils à en contrôler le récit à leur avantage ?
Le Sénégal se retrouve donc dans une situation paradoxale : un pouvoir qui se veut révolutionnaire mais qui peine à rompre avec les pratiques du passé, jonglant entre radicalité affichée et compromis dissimulés.
Loin d’un projet de refondation nationale, nous assistons à une instrumentalisation politique du discours révolutionnaire. Le Sénégal est-il en train de sortir du système ancien ou de sombrer dans une version plus radicalisée et incertaine. L’avenir nous édifiera, mais une chose est sûre : la cuisine n’embaume pas encore, et les urgences patriotiques ne peuvent être éternellement sacrifiées sur l’autel des luttes partisanes.
*Sociologue",Un an de pouvoir : fin du système ou nouvelle impasse ? – Dr. Cheikh Tidiane MBAYE*,"['Pastef', 'PASTEF']",politics,-0.7269,0.33043593168258667,False
156,612361a8-66c0-421e-ab0e-095303139f9b,https://senego.com/aminata-toure-soppose-a-la-mediation-penale-dans-les-affaires-de-detournement-de-fonds-publics_1818730.html,2025-03-24 15:10:59+00:00,"Lors d’une récente interview diffusée sur la chaîne publique RTS, Aminata Touré, haut représentant du président de la République Bassirou Diomaye Faye, a exprimé son désaccord total envers l’application de la médiation pénale dans les cas de détournement de fonds publics. Selon elle, cette approche pourrait permettre à une personne ayant détourné une somme considérable, de se contenter de rembourser partiellement sans subir de peine d’emprisonnement, ce qu’elle juge inacceptable.
« Cela signifie que quelqu’un qui a détourné 50 milliards de FCFA pourrait facilement restituer 30 milliards et conserver le reste sans être inquiété par une peine de prison. Ce serait trop facile. Les gens pourraient alors en faire un métier si tout se réglait par une médiation pénale. » a-t-elle déclaré, réitérant ainsi sa conviction que les auteurs de tels actes doivent être traduits en justice et que l’intégralité des fonds détournés doit être récupérée conformément à la législation en vigueur.
Dans cette émission intitulée « En vérité », l’ancienne ministre de la Justice a également exprimé ses doutes quant à l’efficacité de la médiation pénale dans la lutte contre la corruption. Elle craint que cette stratégie n’encourage davantage de personnes à dilapider les fonds publics au lieu de renforcer les mesures anti-corruption.
Touré a par ailleurs insisté sur la nécessité d’établir une réconciliation entre les acteurs judiciaires et les citoyens, tout en soulignant fermement qu’elle ne soutient pas l’emploi de la médiation pénale. Cette interview, relayée par nos confrères de Sud Quotidien, a permis de clarifier sa position sur cette question cruciale.",Aminata Touré s’oppose à la médiation pénale dans les affaires de détournement de fonds publics,['ministre de la'],politics,0.7003,0.3695959448814392,False
157,69d88d5c-1726-42b2-a2c1-99f8bd996243,https://senego.com/senegal-vs-togo-pape-thiaw-nous-avons-une-pression-positive-les-senegalais-vont-voir-un-autre-visage-des-lions-demain_1818727.html,2025-03-24 15:07:21+00:00,"À la veille du match contre le Togo, le sélectionneur national, Pape Thiaw, s’est exprimé sur la situation du Sénégal dans les éliminatoires du Mondial 2026. Actuellement troisièmes de leur groupe, les Lions comptent bien renverser la tendance lors de la phase retour.
Malgré cette position inhabituelle pour le Sénégal, qui a pris l’habitude de se qualifier pour la Coupe du monde depuis 2014, Pape Thiaw reste optimiste. « Oui, nous avons une pression, mais elle est positive. Nous sommes à deux points du leader et tout se jouera sur les matchs retour », a-t-il déclaré en conférence de presse ce lundi.
Pour le sélectionneur, la clé sera de capitaliser sur les 15 points encore en jeu. « Nous allons tout faire pour engranger un maximum de points, pourquoi pas les 15, et terminer en tête du groupe. Les joueurs sont déterminés à se racheter dès demain contre le Togo. Je pense que les Sénégalais vont voir un autre visage des Lions demain, mais aussi pour les matchs qui restent », a-t-il assuré.
Face aux Éperviers, le Sénégal devra montrer un tout autre visage, un défi que Pape Thiaw et ses hommes comptent relever avec ambition.",Sénégal vs Togo – Pape Thiaw : « Nous avons une pression positive (…) Les Sénégalais vont voir un autre visage des Lions demain »,"['Mondial', 'Lions demain', 'Lions', 'Lions demain\xa0»']",sport,0.2732,0.17679667472839355,False
158,7b4eb43d-456c-453c-b6d3-063d1d4c7af6,https://senego.com/condamnation-de-zale-mbaye-et-nogaye-kara-la-reaction-bouleversante-de-mame-ndiaye-savon_1818725.html,2025-03-24 15:01:00+00:00,"L’audience concernant Zale Mbaye et Nogaye Kara a récemment eu lieu, marquée par une forte présence de Mame Ndiaye Savon. Cette dernière, connue dans le milieu des cosmétiques, a montré une émotion visible après l’annonce du verdict. En effet, elle semblait si affectée qu’elle peinait à rester debout.
Sur les images capturées lors de l’événement, on peut voir Mame Ndiaye Savon soutenue par un certain Fou, l’accompagnant jusqu’à sa voiture. La tristesse lisible sur son visage et sa décision de ne pas s’exprimer devant les médias témoignent de l’impact émotionnel de la décision judiciaire sur elle.
Ce compte rendu a été initialement publié par nos confrères de Kawtef, détaillant l’impact du jugement sur ceux qui soutenaient les accusés.",Condamnation de Zale Mbaye et Nogaye Kara : la réaction bouleversante de Mame Ndiaye Savon,[],entertainment,0.4019,0.0,False
159,4dfda60f-70bd-440c-9244-7ceb69aac37f,https://senego.com/liban-fermeture-de-six-passages-illegaux-a-la-frontiere-syrienne_1818721.html,2025-03-24 14:50:50+00:00,"Le Liban a annoncé la fermeture de six points de passage illégaux à la frontière avec la Syrie, dans le cadre des efforts pour lutter contre la contrebande entre les deux nations. Cette information a été confirmée lundi par un communiqué de l’armée libanaise.
Les passages frontaliers concernés se situent dans les régions de Hoch al-Sayyed Ali, Mashrouat al-Qaa, et Qabech. Ces zones font partie d’une frontière de 375 kilomètres souvent difficile à contrôler en raison de son terrain accidenté et des nombreuses zones sans démarcation claire.
Bien que six postes-frontières officiels existent, la région demeure propice aux activités illégales, avec de nombreux itinéraires non autorisés empruntés chaque jour. La semaine précédente, des tensions ont éclaté entre le Liban et la Syrie après les accusations du ministère syrien de la Défense contre le groupe libanais Hezbollah.
Damas a accusé le Hezbollah d’avoir enlevé et tué trois soldats, une accusation que le groupe libanais a niée catégoriquement. Face à ce qu’elle qualifie d’« escalade dangereuse », la Syrie a déclaré qu’elle prendrait « toutes les mesures nécessaires », visant notamment à renforcer la sécurité aux frontières libanaises et à lutter contre les trafiquants de drogue.
Ce texte est traduit de l’Anglais par Mourad Belhaj, tel que lu sur le site de nos confrères d’Anadolu.",Liban : Fermeture de six passages illégaux à la frontière syrienne,['Hezbollah'],politics,-0.7184,0.14981268346309662,False
160,983fa1ae-89ba-455b-ae88-fb2b4a66adb4,https://senego.com/une-annee-de-transformation-le-senegal-en-marche-vers-un-avenir-radieux-moussa-bala-fofana_1818718.html,2025-03-24 14:47:58+00:00,"Le 24 mars 2024, les Sénégalais ont exprimé leur volonté de changement. Un an plus tard, le 24 mars 2025, nous commémorons ce choix déterminant.
L’accession du Président Bassirou Diomaye Faye au pouvoir marque bien plus qu’un simple changement politique : c’est une révolution de l’espoir, une renaissance pour notre cher Sénégal. Sous l’impulsion visionnaire du Président de la République, Son Excellence Monsieur Bassirou Diomaye Faye, et du Premier Ministre Monsieur Ousmane Sonko , un vent de renouveau souffle sur notre nation. Unis dans une même détermination, le gouvernement et le peuple sénégalais avancent main dans la main pour transformer nos aspirations les plus profondes en réalités tangibles. 
Depuis notre arrivée au pouvoir, chaque jour est une promesse tenue, chaque action une pierre posée pour bâtir un Sénégal plus juste, plus prospère et plus transparent. Les avancées que nous avons réalisées ensemble témoignent de notre engagement sans faille envers vous.
Voici quelques-unes des réalisations majeures qui illustrent cette dynamique : 
1. La révision des accords de pêche 
Nous avons renégocié les accords de pêche pour protéger nos ressources halieutiques, véritables trésors nationaux. Ces nouvelles dispositions garantissent un accès équitable aux produits de la mer, soutiennent nos pêcheurs et préservent notre patrimoine maritime pour les générations futures. 
2. Une gouvernance exemplaire
La transparence est le pilier de notre action. La publication des rapports d’audit et la mise en place de mécanismes de contrôle renforcés démontrent notre détermination à éradiquer la corruption et à gérer les ressources publiques avec intégrité et responsabilité. 
3. L’accès à l’eau potable pour tous 
Des projets ambitieux ont été lancés pour assurer une distribution équitable de l’eau potable, en particulier dans les zones rurales longtemps délaissées. Ces initiatives transforment la vie de milliers de foyers, apportant santé, dignité et espoir. 
4. L’électrification accélérée 
Grâce à des réformes audacieuses, l’accès à l’électricité s’étend rapidement à travers le pays. Cette énergie, vitale pour le développement, est désormais plus accessible et abordable pour les ménages comme pour les entreprises, stimulant ainsi l’économie locale. 
5. La valorisation de nos ressources naturelles 
Nous avons instauré une gestion transparente et équitable de nos ressources naturelles, veillant à ce que leurs bénéfices profitent à l’ensemble des Sénégalais. Ces richesses, longtemps mal exploitées, deviennent enfin un levier de croissance et de prospérité pour tous. 
6. Habitat social et aménagement du territoire 
Le Ministère de l’Urbanisme, des Collectivités Territoriales et de l’Aménagement des Territoires (MUCTAT) a lancé le Programme National d’Accès au Logement et de Rénovation Urbaine (PNALRU), une initiative ambitieuse visant à fournir des logements sociaux accessibles aux ménages à revenus faibles et irréguliers. Des projets pilotes de restructuration urbaine sont en cours dans plusieurs localités, notamment à Thiaroye sur Mer, Grand Médine, et Ziguinchor, améliorant les conditions de vie de plus de 150 000 bénéficiaires directs. 
7. Acte IV de la Décentralisation
Nous avons engagé une grande réforme de la décentralisation, avec la création de huit (8) pôles territoriaux sous forme d’Établissements Publics Territoriaux (EPT). Cette réforme vise à renforcer la gouvernance locale, à améliorer la cohérence territoriale et à promouvoir un développement endogène aligné sur l’Agenda national de transformation systémique du Sénégal. 
8. Digitalisation de l’état civil 
Le projet Nekkal 2 a été lancé pour moderniser et digitaliser l’état civil, permettant à chaque citoyen, où qu’il se trouve, d’accéder à ses actes d’état civil de manière sécurisée et efficiente. La phase pilote a débuté dans plusieurs communes, avec une généralisation prévue pour 2025.
9. Gestion des déchets 
Un vaste programme de modernisation de la gestion des déchets a été mis en place, incluant la réhabilitation de la décharge de Mbeubeuss en un éco-parc moderne. Ce projet, d’un investissement de 26 milliards de FCFA, transformera 40 hectares en un centre de tri, de compostage et d’espaces de vie sociale, offrant un cadre de vie sain et durable. 
10. Cadre de vie et mobilisation citoyenne 
Dans le cadre de la journée nationale de mobilisation citoyenne « Setal Sunu Reew », 243 Comités « Setal Sunu Gox » ont été installés dans 13 communes, renforçant l’engagement communautaire dans l’embellissement et l’assainissement des espaces publics. 
Ces réalisations ne sont que les prémices d’un vaste chantier de transformation. Sous la direction éclairée du Président Bassirou Diomaye Faye et du Premier Ministre Ousmane Sonko, nous restons déterminés à répondre aux attentes légitimes de chaque Sénégalais.
Le meilleur est véritablement à venir. Ensemble, nous construirons un Sénégal plus fort, plus solidaire et plus prospère, un Sénégal dont nous serons tous fiers. 
À tous ces jeunes, à tous ces Sénégalais qui traversent des moments difficiles et qui se sentent parfois oubliés, je veux adresser un message de courage et d’espoir. Je leur demande d’être patients et résilients, car le gouvernement, uni comme un seul homme derrière le Président de la République, est pleinement mobilisé. Ensemble, nous œuvrons sans relâche pour bâtir le Sénégal de tous les possibles, un Sénégal où chaque rêve peut devenir réalité. 
L’avenir s’écrit aujourd’hui, et il s’écrit avec vous. Continuons d’avancer, unis et déterminés, vers un destin commun radieux. 
*Ministre de l’Urbanisme, des Collectivités Territoriales et de l’Aménagement des Territoires",Une Année de Transformation :  Le Sénégal En Marche Vers Un Avenir Radieux – Moussa Bala FOFANA*,"['MUCTAT', 'Programme National d’Accès au Logement et de Rénovation Urbaine', 'PNALRU', 'Setal Sunu Reew', 'Comités', 'Ministre de l’Urbanisme', 'Ministère de l’Urbanisme']",business,0.93,0.30440688133239746,False
161,577d000a-d3d5-44a1-9913-9c216863b432,https://senego.com/anacim-previsions-meteorologiques-detaillees-pour-chaque-region-du-senegal-dimanche-et-lundi-3_1818716.html,2025-03-24 14:30:49+00:00,"L’Agence Nationale de l’Aviation Civile et de la Météorologie (ANACIM) a émis son bulletin météorologique n°083 le 24 mars 2025. Selon les informations disponibles sur le site de l’ANACIM, les prévisions météorologiques à très courte échéance sont valables du 24 mars 2025 à 12h00 au 25 mars 2025 à 12h00.
Au cours de la journée, le temps restera ensoleillé sur la quasi-totalité du pays, devenant nuageux durant la nuit dans les régions du Sud-Est, notamment Kédougou et Tambacounda, avec de très faibles risques de pluie par endroits. La chaleur persistera à l’intérieur du territoire, principalement dans les zones Centre et Est, où les températures maximales journalières oscilleront entre 37 et 44°C. Toutefois, sur les régions proches de la côte, particulièrement à Dakar, le temps chaud sera moins soutenu. La fraîcheur nocturne et matinale sera présente le long de la côte, avec des températures minimales comprises entre 18 et 23°C. En revanche, l’Est du pays connaîtra des températures nocturnes élevées, maintenant ainsi une sensation de chaleur pendant la nuit. Les visibilités seront généralement bonnes sur une grande partie du pays ; toutefois, elles seront affectées par des particules de poussière le long du littoral. Les vents, d’intensité faible à modérée, seront d’Ouest dans les régions orientales et de Nord à Nord-Ouest ailleurs.
En ce qui concerne les marées à Dakar, les horaires sont les suivants : le 24 mars 2025, marées hautes à 04h31 (1,15 m) et 17h14 (1,33 m), marées basses à 10h25 (0,85 m) et 23h55 (0,78 m) ; le 25 mars 2025, marées hautes à 06h00 (1,24 m) et 18h21 (1,45 m), marée basse à 11h53 (0,79 m).
L’ANACIM a également détaillé ses prévisions par région :
Thiès : Ensoleillé, temps clément avec des températures entre 19°C et 25°C. Vent de Nord modéré.
Saint-Louis : Ensoleillé, temps chaud avec des températures entre 18°C et 32°C. Vent de Nord modéré.
Louga : Ensoleillé, temps chaud avec des températures entre 18°C et 36°C. Vent de Nord modéré à assez fort.
Diourbel : Ensoleillé, temps chaud avec des températures entre 20°C et 39°C. Vent de Nord faible à modéré.
Kaffrine : Ensoleillé, temps chaud avec des températures entre 25°C et 45°C. Vent de Nord faible à modéré.
Fatick : Ensoleillé, temps chaud avec des températures entre 21°C et 40°C. Vent de Nord faible à modéré.
Kaolack : Ensoleillé, temps chaud avec des températures entre 22°C et 41°C. Vent de Nord faible à modéré.
Tambacounda : Passages nuageux, temps chaud avec des températures entre 26°C et 42°C. Vent de Nord faible à modéré.
Matam : Passages nuageux, temps chaud avec des températures entre 24°C et 42°C. Vent de Nord faible à modéré.
Kédougou : Passages nuageux, temps chaud avec des températures entre 27°C et 40°C. Vent de Nord faible à modéré.
Kolda : Ensoleillé, temps chaud avec des températures entre 23°C et 40°C. Vent de Nord faible à modéré.
Ziguinchor : Ensoleillé, temps chaud avec des températures entre 20°C et 38°C. Vent de Nord à Nord-Ouest faible à modéré.
Sédhiou : Ensoleillé, temps chaud avec des températures entre 22°C et 40°C. Vent de Nord faible à modéré. Cap Skirring : Temps clément avec des températures entre 19°C et 27°C. Vent de Nord faible à modéré.
Ces informations ont été extraites du bulletin météorologique officiel de l’ANACIM, que vous pouvez consulter sur le site de nos confrères de l’ANACIM pour des détails complémentaires.","ANACIM : Prévisions météorologiques détaillées pour chaque région du Sénégal, dimanche et lundi",['Agence Nationale de l’Aviation Civile'],politics,0.0,0.2822643518447876,False
162,b981f585-3250-4a82-b55f-a075b863a089,https://senego.com/senegal-le-nettoiement-menace-par-une-crise-imminente_1818714.html,2025-03-24 14:25:56+00:00,"Le Collectif des Concessionnaires du Nettoiement du Sénégal a lancé une alerte : à partir du mercredi 26 mars 2025, l’ensemble des opérations de collecte et de mise en décharge des déchets solides urbains pourrait être suspendu dans tout le pays. Cette potentielle interruption des services est liée à un important retard de paiement de l’État.
En effet, selon les informations rapportées par Sud Quotidien, le gouvernement s’était initialement engagé à régler les arriérés de paiement pour sept mois de travail en 2024 d’ici le 31 mars 2025. Malgré cet engagement, non seulement ces arriérés demeurent impayés, mais il en va de même pour les prestations de janvier à mars 2025.
Cette situation critique impacte directement la continuité du service public de gestion des déchets, menaçant gravement la salubrité urbaine et la santé publique. « Nous sollicitons toute la compréhension des populations usagers, malgré les nuisances et risques sanitaires que cette situation pourrait engendrer », exprime le Collectif, rapporté par le site Sud Quotidien, précisant que ses membres sont contraints de cesser leurs activités faute de ressources financières suffisantes.
Les concessionnaires, confrontés à leurs limites en matière de préfinancement, soulignent de nouveau l’urgence d’une intervention étatique, d’autant que la fête de la Korité approche, menaçant le versement des salaires de leurs employés.
D’après Sud Quotidien, le Collectif appelle l’État à respecter les engagements pris au plus vite pour éviter une catastrophe écologique et sanitaire, car l’accumulation des déchets dans les zones urbaines pourrait avoir des conséquences désastreuses.",Sénégal : le nettoiement menacé par une crise imminente,"['Collectif', 'Collectif des Concessionnaires du Nettoiement du Sénégal']",business,-0.5106,0.3382610082626343,False
163,6d874e83-4485-4e10-8671-780685b16069,https://senego.com/drame-au-village-de-koar-aladji-noyade-tragique-au-fleuve-gambie_1818711.html,2025-03-24 14:15:53+00:00,"Le village de Koar Aladji, situé dans la commune de Missirah, région de Tambacounda, est plongé dans le deuil après la disparition tragique de deux jeunes enfants noyés dans le fleuve Gambie. Ce dimanche 23 mars 2025 en fin de journée, un garçon de 4 ans et une fillette de 5 ans se sont aventurés seuls à la rivière pour se baigner, une escapade qui leur a malheureusement coûté la vie.
Alertés rapidement, les sapeurs-pompiers ont réussi à retrouver et à repêcher les corps des deux enfants. Cette tragédie a profondément touché la communauté locale qui exprime son immense chagrin. La population appelle à des mesures de surveillance renforcée afin d’éviter de tels drames à l’avenir.
Comme rapporté par nos confrères de Kawtef, cette tragédie soulève de nombreuses questions quant à la sécurité autour des lieux de baignade dans cette région.",Drame au village de Koar Aladji : noyade tragique au fleuve Gambie,[],politics,-0.4404,0.0,False
164,38e6deb2-9f1b-4812-b0a3-9ad96ed73aeb,https://senego.com/amnistie-ou-impunite-cheikh-gueye-valide-la-loi-interpretative-damadou-ba_1818698.html,2025-03-24 13:55:24+00:00,"Le secrétaire général du Réseau sénégalais des Think Tanks, Cheikh Gueye, a apporté son soutien à la proposition de loi interprétative portée par le député de Pastef, Amadou Ba. Lors de son passage dans l’émission Grand Jury sur la RFM ce dimanche, il a affirmé être convaincu par les arguments du parlementaire et s’est opposé à une abrogation totale de la loi d’amnistie.
Cheikh Gueye, secrétaire général du Cadre unitaire de l’islam au Sénégal (Cudis), estime que la proposition de loi vise à corriger les failles de l’amnistie en empêchant que des criminels soient protégés et que l’impunité règne. « Après avoir écouté Amadou Ba à plusieurs reprises, j’ai compris que son objectif est d’empêcher que l’amnistie ne devienne un passe-droit pour des fautes et des crimes. Il est essentiel que toutes les responsabilités soient mises sur la table, quel que soit le camp concerné », a-t-il déclaré.
Le chercheur considère que la loi d’amnistie, bien que nécessaire pour apaiser les tensions politiques et garantir des élections sereines, ne doit pas mener à un oubli total des événements passés.
« Nous avons accepté l’amnistie pour l’armistice, mais nous ne voulons pas d’amnésie. Si nous choisissons d’oublier à chaque crise, nous risquons de reproduire les mêmes erreurs et d’ouvrir la porte à de nouvelles violences », a-t-il averti.",Amnistie ou impunité ? Cheikh Gueye valide la loi interprétative d’Amadou Ba,"['Pastef', 'Grand Jury', 'Cudis', 'Réseau sénégalais', 'RFM', 'Amnistie']",politics,-0.34,0.3282163441181183,False
165,d90ea814-1775-43dc-8f39-81d994a80726,https://senego.com/securite-renforcee-au-senegal-4228-arrestations-lors-dune-operation-nationale_1818702.html,2025-03-24 13:50:55+00:00,"La police nationale sénégalaise intensifie sa lutte contre la criminalité et la délinquance. Dans le cadre de ces efforts, une vaste opération de sécurisation a été menée sous la direction de Ndiara Sène, directeur de la sécurité publique, durant la nuit de samedi à dimanche à travers tout le pays.
Cette initiative avait pour objectif de renforcer le sentiment de sécurité chez les citoyens. Les forces de l’ordre, en collaboration avec les commissariats et postes de police, ont procédé à l’arrestation de 4228 individus. Parmi ces interpellations, on note 54 cas d’ivresse publique manifeste, 27 pour nécessité d’enquête, 5 pour détention et usage de chanvre indien, 15 pour usage collectif de chanvre indien, 1 pour détention et usage d’ecstasy, 8 pour offre et cession de chanvre indien, 3 pour usage de produits cellulosiques, 4 pour collecte de données personnelles, 4 pour tapage nocturne, 1 pour violence et voies de fait, 2 pour détention d’armes blanches, 1 pour escroquerie, 1 pour outrage à agent dans l’exercice de ses fonctions, ainsi que 2 pour flagrant délit de vol.
De plus, une quantité non spécifiée de drogues a été saisie au cours de l’opération. En matière de sécurité routière, 52 véhicules ont été placés en fourrière et 89 motos ont été immobilisées pour diverses infractions. Le total des amendes forfaitaires collectées s’élève à plus de 800 000 FCFA, versés dans les caisses du Trésor Public. Ces informations proviennent de nos confrères du Sud Quotidien.",Sécurité renforcée au Sénégal : 4228 arrestations lors d’une opération nationale,['Trésor Public'],politics,-0.6124,0.3734293580055237,False
166,f563274a-713c-4795-bdd6-dd22dc213cdb,https://senego.com/france-guillaume-meurice-decrie-le-traitement-mediatique-des-musulmans_1818700.html,2025-03-24 13:50:53+00:00,"Dans une récente chronique sur Radio Nova, Guillaume Meurice, célèbre humoriste français, a livré un texte satirique pointu sur le traitement médiatique de l’actualité musulmane en France. Le texte a été initialement relayé par nos confrères de l’Agence Anadolu.
Guillaume Meurice oppose volontairement des questions graves, telles que la pauvreté et le sort des sans-abri, à des « polémiques fabriquées » concernant le port du voile ou le ramadan. Il critique ainsi ce qu’il perçoit comme un emballement médiatique extrême.
Dès le début de sa chronique, il annonce : « Il y a en France presque 10 millions de personnes qui vivent sous le seuil de pauvreté, 3 000 enfants dorment dans les rues » … avant d’être interrompu par une « Info Dernière Minute » : « Breaking news … une femme voilée a voulu jouer au foot. »
Avec son style caractéristique mêlant ironie et mise en scène, il parodie les débats de certaines chaînes d’information, citant des personnalités comme Pascal Praud sur Europe 1 et CNews. Meurice moque ensuite les arguments présentés contre le voile dans le sport. « Le voile c’est un couvre-chef, donc c’est interdit, point », avant d’ajouter un niveau absurde : « Oui, mais le voile ce n’est pas juste un couvre-chef, c’est un instrument de propagande islamique dans le sport. »
Lorsque le débat atteint le ridicule, Meurice continue : « Quand on voit une femme voilée dans la rue, ça incite à devenir musulman. » Selon lui, ces discussions empêchent de se concentrer sur des sujets plus urgents. Notre source Anadolu indique également qu’une autre alerte intervient : un match entre Angers et Monaco a été brièvement arrêté pour que des joueurs musulmans puissent rompre leur jeûne, déclenchant encore une polémique.
Il imagine des réactions exagérées : « Fausse blessure pour rompre le jeûne ? Expulsion immédiate ! » Et, Le chroniqueur suggère même d’en appeler à la Cour pénale internationale pour des incidents aussi banals.
La chronique se termine sur une note de dérision malgré la gravité des thèmes abordés : « On peut au moins les remercier les musulmans, sans eux, il n’y aurait aucune actu sur les chaînes racistes. Donc pour ça, choucrane. »
Cette intervention humoristique intervient à un moment où les débats autour du voile, de l’islam, et de l’immigration sont très présents dans la société française. Les opinions sont partagées : certains ont salué la chronique comme « brillante », tandis que d’autres la trouvent « provocante ». Fidèle à son style, Guillaume Meurice continue d’animer le débat public français avec ses prises de position satiriques et engagées.",France : Guillaume Meurice Décrie le Traitement Médiatique des Musulmans,"['CNews', 'Agence Anadolu', 'Europe 1', 'Cour pénale internationale pour des incidents aussi banals']",entertainment,-0.8807,0.20312714576721191,False
167,e5b0984c-fae2-4333-abaa-2cbe57a1493e,https://senego.com/lisolement-critique-du-village-insulaire-de-haere-en-casamance_1818696.html,2025-03-24 13:21:01+00:00,"Le village de Haère, niché sur les rives du fleuve Casamance, fait face à un défi majeur de désenclavement, se retrouvant coupé du reste du Sénégal. La pirogue était jusque-là le seul moyen d’accès à ce village reculé. Cependant, depuis plus de deux mois, l’unique pirogue en état de marche est hors d’usage, laissant Haère sans moyen fiable pour rejoindre Elinkine ou Kafountine.
Pape Moctar Selane, réalisateur du documentaire « Haère, À la source des Bliss, » a souligné cette problématique en expliquant que l’évacuation des malades vers le centre médical de la base navale d’Elinkine est suspendue en raison de l’absence de pirogues fonctionnelles. « Le transport de marchandises pour les boutiques du village et les denrées alimentaires devient de plus en plus difficile et aléatoire, » a-t-il précisé.
Les produits halieutiques et horticoles destinés aux marchés d’Elinkine et de Kafountine demeurent sur place et s’abîment, faute de moyens de transport. La situation exige une réponse urgente, avec la fourniture d’une nouvelle pirogue, une initiative vitale pour la survie du village selon Selane.
Pape Moctar Selane rappelle que Haère n’est pas le seul village à souffrir de tels problèmes. D’autres localités de la Basse Casamance subissent également un manque criant d’infrastructures. Pour Selane, la justice sociale et l’équité territoriale doivent être concrètement appliquées pour renverser cette situation injuste. Cet article s’appuie sur les informations rapportées par nos confrères de Sud Quotidien.",L’isolement critique du village insulaire de Haère en Casamance,[],entertainment,0.7964,0.0,False
168,b33ec85c-8943-4877-95fd-77751c1b981a,https://senego.com/cheikh-tidiane-youm-critique-la-derive-de-certains-chroniqueurs-ils-creent-la-confusion-et-font-la-promotion-de-la-mediocrite_1818690.html,2025-03-24 13:07:28+00:00,"Dans un contexte de tensions médiatiques exacerbées, le député Cheikh Ahmed Tidiane Youm a pris position sur l’affaire opposant le journaliste Badara Gadiaga à Amadou Ba, député de Pastef. Dans un post sur son compte X visité par Senego, il remet en question le rôle des chroniqueurs dans l’espace audiovisuel, dénonçant une « médiocrité chronique » qui, selon lui, nuit à la qualité du débat public.
« Le chroniqueur doit être spécialisé dans un domaine particulier, il doit exceller dans le partage d’expertises pointues. Mais à l’ère de la médiocrité chronique, certains chroniqueurs découpent, permutent et organisent les faits selon leurs propres préoccupations », a-t-il écrit.
Le parlementaire pointe ainsi du doigt une tendance à la manipulation de l’information, où des figures médiatiques privilégient le sensationnel au détriment d’une analyse objective et rigoureuse. Cette critique fait écho aux récentes polémiques sur le rôle des chroniqueurs dans la sphère politique et leur influence sur l’opinion publique.
Cheikh Ahmed Tidiane Youm invite à une réflexion plus large sur la place de la chronique dans le paysage audiovisuel sénégalais. « Il est temps de repenser la chronique sur l’espace audiovisuel », a-t-il conclu, suggérant ainsi la nécessité d’un encadrement plus strict ou d’une réforme des pratiques journalistiques.",Cheikh Tidiane Youm critique la dérive de certains chroniqueurs: « Ils créent la confusion et font la promotion de la médiocrité »,['Pastef'],politics,-0.5106,0.17932257056236267,False
169,7ba76a15-8f62-4b23-ad2a-22e2d921af4c,https://senego.com/turquie-rencontre-cle-entre-akif-cagatay-kilic-et-mike-waltz-a-washington_1818685.html,2025-03-24 12:50:42+00:00,"En début de semaine, Akif Cagatay Kilic, conseiller principal du président turc Recep Tayyip Erdogan, a prévu de rencontrer Mike Waltz, conseiller à la sécurité nationale des États-Unis. Ces discussions se tiendront à Washington DC et visent à aborder d’importantes questions bilatérales et régionales.
La rencontre entre Kilic et Waltz s’inscrit dans un cadre de préparation pour une prochaine réunion entre le président turc Recep Tayyip Erdogan et le président américain Donald Trump. Les échanges porteront sur des détails essentiels concernant cette future rencontre de haut niveau.
Il est à noter que ces informations ont été partagées par notre correspondant en lisant ce texte publié par Anadolu. Un suivi attentif de ces discussions pourrait être bénéfique pour analyser l’impact sur les relations entre la Turquie et les États-Unis.
A nouveau, cette information provient du site de nos confrères de l’agence Anadolu, qui soulignent l’importance de ces rencontres pour les relations turco-américaines.",Turquie : Rencontre clé entre Akif Cagatay Kilic et Mike Waltz à Washington,[],politics,0.3612,0.0,False
170,4da8bf33-7a90-4f1c-8752-b517e0259e33,https://senego.com/descente-spirituelle-le-khalife-mouhamed-naby-gueye-appelle-a-reconnaitre-sanga-comme-3e-khalife-de-dieu-senego-tv_1818645.html,2025-03-24 12:44:32+00:00,"Ce dimanche 23 mars, l’Union musulmane, culturelle et éducative Naby-Allah a célébré la 30e commémoration de la descente spirituelle de Sangabi Mouhamed Séni Gueye, fondateur de la Mosquée de la Divinité à Ouakam. Lors de cet événement, il a été désigné comme le 3e Khalife de Dieu.
Lors de cette cérémonie, le khalife Mouhamed Naby Gueye a affirmé avec conviction que, après les Prophètes Adama et Daouda, son père, Sangabi Mouhamed Séni Gueye est le 3e khalife de Dieu sur terre. Il a souligné que la reconnaissance de ce titre et la fréquentation de la mosquée de la Divinité étaient essentielles pour instaurer une paix durable dans ce monde.
Parmi les points abordés dans sa causerie devant une assemblée de fidèles, le Khalife a souligné la mission de Sangabi, fondée sur les principes du Jub, Ragal YALLAH ak Sèlal (droiture, foi en ALLAH et pureté).
Ce weekend, la Mosquée de la Divinité a accueilli une affluence impressionnante. Parmi les invités notables, on comptait le Préfet des Almadies, les maires de Ngor et de Ouakam, le commandant de la brigade de gendarmerie de Ouakam, ainsi que des dignitaires Lébous, entre autres personnalités.
Regardez",Descente Spirituelle:  Le Khalife Mouhamed Naby Gueye appelle à reconnaître Sangabi comme 3e Khalife de Dieu (Senego TV),['Union musulmane'],entertainment,0.0,0.20062392950057983,False
171,039a05e5-1dba-453b-8dd7-654aaba8baa1,https://senego.com/lenorme-diamant-de-rihanna-relance-les-rumeurs-photos_1818670.html,2025-03-24 12:30:30+00:00,"Ce jeudi 20 mars, Rihanna a été aperçue à la sortie du restaurant Giorgio Baldi, à Santa Monica. Sur les images, la jeune maman de 36 ans a un look idéal pour passer inaperçu : jean baggy, casquette vissée sur le crâne et veste ample et sombre.
Seulement, sur son annulaire, un énorme diamant a suscité l’intérêt des photographes. S’engouffrant rapidement dans une voiture, la chanteuse n’a pas eu le temps de cacher le bijou, d’une taille impressionnante. Depuis la publication de ces images, les rumeurs de fiançailles n’ont eu de cesse d’enfler.",L’énorme diamant de Rihanna relance les rumeurs…(photos),['Rihanna'],entertainment,0.0,0.09168160706758499,False
172,5efa1d0b-cf72-49cd-8491-5e648904bc1b,https://senego.com/korite-2025-laspa-anticipe-lobservation-du-croissant-lunaire-le-30-mars_1818668.html,2025-03-24 12:10:49+00:00,"Alors que le mois saint du Ramadan touche à sa fin, l’Association sénégalaise de promotion de l’Astronomie (ASPA) a récemment partagé ses prévisions concernant la visibilité du croissant lunaire, un élément crucial pour déterminer la date de la Korité.
La question qui intrigue de nombreux fidèles est la suivante : quel jour précisément la Korité sera-t-elle célébrée cette année ? Selon les prévisions de l’ASPA, le croissant lunaire ne sera pas visible au Sénégal le samedi. Même avec l’utilisation d’équipements d’observation avancés, le croissant restera hors de vue. Ce jour-là, la lune se couchera à 19h38, tandis que le coucher du soleil est programmé à 19h22. Avec un âge de seulement 8 heures et 40 minutes, et une surface éclairée inférieure à 1 %, l’observation de la lune sera impossible.
Le scénario change le dimanche 30 mars. À cette date, le croissant lunaire sera observable à l’œil nu sous un ciel dégagé, à travers tout le pays. L’ASPA indique que la lune se couchera alors à 20h39, soit 1h17 après le coucher du soleil à 19h22. En étant âgée d’un jour et huit heures, sa visibilité sera facilitée.
Ces observations laissent supposer que la Korité pourrait potentiellement être célébrée le lundi 31 mars, en fonction des observations officielles qui seront menées. Ce compte-rendu est inspiré de notre lecture sur le site de nos confrères de Kawtef, à qui revient le crédit pour ces précieuses informations partagées.",Korité 2025 : L’ASPA anticipe l’observation du croissant lunaire le 30 mars,"['Association sénégalaise de promotion de l’Astronomie', 'ASPA']",tech,-0.128,0.18958115577697754,False
173,0e15bdd8-02db-419a-8571-d2ed03cdb171,https://senego.com/guide-888starz-ci-paris-intelligents_1818659.html,2025-03-24 12:03:20+00:00,"Le secret d’un pari réussi, c’est comment vous le placer. Inutile de connaître la théorie des paris, si vous vous laissez emporter par l’émotion au moment de le placer. Un bon pari est un pari réfléchi. On vous emmène à la découverte d’un bon pari sur 888Starz.
Les fondamentaux des paris sportifs sur Internet
Avant de foncer tête baissée dans les paris, revenons sur les notions de base et le vocabulaire de ces jeux d’argent en ligne :
Cotes : un peu comme un multiplicateur, il vous indique ce que vous pouvez gagner selon la somme d’argent à parier.
Probabilités : tout est une histoire de probabilité, plus un résultat a de risques d’être vrai, moins la cote sera élevée. 
Paris en direct : certains paris peuvent s’effectuer lorsque le match ou la rencontre a lieu, les paris en direct se font généralement sur des actions du jeu en temps réel.
Gains : l’argent gagné à la suite du pari en fonction de la cote appliquée au pari.
Par exemple, sur le site 888Starz Côte d’Ivoire, vous pouvez placer de nombreux paris, notamment grâce aux nombreux bonus proposés.
888Starz : comment se lancer ?
Pour jouer sur 888Starz, plusieurs options : soit jouer sur ordinateur grâce au site en ligne, soit télécharger 888Starz pour Android ou iPhone. Pour savoir comment télécharger 888Starz, rendez-vous sur le site pour suivre la procédure d’installation en fonction du système d’exploitation de votre appareil mobile. 
Une fois que vous êtes sur 888Starz, si vous n’avez pas encore un compte, vous pouvez en créer un en quelques clics. Si vous en avez un, il vous suffit de vous connecter à votre espace client. Si votre solde a besoin, pensez à l’alimenter, autrement vous ne pourrez pas faire de paris sportifs. Sachez que vous pouvez avoir un joli bonus de bienvenue sur votre premier dépôt jusqu’à 100 €. Comment utiliser le bonus 888Starz ? Simplement en plaçant votre pari et en choisissant les fonds bonus au moment de le régler.
Il vous suffit ensuite de choisir les options pour votre pari : son type, le montant, les cotes, etc. Après que le pari soit validé, il vous faut attendre l’issu de l’action ou du match pour savoir s’il est gagnant. Si tel est le cas, comment retirer de l’argent sur 888Starz ? En vous rendant dans votre compte, dans la section “Retrait”.
Les meilleures stratégies de paris avancées
Voici trois des meilleures stratégies à mettre en place si vous souhaitez parier intelligemment.
La Martingale ou autre stratégie de mise progressive
La Martingale est une stratégie de mise progressive. Il existe aussi la méthode de Paroli dans le même genre. Cette stratégie s’applique à une série de paris. Le but est d’augmenter son pari si vous faites un pari perdant. 
Par exemple, vous avez fait un pari sur le résultat d’un match de basket à 2 € avec une cote de 1,5. Votre pari est malheureusement perdant. Cette stratégie vous invite à ce que votre prochain pari soit de 4 € avec une cote au moins équivalente à 1,5. Le but est d’essayer de récupérer l’argent perdu sur le pari d’avant avec le nouveau pari.
La chance double
Cette méthode s’applique sur les paris où il y a trois choix possibles. Votre objectif ? Miser sur deux des trois issus possibles pour un pari, afin de couvrir un maximum de chances de gagner. 
Par exemple, vous adorez le foot et vous voulez parier sur la victoire d’une équipe. Avec la chance double, vous allez parier que votre équipe gagne et faire une deuxième pari sur un match nul. Comme ça, vous avez plus de chance de remporter au moins un des deux paris et de gagner de l’argent.
Utiliser les statistiques
L’avantage des paris sportifs, c’est qu’ils sont bien documentés. L’une des meilleures stratégies pour placer des paris payants, c’est d’étudier vos paris. Par exemple, sur 888Starz en ligne, vous pouvez aller voir le tableau des stats des équipes ou des joueurs. Ça vous permet de voir quels joueurs sont en vaines, et lesquels, au contraire, ne sont pas des porte-bonheur en ce moment.
Vous pouvez aussi suivre l’actualité pour savoir les joueurs blessés, absents ou les équipes qui ne s’entendent pas. Évitez de parier sur eux.
Jouer responsable
Cette stratégie est un peu différente des autres. Elle se concentre sur le plaisir du jeu. Pour s’amuser avec les paris sportifs, il faut que ce soit divertissant. Mais si vous jouez et que vous avez la pression de perdre trop d’argent parce que vos paris ne respectent pas vos limites, il n’y a plus de plaisir. L’adrénaline, c’est ce que vous recherchez aux jeux, la pression c’est ce que vous voulez éviter.
Si jamais, vous sentez que le jeu devient trop stressant, il faut faire une pause. Il existe pleins d’organismes qui peuvent vous accompagner pour vous apprendre à jouer et à le faire avec sérénité.",888Starz Côte d’Ivoire : guide pour des paris intelligents,"['paris intelligents', '“Retrait']",tech,0.9666,0.30494940280914307,False
174,cb0ec407-b5ed-4ef5-8963-1f028952ba83,https://senego.com/les-9-mesures-cles-de-bassirou-diomaye-faye-apres-un-an-au-pouvoir_1818649.html,2025-03-24 12:03:04+00:00,"Élu avec 54 % des voix dès le premier tour, Bassirou Diomaye Faye a marqué sa première année de présidence par des décisions ambitieuses. Dès son investiture le 2 avril 2024, il a nommé Ousmane Sonko Premier ministre, formant un duo engagé dans la refonte de la gouvernance et la souveraineté économique.
Parmi les mesures phares : la baisse des prix des denrées de base, le lancement du programme « Sénégal 2050 », la lutte contre le bradage foncier et la modernisation de l’agriculture via le Promoren.
L’État a également mis fin aux accords de pêche avec l’UE, installé un Pool judiciaire financier contre la corruption et initié un « New Deal Technologique » pour renforcer la souveraineté numérique.
Si ces réformes marquent une rupture, elles suscitent des critiques sur leur mise en œuvre. L’opposition pointe un pilotage hésitant et des résultats mitigés, tandis que les attentes restent fortes en matière d’emploi et de pouvoir d’achat.
Le défi pour Faye et Sonko sera de transformer ces annonces en changements concrets et durables.",Les 9 mesures clés de Bassirou Diomaye Faye après un an au pouvoir…,"['UE', 'New Deal Technologique']",politics,0.0,0.24597904086112976,False
175,b7d512ce-3d2d-4257-83ec-9ba396821f05,https://senego.com/presse-du-jour-an-1-diomaye-entre-louanges-du-pouvoir-et-critiques-de-lopposition-senego-tv_1818658.html,2025-03-24 12:03:01+00:00,"L’an 1 de Bassirou Diomaye Faye et la 3e alternance ont dominé l’actualité médiatique. Tandis que le pouvoir met en avant un bilan positif, l’opposition dresse un tableau bien moins reluisant.
Les quotidiens ont également traité d’autres sujets d’actualité, notamment les derniers rebondissements autour de la loi interprétative d’Amadou Ba, la visite du FDR auprès des guides religieux, la grève des concessionnaires du nettoiement, ainsi que la Journée mondiale de lutte contre la tuberculose.","Presse Du Jour : An 1 Diomaye, entre louanges du pouvoir et critiques de l’opposition (Senego TV)","['FDR', 'Senego TV']",tech,0.0,0.37729865312576294,False
176,8daf0473-3da6-432e-a90f-0379c25932d2,https://senego.com/russie-et-etats-unis-amorcent-des-negociations-cruciales-en-arabie-saoudite_1818656.html,2025-03-24 11:50:52+00:00,"La Russie et les États-Unis ont inauguré ce lundi un nouveau cycle de négociations bilatérales en Arabie Saoudite. Selon l’agence de presse russe TASS, ces pourparlers ont commencé à Riyad dans un cadre confidentiel. Les responsables de la sécurité saoudienne ont demandé aux journalistes présents de se retirer des lieux pour garantir le caractère privé des discussions.
La date de cette rencontre avait été précédemment annoncée par Youri Ouchakov, assistant présidentiel russe, à la suite d’un échange téléphonique avec Michael Waltz, conseiller à la sécurité nationale des États-Unis. Ouchakov avait confirmé que ce round de négociations se tiendrait le 24 mars à Riyad. Le Kremlin a précisé que l’objectif principal est de « définir les perspectives d’une éventuelle mise en œuvre de l’initiative bien connue concernant la sécurité de la navigation en mer Noire », en référence à l’Initiative céréalière.
Cet événement survient après des échanges séparés entre les délégations de Kiev et de Washington en Arabie Saoudite, qui se sont tenus dimanche dernier. Rustem Omerov, ministre ukrainien de la Défense, a décrit ces pourparlers comme « productifs » sur une publication Facebook. Il affirme que l’objectif du président Volodymyr Zelensky est d’assurer une paix juste et durable pour l’Ukraine et l’Europe.
Par ailleurs, Steve Witkoff, l’envoyé spécial américain, s’est montré optimiste quant à la possibilité de parvenir à la paix, suggérant qu’elle pourrait débuter par un cessez-le-feu en mer Noire. Toutefois, les frappes continues entre les parties laissent planer des doutes sur la réalisation de ces objectifs. Ces informations ont été relayées par l’agence Anadolu, selon la traduction de Sanaa Amir.",Russie et États-Unis amorcent des négociations cruciales en Arabie Saoudite,"['Initiative céréalière', 'TASS']",politics,0.5574,0.2475164383649826,False
177,9d58492f-d67e-40e2-9945-29df613cbaee,https://senego.com/nogaye-kara-et-zale-mbaye-condamnation-a-trois-mois-de-prison-ferme_1818652.html,2025-03-24 11:40:59+00:00,"Le verdict est tombé pour Nogaye Kara et Zale Mbaye. Après des réquisitions du procureur visant une peine d’un an d’emprisonnement dont trois mois fermes, le juge a finalement opté pour une condamnation de trois mois de prison ferme.
Ces peines découlent d’un différend opposant les deux prévenus à une chroniqueuse de Dakarlive. Cette dernière avait porté plainte pour diffamation, entraînant ce procès et le verdict récemment prononcé.
Comme l’ont rapporté nos confrères de Kawtef, cette affaire avait attiré l’attention en raison des personnalités impliquées et de la nature des accusations. La décision du tribunal marque une étape significative dans ce dossier, qui a été suivi de près par le public et les médias.",Nogaye Kara et Zale Mbaye : condamnation à trois mois de prison ferme,[],entertainment,-0.5267,0.0,False
178,db46da17-4eea-4d57-a2d3-65b55f9d9689,https://senego.com/f-ndiongue-le-cambrioleur-presume-du-marche-ocass-defere-ce-lundi-il-est-accuse-davoir-emporte-plus-de-86-millions-fcfa_1818646.html,2025-03-24 11:39:15+00:00,"Le principal suspect de plusieurs cambriolages au marché Ocass de Touba, F. Ndiongue, sera déféré ce lundi 24 mars 2025 au parquet de Diourbel. Arrêté le jeudi 20 mars, il est accusé d’avoir dévalisé cinq boutiques entre novembre 2024 et mars 2025, emportant un butin estimé à 86 millions de francs CFA, composé d’argent liquide et de bijoux précieux.
Placé en garde à vue après son interpellation, il devra répondre des chefs d’accusation de vol avec effraction et escalade, renseignent nos confrères de iGfm. Son arrestation marque une avancée significative dans la lutte contre les cambriolages qui se multiplient dans la capitale du mouridisme.","F. Ndiongue, le cambrioleur présumé du marché Ocass, déféré ce lundi: Il est accusé d’avoir emporté plus de 86 millions Fcfa",[],business,-0.7003,0.0,False
179,e07cf696-831b-4fde-8fff-4bc67b8fc464,https://senego.com/franc-chauffe-deja-eumeu-sene-doumeuleu-douma-you-metido-pousse-do-passe_1818634.html,2025-03-24 11:18:19+00:00,"Franc a déjà lancé les hostilités contre son prochain adversaire, Eumeu Sène. Sur la chaîne YouTube, où Eumeu était invité, il a été violemment attaqué par le lutteur des Parcelles Assainies, qui lui promet l’enfer le jour du combat.
« Que le bon Dieu nous donne la paix jusqu’au jour du combat, je vais te tabasser fort : ma doumeuleu, douma you meti… » Tu penses que tu as la force, mais ce jour-là, tu sauras que tu n’as rien : do pousse, do passe. »
« Ça ne m’a pas surpris de toi, tu peux dire ce que tu veux », a rétorqué le lutteur de Pikine.","Franc chauffe déjà Eumeu Sène : « doumeuleu, douma you meti…do pousse, do passe »","['douma you meti…do', 'douma you meti']",sport,-0.7783,0.2718397378921509,False
180,83c1bccf-499b-4da6-b685-940813725a54,https://senego.com/franc-sadresse-a-eumeu-sene-avant-leur-combat-le-jour-venu-tu-verras_1818640.html,2025-03-24 11:10:50+00:00,"Dans un échange téléphonique avec Eumeu Sène, son futur adversaire, Franc a livré ses impressions et ses intentions plutôt directes. Selon les propos rapportés par le site de nos confrères de Kawtef, Franc considère qu’Eumeu Sène n’est pas une inquiétude majeure pour lui dans la perspective de leur affrontement à venir.
Franc a déclaré : « Je vais le battre comme mon Président Modou Lo. On nous a payé pour s’affronter. Le jour du combat, tu sauras que tu n’as pas assez de force pour me battre… ». Cette déclaration en dit long sur la confiance du combattant, qui semble déterminé à triompher lors de ce face-à-face très attendu.","Franc s’adresse à Eumeu Sène avant leur combat : « Le jour venu, tu verras… »",[],tech,-0.128,0.0,False
181,a9ecc65b-3680-4919-b901-6a9c8f16002e,https://senego.com/pastef-des-chroniqueurs-abusent-de-leur-statut-pour-insulter-et-diffamer-les-depositaires-du-pouvoir_1818635.html,2025-03-24 11:10:48+00:00,"Le Parti Pastef-Les Patriotes, dans un communiqué, réagit fermement face à l’usage abusif du temps d’antenne du service public par certains chroniqueurs, qui se servent de leur statut pour insulter, calomnier et diffamer continuellement les institutions et les responsables politiques.
Ces attaques verbales, souvent tolérées par certains médias, soulèvent des questions sur une possible connivence entre les médias et ces chroniqueurs, a souligné le communiqué. Pastef rappelle que, selon l’article 10 de la Constitution, la liberté d’expression ne doit pas porter atteinte à l’honneur d’autrui ni à l’ordre public.
Le parti appelle le Conseil national de régulation de l’audiovisuel (CNRA) et le Conseil pour l’Observation des Règles d’Éthique et de Déontologie dans les médias (CORED) à assumer leurs responsabilités de régulation.
Pastef annonce qu’il recourra à toutes les voies légales pour dénoncer et mettre fin à ces comportements qui violent les bonnes mœurs et constituent des infractions selon le Code pénal et la législation sur la presse. Le parti insiste sur le fait que la liberté de la presse et d’expression ne justifie en aucun cas de telles dérives.",Pastef : « Des chroniqueurs abusent de leur statut pour insulter et diffamer les dépositaires du pouvoir »,"['Pastef', 'CORED', 'Conseil pour l’Observation des Règles d’Éthique et de Déontologie', 'CNRA', 'Conseil national de régulation de l’audiovisuel', 'Code pénal', 'Constitution', 'Parti Pastef']",politics,-0.7845,0.35244542360305786,False
182,b1585697-5b83-45c1-b41e-ca0cb5cc890c,https://senego.com/france-paris-opte-pour-la-transformation-en-rues-jardins_1818637.html,2025-03-24 11:00:43+00:00,"Les Parisiens ont exprimé leur soutien à la création de « rues-jardins » dans la capitale française. Dimanche, un vote populaire a été organisé pour décider de la « végétalisation et de la piétonnisation » de 500 rues à Paris, rapporte la mairie sur son site officiel.
La votation, qui s’est déroulée le 23 mars, visait à consulter les habitants de Paris sur l’initiative de transformer ces rues réparties dans tous les quartiers de la ville. Selon le communiqué de la mairie, 56 489 des 1 391 369 inscrits ont participé, soit un faible taux de participation de 4,06 %.
Le projet a remporté un soutien majoritaire, avec 37 054 votes en faveur, équivalant à 65,96% des voix, tandis que 19 121 personnes se sont opposées, représentant 34,04% des suffrages. « L’idée est que chaque Parisien puisse bénéficier d’une rue plantée et piétonne à moins de 300 mètres de son domicile », a déclaré Christophe Najdovski, adjoint chargé des espaces verts, cité par la presse locale.
Estimé à 500 mille euros par rue, le projet verra l’aménagement de « 5 à 8 rues végétalisées et piétonnisées nouvelles par quartier ». Anne Hidalgo, la maire de Paris, avait déjà initié un programme similaire avec la transformation de 300 rues lors de son second mandat démarré en 2020.
Pour plus d’informations, consultez nos confrères d’Anadolu qui ont relayé ces développements sur leur site. L’initiative s’inscrit dans une politique urbaine visant à améliorer la qualité de vie en milieu urbain, une préoccupation partagée par de nombreuses grandes villes à travers le monde, y compris Dakar.",France : Paris opte pour la transformation en « rues-jardins »,[],politics,0.0,0.0,False
183,2ad1be97-5090-4835-9a84-9cf610705159,https://senego.com/valerie-bishop-je-suis-chretienne-mes-enfants-musulmans_1818619.html,2025-03-24 10:44:17+00:00,"Lorsqu’on lui demande si elle entretient des relations avec son ex-mari, El Hadji Diouf, Valérie Bishop répond sans détour : « Tout à fait. Nous nous parlons tous les jours. Après tout, nous avons des enfants ensemble. »
Concernant le carême, elle affirme être croyante et pratiquante : « Je suis chrétienne, je fais mon carême », confie-t-elle, avant d’ajouter : « J’ai été mariée à un musulman, et mes enfants sont musulmans. Mais tout se passait très bien… »","Valérie Bishop : »Je suis chrétienne, mes enfants musulmans… »",[],entertainment,-0.3612,0.0,False
184,cdb83518-bb9d-46a6-9d63-785660f61763,https://senego.com/revue-presse-la-1ere-annee-de-bassirou-diomaye-faye-en-tete-des-une_1818630.html,2025-03-24 10:43:50+00:00,"‘’L’Agenda en marche’’’, ‘’le chant de Mars’’, ‘’des progrès insuffisants’’, etc : les quotidiens reçus, lundi, à l’Agence de presse sénégalaise (APS) dressent le bilan de l’an 1 de l’accession de Bassirou Diomaye Faye à la magistrature suprême.
‘’An 1 de Pastef au pouvoir, l’Agenda en marche’’, affiche à la Une Le Soleil. Dans un éditorial intitulé ‘’un an de gouvernance et un cap affirmé’’, le journal écrit : ‘’Un an déjà. Un an que Bassiou Diomaye Faye a pris les rênes du Sénégal porté par une vague d’espoir et d’attentes immenses. Un an d’épreuves et de réformes dans un pays où chaque jour apporte son lot d’urgences et de défis. L’heure n’est ni au triomphalisme ni au procès en inaction, mais à un premier regard lucide sur le chemin parcouru’’.
Le quotidien gouvernemental rappelle que ‘’l’accession au pouvoir de Bassirou Diomaye Faye (…) incarnait une promesse, celle d’un renouveau démocratique et d’une gouvernance vertueuse. Mais, entre l’idéal et la réalité, le fossé est souvent large. Gouverner, ce n’est pas seulement incarner un espoir, c’est aussi faire face aux contraintes du présent, gérer l’héritage du passé et anticiper les défis de l’avenir. Dans un contexte marqué par une situation financière précaire et des tensions sociales latentes, le Président a dû agir vite, trancher et imposer son cap’’.
La publication note que ‘’dès son entrée en fonction, Bassirou Diomaye Faye a placé la bonne gouvernance au coeur de son action. La lutte contre la corruption, cheval de bataille de son administration, s’est traduite par des actes forts. La publication des rapports des corps de contrôle a levé le voile sur une gestion des finances publiques bien plus désastreuse qu’anticipée. L’endettement du pays, les détournements de fonds et les malversations sous l’ancienne administration ont été mis en lumière, provoquant, à la fois, indignation et inquiétude’’.
Le quotidien EnQuête parle de ‘’progrès insuffisants’’ voire même de ‘’surplace’’. 
‘’Conscient des dissensions profondes au sein de la société sénégalaise à cause des luttes politiques, de l’instrumentalisation des institutions, du mal-être profond de la jeunesse, le successeur de Macky Sall avait promis des mesures hardies et urgentes pour notamment réconcilier les Sénégalais, restaurer la confiance envers les institutions, promouvoir l’emploi… Un an après, les fruits tardent à tenir la promesse des fleurs. Des pans entiers du tissu socioéconomique continuent de s’effondrer’’, constate le journal.
Un an après, Le duo Bassirou Diomaye Faye-Ousmane Sonko ‘’fait toujours les comptes’’, estime pour sa part Le Quotidien.
‘’Elu il y a un an jour pour jour, Bassirou Diomaye Faye, secondé par son Premier ministre, Ousmane Sonko, poursuit son opération de déconstruction du système Sall. Jusqu’ici, le régime concentre son énergie sur la reddition des comptes, l’’’assainissement’’ des comptes publics, les attributions foncières et les audits, alors que les urgences sociales sont toujours palpables’’, souligne la publication du groupe Avenir communication.
L’Observateur distribue ‘’les bons et les mauvais coups d’une première année de gestion’’.
‘’(…) Porté par une légitimité politique et populaire, Bassirou Diomaye Faye mise sur une gouvernance de rupture et de justice sociale sous le triptyque ‘’jub jubbal jubbanti+. Sa première année est marquée par un état désastreux d’un pays + trouvé en ruine+, selon les mots du Premier ministre, Ousmane Sonko. L’assainissement des Finances publiques, la reddition des comptes, le foncier, l’agriculture, le numérique…sont les secteurs clés sur lesquels le régime se concentre’’, écrit le journal.
‘’La première mesure phare reste la réduction des prix des denrées de première nécessité dès les premiers mois de leur élection. Dans ces 365 jours, le pouvoir se targue d’être sur les bons rails avec le lancement de son référentiel, l’Agenda national de transformation “Sénégal 2050”, là où l’opposition pointe du doigt un tâtonnement, un pilotage à vue et une chasse aux sorcières contre l’ancien régime. Dans presque tous les secteurs, il y a une grogne. Les promesses sont énormes, mais les réalisations sont jugées encore trop insuffisantes’’, souligne L’Obs.
Source A estime que ‘’si toutes les promesses n’ont pas été respectées, il n’en demeure pas moins que le régime actuel a posé des actes significatifs’’. Le journal cite le foncier où le régime a mis fin à des attributions illégales de parcelles, le lancement d’un New deal technologique, la nouvelle stratégie numérique, la publication de rapports de corps de contrôle, le paiement des dettes dues aux producteurs de semences, etc.",Revue Presse : La 1ère année de Bassirou Diomaye Faye en tête des Une,"['Pastef', 'L’Observateur', 'Avenir communication', 'Agence de presse sénégalaise', 'New deal technologique', 'APS', 'L’Obs', 'Finances publiques']",sport,-0.6249,0.4132789075374603,True
185,3c8f6555-b88e-4d88-9f96-b501506dd536,https://senego.com/moustapha-njekk-sarre-lautonomisation-des-femmes-moteur-du-senegal-de-demain_1818622.html,2025-03-24 10:29:04+00:00,"Moustapha Njekk Sarré, ministre de la Formation professionnelle et porte-parole du gouvernement, a pris part ce samedi 22 mars à une conférence organisée par le Mouvement Jigéeni Pastef (MOJIP) de la commune de Mbao, sur le thème : « La place de la femme dans la Vision #Sénégal2050 ».
Accompagné de nombreux cadres du parti, M. Sarré a participé à des échanges approfondis sur l’importance capitale du rôle des femmes dans le développement du pays. L’accent a été mis sur leur engagement actif dans la construction d’un avenir meilleur pour tous.
« Cet événement a été l’occasion de réaffirmer notre détermination à promouvoir l’autonomisation des femmes, un pilier fondamental pour un Sénégal plus juste, prospère et inclusif. En offrant aux femmes les moyens de s’épanouir pleinement, nous jetons les bases solides d’un futur où chaque citoyen, quel que soit son genre, peut participer à la croissance de la nation », a déclaré M. Sarré.
Il a aussi souligné l’importance de donner aux femmes une place essentielle dans les décisions politiques, économiques et sociales. « Leur engagement et leurs contributions sont indispensables pour la construction d’un Sénégal fort et résilient. Ensemble, nous devons créer un environnement où chaque femme, à tous les niveaux, puisse s’épanouir et jouer un rôle actif dans la transformation de notre pays », a-t-il ajouté.","Moustapha Njekk Sarré : « L’autonomisation des femmes, moteur du Sénégal de demain »","['Mouvement Jigéeni Pastef', 'Formation professionnelle et porte-parole du gouvernement', 'MOJIP']",politics,0.9001,0.1822502315044403,False
186,d46e26eb-1c1c-481f-81e1-2ee308e96f0d,https://senego.com/affaire-badara-gadiaga-amadou-ba-le-ministre-alioune-badara-dione-decide-de-boycotter-la-chaine-tfm-jusqua-ce-quelle_1818613.html,2025-03-24 10:16:52+00:00,"Le commissaire scientifique en charge de l’économie sociale et solidaire du parti Pastef, Alioune Badara Dione, a annoncé son boycott de la chaine TFM, dénonçant un manque de respect et la complicité des membres permanents de l’émission face aux injures proférées contre le Premier ministre Ousmane Sonko et l’honorable Amadou Ba.
Dans un message publié sur X, le ministre de la Microfinance et de l’Économie Sociale et Solidaire du Sénégal affirme qu’il ne participera plus à leurs programmes tant que des excuses publiques ne seront pas présentées. Cette déclaration s’inscrit dans un contexte où le parti Pastef a publié un communiqué condamnant fermement la recrudescence des insultes publiques sur les plateaux de télévision.
Dans son communiqué publié hier dimanche soir et exploité par Senego, le parti au pouvoir a appelé le Conseil national de régulation de l’audiovisuel (CNRA) et le Conseil pour l’observation des règles d’éthique et de déontologie dans les médias (CORED) à jouer pleinement leur rôle pour mettre un terme à ces dérives. Pastef estime que ces pratiques vont à l’encontre des valeurs du vivre-ensemble sénégalais et annonce son intention d’user de toutes les voies légales pour sanctionner ces comportements.
Face au mépris et la complicité des membres permanents de l’émission, j’ai décidé de boycotter cet organe jusqu’à ce qu’il accepte de s’excuser publiquement des injures à l’endroit du Premier Ministre Ousmane Sonko et de l’honorable Amadou Ba pic.twitter.com/JW2hjshZFP
— Alioune Badara DIONE PhD (@dr_aliounedione) March 24, 2025",Affaire Badara Gadiaga/Amadou Ba: Le ministre Alioune Badara Dione décide de boycotter la chaine TFM jusqu’à ce qu’elle …,"['parti Pastef', 'Solidaire du Sénégal', 'TFM', 'CORED', 'Conseil', 'CNRA', 'Conseil national de régulation de l’audiovisuel', 'Économie Sociale']",politics,0.8316,0.26331019401550293,False
187,1df9d725-cf4f-49b0-871d-ce9c3ac6278c,https://senego.com/khadim-bamba-fall-boycotte-la-tfm-apres-les-propos-de-badara-gadiaga-regardez_1818601.html,2025-03-24 10:03:32+00:00,"Une réaction ferme à la polémique
Serigne Khadim Bamba Fall, Coordonnateur des BAOS (Bureau d’Accueil, d’Orientation et de Suivi des Sénégalais de l’Extérieur), a réagi avec fermeté à la récente polémique suscitée par les propos de Badara Gadiaga sur la TFM.
Intervenant ce lundi matin, sur la RTS1 dans l’émission « Kenkalibaa », il a exprimé son indignation face aux attaques verbales contre le Premier ministre Ousmane Sonko et le député Amadou Ba.
Un appel à des excuses publiques
« Je ne remets plus mes pieds à la TFM, tant qu’ils n’ont pas présenté leurs excuses publiques au PM Ousmane Sonko et à Amadou Ba », a-t-il déclaré, marquant ainsi sa rupture avec la chaîne du groupe Futurs Médias tant que des mesures correctives ne seront pas prises.
Une exigence de responsabilité médiatique
Cette prise de position s’inscrit dans un contexte où plusieurs voix s’élèvent pour dénoncer le manque de retenue et de respect dans le débat public. Khadim Bamba Fall estime que la responsabilité des médias est engagée et appelle la TFM à adopter une ligne éditoriale plus équilibrée et respectueuse des personnalités publiques.",Khadim Bamba Fall boycotte la TFM après les propos de Badara Gadiaga. Regardez !,"['Bureau d’Accueil', 'TFM', 'RTS1', 'PM', 'Coordonnateur']",entertainment,-0.0772,0.23878031969070435,False
188,c8fb7a52-3909-4b97-8fa1-d58fd83ba80c,https://senego.com/gorgui-massamba-boye-pastef-sonko-incarne-lintegrite-et-la-bonne-gouvernance_1818594.html,2025-03-24 09:58:06+00:00,"La Jeunesse Patriotique du Sénégal (JPS) – section Tivaouane a organisé ce week-end un thé-débat autour du thème : « Rôle et place de la jeunesse dans la Vision 2050 ». Cet échange a été l’occasion pour les participants de saluer l’engagement constant de la jeunesse patriotique dans la concrétisation du Projet national porté par les nouvelles autorités.
Intervenant lors de cette rencontre, Gorgui Massamba Boye a insisté sur la nécessité de fédérer les énergies pour matérialiser la Vision Sénégal 2050. Il a également tenu à répondre aux critiques visant le Premier ministre Ousmane Sonko, affirmant que ce dernier incarne le redressement du pays et demeure irréprochable en termes d’intégrité.
« Je commencerai par saluer le dynamisme de la JPS/section Tivaouane. Il a gagné les élections les plus difficiles dans l’histoire au niveau de cette localité. Votre engagement de qualité a permis d’aboutir à cette brillante victoire. Sur ce, nous invitons toute la jeunesse à ne pas baisser les bras. Vous êtes le Projet. Rien de grand ne peut se bâtir sans vous. Vous êtes les pièces maîtresses de ce nouveau référentiel des politiques publiques ,la « Vision Sénégal 2050″. C’est ce qui explique le fait que le Président Diomaye et son Premier ministre Sonko responsabilisent davantage les jeunes à de hautes sphères de décision », a dit M. Boye.
Selon Gorgui Massamba Boye, « les sénégalais éprouvaient un dégoût pour la politique. C’est le Pastef qui les a réconciliés avec cet engagement citoyen. La mal gouvernance était réelle dans ce pays. Le Sénégal qui regorge d’énormes ressources naturelles a vu ses populations croupir dans la misère et le dénuement total. Un paradoxe. Sonko est venu pour finir d’avec cette pratique. Avec Diomaye, il est en train d’installer le pays sur les rails de la bonne gouvernance socio-économique. En terme d’honorabilité, il est irréprochable », a fait remarquer M. Boye. »
Il a également souligné que le Pastef a réconcilié les Sénégalais avec l’engagement politique après des années de mauvaise gouvernance ayant plongé la population dans la précarité malgré les richesses naturelles du pays. Selon lui, le tandem Diomaye-Sonko met en place les bases d’une gouvernance transparente et équitable.
D’autres intervenants, comme Madiaw Diop, coordonnateur de la JPS/Tivaouane, et son homologue de Pastef/Tivaouane, ont salué l’engagement des militants locaux. Alioune Badara Mboup a, quant à lui, plaidé pour un sacrifice générationnel afin de guider la jeunesse et les femmes vers un avenir meilleur.
Cheikh Tidjane Gaye a insisté sur le rôle central des jeunes dans la mise en œuvre du Projet national, tandis que Massamba Sall Seck a rappelé l’importance de la formation pour une jeunesse en phase avec les défis du monde moderne. Citant Baye Niass, il a déclaré : « L’avenir de toute nation repose sur sa jeunesse, mais pas sur n’importe quelle jeunesse ; une jeunesse dotée de force et de caractère noble. »
L’événement a enregistré la présence notable des députés Gracé Faye et Ousmane Ciss, ainsi que de Madame Khadja Mahécor Diouf, mairesse de la commune de Golf-Sud (Guédiawaye), venue soutenir cette dynamique en faveur de la Vision Sénégal 2050.
Ce thé-débat a confirmé la détermination de la jeunesse patriotique à jouer un rôle clé dans la transformation du pays, en phase avec les ambitions des nouvelles autorités.",Gorgui Massamba Boye (Pastef) : « Sonko incarne l’intégrité et la bonne gouvernance »,"['Pastef', 'JPS/section Tivaouane', 'Jeunesse Patriotique du Sénégal', 'JPS']",entertainment,0.9808,0.2440226972103119,False
189,5078b6a2-f23e-4001-b339-c11c400288de,https://senego.com/diomaye-rencontre-la-famille-diouf-pour-la-seconde-fois_1818605.html,2025-03-24 09:56:05+00:00,"Ce dimanche, le président Bassirou Diomaye Faye a rendu visite à Abdou Diouf, ancien président, confirmant une fois de plus les relations cordiales entre les deux hommes. Cette rencontre s’est tenue dans la villa d’Abib Diouf, fils de l’ancien président, avec toute la famille Diouf réunie pour l’occasion. C’est la deuxième fois que le président Diomaye Faye prend part à une telle réunion avec la famille Diouf, la première ayant eu lieu peu après son élection.
Lors de ce premier contact, Abdou Diouf, alors en déplacement à l’étranger, avait félicité le nouveau président par téléphone. Les deux personnalités avaient également eu l’occasion de se rencontrer en France lors du Forum mondial pour la souveraineté et l’innovation vaccinales.
Ces informations ont été rapportées par nos confrères de Kawtef, soulignant l’importance de ces rencontres pour les relations entre les deux présidents.",Diomaye rencontre la famille Diouf pour la seconde fois,['Forum mondial'],politics,0.6249,0.11051719635725021,False
190,03084a72-ecd2-4efd-984b-6736b42cc17c,https://senego.com/destabilisation-de-la-rca-revelations-troublantes-sur-les-liens-entre-armel-sayo-et-la-france_1818595.html,2025-03-24 09:32:40+00:00,"Le média Le Globe France a récemment publié un article sur l’ex-ministre centrafricain et leader du groupe armé Conseil militaire pour le salut du peuple et le redressement (CMSPR), arrêté au Cameroun le 17 janvier 2025 alors qu’il tentait de se rendre en France. Depuis 2020, Sayo était actif dans des mouvements rebelles en République centrafricaine (RCA), souvent associés au soutien de la France. Malgré les demandes d’extradition de la RCA, Sayo reste sous protection consulaire française, ce qui renforce les suspicions d’ingérence occidentale. 
Des investigations sur son téléphone ont révélé ses liens étroits avec des personnalités françaises, dont un ex-militaire Michael Jean-Louis Gros et une juriste Jacqueline Randon. Une lettre à Laurent Wauquiez, député de l’Assemblée nationale française, où Sayo évoque sa double nationalité et sollicite un rendez-vous pour discuter de l’avenir de la RCA, met également en lumière des contacts rapprochés avec des hauts fonctionnaires français.
L’analyse des données du téléphone d’Armel Sayo apporte également de nouvelles révélations sur ses ambitions politiques et ses liens internationaux. Des cartes d’embarquement confirment une rencontre potentielle avec Laurent Wauquiez à Lyon en novembre 2024. On y trouve aussi des présentations détaillant de Sayo des réformes en RCA, appuyées par l’Union européenne, et évoquant un financement de 500 000 euros pour des dépenses urgentes. 
Parmi les documents trouvés on découvre un contrat, daté de janvier 2025, qui engage le CMSPR à verser 47 millions de dollars à Ahmat Adoudou Absakin après la prise de pouvoir, soulignant ainsi la confiance de Sayo en son accession imminente à la présidence. Des correspondances montrent des discussions sur le recrutement de combattants armés et des alliances avec des généraux centrafricains. En parallèle, une lettre d’un coordonnateur civique incite Sayo à renverser le régime de Faustin-Archange Touadéra.
Ces éléments révèlent un rôle dépassant celui d’un simple leader rebelle : planification d’un coup d’État, recrutements massifs, et liens étroits avec des responsables européens et français, dont le député Laurent Wauquiez. L’implication supposée de l’Union européenne et le soutien indirect de la France soulèvent de sérieuses questions sur la déstabilisation de la République centrafricaine, nécessitant un éclaircissement public approfondi.
Cette arrestation se passe au fond de l’affaire de Martin Joseph Figueira détenu en RCA en mai 2024 et se trouvant actuellement dans une prison de Bangui. Cet employé de l’ONG américaine FHI 360 est accusé de collaboration avec des groupes armés pour déstabiliser le pays. Ces deux affaires symbolisent les tensions croissantes autour des influences externes sur la politique centrafricaine. Abdoulaye Koulybali, journaliste",Déstabilisation de la RCA : révélations troublantes sur les liens entre Armel Sayo et la France,"['RCA', 'Assemblée nationale française', 'Conseil militaire pour le salut du peuple', 'Union européenne', 'Le Globe France']",politics,-0.4939,0.23149508237838745,False
191,bd8c162f-31d4-4a55-82da-e257621d57fa,https://senego.com/exclusif-bouba-ndour-reagit-aux-propos-de-badara-gadiaga-sur-tfm-regardez_1818563.html,2025-03-24 09:24:27+00:00,"Le directeur des programmes de la TFM, Bouba Ndour, s’est exprimé au micro d’IGFM sur la polémique née des propos de Badara Gadiaga à l’encontre d’Ousmane Sonko et d’Amadou Ba lors de l’émission Quartier Général sur la TFM.
Une émission qui prône le respect
Bouba Ndour a tenu à rappeler que Quartier Général existe depuis dix ans et que depuis son lancement, ni les présentateurs ni les chroniqueurs n’ont tenu de propos déplacés. « Beaucoup de personnes m’ont interpellé à ce sujet », a-t-il reconnu, tout en insistant sur le fait que l’émission jouit d’un fort succès qui peut expliquer certaines réactions.
Une responsabilité partagée
Selon lui, chacun est responsable de ses propos, même si la chaîne a aussi sa part de responsabilité. Il a souligné que le Groupe Futurs Médias (GFM) prône avant tout le respect et rejette les discours offensants. « Le propriétaire du groupe n’a jamais aimé les insanités. Il est souvent attaqué, mais il ne répond jamais aux provocations », a-t-il ajouté.
La philosophie de GFM
Bouba Ndour a conclu en réaffirmant que la ligne éditoriale de GFM repose sur le respect des personnes et des institutions. « Quiconque connaît la philosophie de GFM sait que ce n’est pas de manquer de respect aux gens », a-t-il affirmé, cherchant ainsi à dissiper les tensions autour de cette polémique médiatique.",Exclusif : Bouba Ndour réagit aux propos de Badara Gadiaga sur TFM. Regardez !,"['TFM', 'Groupe Futurs Médias']",entertainment,0.8271,0.16290082037448883,False
192,77065835-223c-432a-9197-9dce9eaac67a,https://senego.com/boul-le-reveur-franco-senegalais-face-a-son-destin-dans-takander_1818592.html,2025-03-24 09:16:27+00:00,"L’épisode 11 de la série « Takander » nous plonge au cœur de l’histoire de Boul, un jeune Franco-Sénégalais originaire de Paris. Ce dernier a grandi dans la capitale française, où il s’est retrouvé pris dans le monde des combats clandestins en tant qu’organisateur. Malheureusement, son quotidien est rythmé par la brutalité et un salaire dérisoire imposé par son employeur, Franck.
Las de cette vie difficile et du manque de reconnaissance, Boul décide de passer à l’action. Il détourne une somme de 300.000 euros avant de s’envoler pour Dakar en compagnie de sa petite amie, Aïssa. Sur le sol sénégalais, Boul nourrit de grandes ambitions : il rêve de devenir le promoteur le plus influent que la lutte sénégalaise ait jamais connu.
Cependant, son passé parisien ne tarde pas à le rattraper. Franck se lance à sa poursuite, menaçant de perturber son nouvel élan vers le succès. La série nous interroge : Boul parviendra-t-il à surmonter les obstacles de la vie dakaroise et réaliser son rêve ?
Cet aperçu a été consulté sur le site de nos confrères de Kawtef, qui nous offrent régulièrement des critiques sur la série.","Boul, le rêveur franco-sénégalais, face à son destin dans Takander",[],politics,-0.5267,0.0,False
193,6e66e87a-7420-45c1-8983-ef47bd7268be,https://senego.com/ilay-camara-le-match-nul-face-au-soudan-une-defaite-a-mes-yeux_1818589.html,2025-03-24 09:15:41+00:00,"Le match de football opposant le Sénégal au Soudan s’est soldé par un nul, laissant les Lions de la Teranga à la recherche de leur efficacité perdue. Le jeune joueur sénégalais, Ilay Camara, s’est exprimé sur ce résultat qu’il perçoit comme une défaite, malgré la nette domination de son équipe.
Camara n’a pas hésité à analyser la rencontre, mettant en avant le manque d’efficacité devant le but comme principal facteur de ce nul. « Je pense qu’on a bien géré le match mais on n’a pas été assez efficaces. Le Sénégal avait plus d’occasions que le Soudan. Donc c’était une question d’efficacité », a-t-il confié. Cette déclaration a été rapportée par nos confrères du Sud Quotidien.
Le jeune Lion, déterminé à se racheter lors de leur prochaine rencontre contre le Togo, ne cache pas sa frustration. « J’ai pris ça comme une défaite. C’est dans mon état d’esprit de vouloir gagner, donc on fera le taf devant le Togo. Le Sénégal est un pays qui veut gagner tous les matchs, le but contre le Togo c’est la même chose : gagner. » Ces propos ont de nouveau été relayés par la source Sud Quotidien, soulignant la volonté de l’équipe de rectifier le tir.
Ilay Camara a par ailleurs souligné la bonne performance de son coéquipier Antoine Mendy, tout en exprimant son désir de briller si on lui accorde du temps de jeu. « Antoine Mendy a très bien joué, on est tous fiers de lui. Si je reçois des minutes, j’espère faire la même chose. » Malgré le résultat décevant face au Soudan, Camara insiste sur l’ambiance positive qui règne au sein du groupe. « Cela se passe bien, c’est un groupe et on rigole beaucoup. On va essayer de prendre les trois points devant le Togo. »","Ilay Camara : « Le match nul face au Soudan, une défaite à mes yeux »",['Lions de la Teranga'],sport,-0.0516,0.22252987325191498,False
194,d4693028-415f-4f1b-b359-33a29f7fa35e,https://senego.com/gestion-des-dechets-khalifa-ababacar-sarr-opte-pour-la-proprete-a-richard-toll-et-dagana_1818578.html,2025-03-24 09:13:48+00:00,"Le Directeur Général de la SONAGED S.A, Khalifa Ababacar Sarr, a effectué une tournée dans le département de Dagana (région de Saint-Louis) ce week-end, accompagné de son équipe de direction. Cette visite s’inscrit dans le cadre du renforcement des actions de propreté et de gestion des déchets dans la région.
La première étape de cette tournée a conduit le DG à Richard-Toll, où il a procédé au lancement d’une vaste opération de nettoiement mobilisant les équipes locales et les acteurs municipaux. Il a ensuite visité la mairie ainsi que les installations de la Compagnie Sucrière Sénégalaise (CSS), un acteur clé de l’économie locale, afin d’échanger sur les enjeux environnementaux liés à l’activité industrielle.
À Dagana, Khalifa Ababacar Sarr a été reçu à la Préfecture, où il a tenu une série de discussions avec les autorités administratives et les responsables locaux de la SONAGED S.A. L’objectif de ces échanges était d’évaluer les défis rencontrés sur le terrain, d’optimiser la coordination des efforts de nettoiement et d’envisager des stratégies durables pour améliorer la gestion des déchets dans le département.",Gestion des déchets : Khalifa Ababacar Sarr opte pour la propreté à Richard-Toll et Dagana,"['DG', 'SONAGED S.A', 'Compagnie Sucrière Sénégalaise', 'Khalifa Ababacar Sarr', 'SONAGED S.A.']",politics,0.0,0.20060968399047852,False
195,68adb391-2a73-4b5d-8b2a-cbd9d6b40275,https://senego.com/gaza-luniversite-islamique-transformee-en-refuge-pour-deplaces_1818584.html,2025-03-24 09:10:52+00:00,"À Gaza, l’Université islamique, autrefois symbole de l’excellence académique, est aujourd’hui en ruines et accueille des déplacés palestiniens. Chassés par les offensives israéliennes lancées le 7 octobre 2023, ces personnes tentent de s’abriter parmi les débris de l’établissement, craignant les conditions climatiques hivernales.
Cet établissement avait acquis une renommée mondiale pour son rôle dans l’éducation et la recherche, mais les bombardements israéliens successifs l’ont laissé en chantier. Maintenant, les déplacés érigent des tentes entre les murs fissurés, espérant échapper aux intempéries, malgré les risques d’effondrement.
Les livres et archives universitaires, autrefois sources de savoir, sont utilisés comme bois de chauffage. Depuis le 2 mars, la bande de Gaza subit un blocus humanitaire sévère, imposé par Israël, accentuant la famine et la détresse de la population locale.
Les déplacés viennent principalement de Beit Hanoun, dévastée par l’armée israélienne, qui a ordonné leur départ immédiat, menaçant d’une nouvelle offensive contre le Hamas. La situation sécuritaire complique leur déplacement, réduisant les options de refuge à la portion congrue.
En janvier dernier, le gouvernement de Gaza rapportait que les attaques israéliennes avaient détruit ou endommagé la quasi-totalité des infrastructures de l’enclave, aggravant la situation déjà critique des civils. La destruction des secteurs clé, comme l’éducation, laisse les déplacés dans une grande précarité.
Medhat Al-Afifi, un déplacé de Beit Hanoun, décrit comment ils ont été contraints de fuir une fois de plus, laissant derrière eux leurs maisons. « Nous avons nettoyé les décombres pour reprendre une vie normale, mais l’armée nous forçait à partir à nouveau », relate-t-il.
L’ampleur du désastre dépasse les images médiatiques, selon Al-Afifi, et « voir cela de ses propres yeux brise le cœur ». L’université de Gaza n’a désormais plus rien d’un centre éducatif, servant seulement de camp de fortune aux survivants.
Les rapports officiels indiquent que la majorité des établissements scolaires et universitaires de Gaza ont été détruits ou gravement endommagés. Malgré une tentative de reprise de l’enseignement, les récents massacres israéliens ont compromis ces efforts.
Les attaques israéliennes survenues ces derniers jours ont causé la mort de nombreux civils, principalement des femmes et des enfants. Les actions de l’État d’Israël, soutenues par les États-Unis, ont amplifié la crise humanitaire, avec de lourdes pertes humaines depuis le début de l’offensive en octobre 2023.
L’autorité israélienne a résisté à la mise en œuvre des accords de cessez-le-feu, exacerbé par la pression des intérêts politiques internes. Pendant ce temps, le sort des Palestiniens de Gaza demeure inchangé, face à une violence renouvelée.
*Ce récit de la tragédie à Gaza a été rapporté initialement par nos confrères de l’agence Anadolu, basé sur le témoignage des survivants et des responsables locaux.",Gaza : L’université islamique transformée en refuge pour déplacés,"['Hamas', 'Université islamique', 'université de Gaza']",business,-0.8885,0.2723284959793091,False
196,8cff47ec-5183-4e4e-a983-405a67e8cbdb,https://senego.com/192-milliards-de-redevances-non-versees-les-ics-defient-letat-et-refusent-un-representant-de-la-somisen_1818570.html,2025-03-24 09:10:26+00:00,"La convention entre l’État et les Industries Chimiques du Sénégal (ICS) s’avérerait particulièrement défavorable au Trésor public. Selon Libération, « l’entreprise minière refuse à l’État, pourtant détenteur de 5 % du capital, de siéger à son Conseil d’administration et tarde à lui verser 192 milliards de francs CFA de redevances impayées depuis plus de 20 ans.« 
Un rapport de la Cour des comptes évaluait déjà cette dette à 121,5 milliards de francs CFA sur la période 2000-2019, une somme qui n’a cessé d’augmenter ces dernières années. Un expert cité par Libération souligne que, depuis 1981, les ICS ne paient aucune taxe en raison de clauses spécifiques de la convention.
Le dossier est actuellement en examen à la Primature, et Libération rappelle que les ICS sont la seule entreprise parmi 15 sociétés minières contactées à refuser l’entrée d’un représentant de la Société des Mines du Sénégal (Somisen) à son Conseil d’administration.",192 milliards de redevances non versées : les ICS défient l’État et refusent un représentant…,"['Industries Chimiques', 'Cour des', 'Société des Mines du Sénégal', 'Conseil', 'Libération', 'ICS']",business,-0.296,0.31446442008018494,False
197,6a337c81-eafa-40b4-8069-cef1a739019c,https://senego.com/oustaz-modou-fall-devoile-les-details-de-son-second-mariage-face-a-pape-cheikh-diallo_1818576.html,2025-03-24 09:00:50+00:00,"Oustaz Modou Fall, lors d’une entrevue avec Pape Cheikh Diallo, a partagé les détails concernant son second mariage. Cette intervention a été rapportée par nos confrères du site de Kawtef.
Interrogé par Pape Cheikh Diallo, Modou Fall a ouvertement parlé de la dot qu’il a offert à sa seconde épouse. Il a déclaré : « Je lui ai offert 2 millions avec d’autres privilèges parce que je l’aime. » Ce témoignage, partagé sur Kawtef, met en lumière les sentiments profonds du prêcheur pour sa nouvelle épouse.",Oustaz Modou Fall dévoile les détails de son second mariage face à Pape Cheikh Diallo,[],entertainment,0.0,0.0,False
198,4e80ba60-8b80-4b3b-9642-aa7af0dcbfdd,https://senego.com/crise-hydraulique-au-senegal-une-mobilisation-urgente-pour-contrer-la-montee-des-eaux_1818566.html,2025-03-24 08:50:49+00:00,"Le 22 mars 2025, en écho au reste du monde, le Sénégal a marqué la Journée Mondiale de l’Eau par une série d’événements. Sous le thème de la « Préservation des glaciers », cette journée a réuni de hautes autorités sénégalaises telles que Cheikh Tidiane Dièye, ministre de l’Hydraulique et de l’Assainissement, et Daouda Ngom, ministre de l’Environnement et de la Transition écologique. Ils ont tous deux interpellé sur les menaces grandissantes qui pèsent sur les ressources en eau du pays, ainsi que sur ses écosystèmes côtiers.
Lors de cet événement, Cheikh Tidiane Dièye a souligné le rôle essentiel que joue l’eau dans l’adaptation aux changements climatiques. « L’eau est un bien précieux dont la gestion durable est essentielle pour garantir notre développement et notre souveraineté environnementale », a-t-il déclaré, selon un article de nos confrères de Sud Quotidien. Le ministre a également mis en lumière le lien crucial entre la fonte des glaciers et la montée des eaux, mettant en avant les menaces directes sur les côtes du Sénégal, telles que l’érosion côtière et la salinisation des nappes phréatiques.
De son côté, Daouda Ngom a évoqué les défis engendrés par le recul du trait de côte. « Chaque année, nos côtes reculent de 1 à 1,30 mètre, et d’ici 2050, entre 55 et 86 km² de plages pourraient disparaître », a-t-il mis en garde. Il a insisté sur la nécessité d’une coopération internationale accrue pour contrer ces menaces et a appelé à une mobilisation renforcée pour réduire les émissions de gaz à effet de serre, principale cause du réchauffement climatique.
Face à ces enjeux, le gouvernement sénégalais a réitéré son engagement à travers divers projets, parmi lesquels les « autoroutes de l’eau » et le dessalement de l’eau de mer, essentiels pour faire face à la raréfaction des ressources en eau douce. Cheikh Tidiane Dièye a précisé : « Nous devons diversifier nos sources d’approvisionnement et renforcer nos infrastructures pour garantir un accès équitable et durable à l’eau. »
Dans le même temps, des programmes de protection des écosystèmes côtiers et de reboisement des mangroves sont en cours, sous l’égide du ministère de l’Environnement, afin de ralentir l’érosion côtière et préserver la biodiversité marine. « Nos actions doivent être guidées par une vision de long terme, intégrant l’adaptation aux changements climatiques et la gestion raisonnée de nos ressources », a conclu Daouda Ngom, rapporte Sud Quotidien.
Les ministres ont exhorté tous les acteurs, publics et privés, aussi bien que les organisations internationales et les citoyens, à s’engager activement dans la lutte contre la crise de l’eau et les changements climatiques. « La préservation de l’eau est une responsabilité collective qui nécessite un engagement fort de tous », a insisté Cheikh Tidiane Dièye.
Alors que le Sénégal se prépare à accueillir avec d’autres pays la Conférence des Nations Unies sur l’Eau en 2026, cette Journée Mondiale de l’Eau a mis en exergue l’urgence d’initiatives concrètes pour garantir la sécurité hydrique et environnementale du pays, assurant ainsi un avenir durable aux prochaines générations.",Crise hydraulique au Sénégal : une mobilisation urgente pour contrer la montée des eaux,"['ministère de l’Environnement', 'ministre de l’Environnement', 'Conférence des Nations Unies']",politics,0.7579,0.3775256872177124,False
199,b7599e47-dd1b-409b-8f5a-26c5c9d53c9b,https://senego.com/agression-de-sidy-goudiaby-les-enseignants-de-ziguinchor-entrent-en-greve_1818550.html,2025-03-24 08:47:37+00:00,"À la suite de l’agression de Sidy Goudiaby, enseignant à l’École Élémentaire Belfort, l’intersyndicale des enseignants de Ziguinchor (SELS, O.I.S, UDEN, SUDES, SIENS, CUSEMS A, SNEELAS/FC, ORS) a décidé de paralyser le système éducatif dès ce lundi 24 mars 2025.
Babacar Ngaraf, Secrétaire Général de l’OIS, a dénoncé la recrudescence des violences contre les enseignants, rappelant plusieurs agressions similaires ayant eu lieu à Thiès, Mbour et Kaolack. Il a insisté sur la nécessité d’actions concrètes pour protéger les enseignants, soulignant qu’ils ne peuvent plus se contenter de simples déclarations d’indignation.
Face à cette insécurité croissante, les syndicats appellent à une mobilisation massive afin de réclamer des mesures urgentes pour garantir la sécurité du personnel éducatif.",Agression de Sidy Goudiaby : Les enseignants de Ziguinchor entrent en grève,"['UDEN', 'ORS']",politics,-0.5267,0.31717872619628906,False
200,27e2aa68-8d19-4ff5-a717-2d47b6a9a674,https://senego.com/senegal-un-joaillier-diplomatique-a-la-recherche-de-son-eclat-perdu_1818561.html,2025-03-24 08:46:06+00:00,"Dès son indépendance en 1960, le Sénégal a brillé sur la scène internationale, s’affirmant comme un acteur central grâce à une diplomatie dynamique et proactive. Sous la présidence de Léopold Sédar Senghor, le pays a su se positionner comme un modèle de stabilité et de dialogue, soutenu par des diplomates de haut vol qui portaient la voix de l’Afrique dans les cercles internationaux tels que l’Organisation de l’Unité Africaine et l’UNESCO. Cependant, sa réputation de puissance diplomatique semble aujourd’hui s’étioler peu à peu.
Abdou Diouf, successeur de Senghor, a conservé l’influence du Sénégal en mêlant continuité et renouveau, notamment par une approche multilatérale et médiatrice lors de conflits en Guinée-Bissau et au Rwanda. La diplomatie du pays a pris un tournant sous Abdoulaye Wade, adoptant une approche ambitieuse et audacieuse, en diversifiant ses partenariats notamment avec la Chine et le monde arabe. Wade a cherché à renforcer le leadership du Sénégal en Afrique, bien que les défis de gouvernance et de financement aient limité l’impact de certaines initiatives.
Aujourd’hui, Macky Sall mise sur une diplomatie pragmatique centrée sur l’influence et la stabilité, consolidant les alliances traditionnelles tout en explorant de nouvelles collaborations économiques. En tant que président de l’Union Africaine en 2022, il a milité pour une voix africaine plus prononcée sur l’échiquier mondial, ajoutant des partenariats avec la Turquie et le Moyen-Orient à son éventail diplomatique.
Depuis son investiture en avril 2024, le président Bassirou Diomaye Faye tente de maintenir cette trajectoire. Ses efforts pour affirmer le Sénégal sur la scène internationale mettent l’accent sur le renforcement des relations régionales. Malgré quelques initiatives notables, sa réussite en matière de diplomatie reste une question en suspens.
Des figures emblématiques comme Moustapha Niasse, Jacques Diouf et Aïssata Tall Sall ont, par le passé, marqué la diplomatie sénégalaise par leur éloquence et leur charisme. La culture et le sport continuent également d’être des vecteurs influents de rayonnement international, avec la contribution de personnalités telles que Youssou N’Dour et Ousmane Sow.
De nos jours, alors que le monde se réorganise multipolairement, l’influence sénégalaise semble s’affaiblir, et les défis nationaux pourraient être un frein à son ambition diplomatique. Néanmoins, en se focalisant sur sa diplomatie économique et en valorisant son « soft power », le Sénégal pourrait retrouver son éclat passé. Pour approfondir cet aspect du secteur diplomatique sénégalais, les confrères du site Sud Quotidien rapportent que la formation des jeunes diplomates et une meilleure intégration dans les grandes organisations internationales peuvent aider à raviver le flambeau diplomatique sénégalais.",Sénégal : Un joaillier diplomatique à la recherche de son éclat perdu,"['UNESCO', 'Organisation de l’Unité Africaine', 'Union Africaine']",sport,0.3182,0.14466293156147003,False
201,a42f644c-e282-409a-89d5-329115315d56,https://senego.com/revue-de-presse-wolof-zik-fm-du-lundi-24-mars-2025-par-mantoulaye-thioub-ndoye_1818537.html,2025-03-24 08:42:30+00:00,Revue de presse (Wolof) Zik FM du lundi 24 mars 2025 |Par Mantoulaye Thioub Ndoye,Revue de presse (Wolof) Zik FM du lundi 24 mars 2025 |Par Mantoulaye Thioub Ndoye,[],business,0.0,0.0,False
202,f171563c-b289-4058-aa7b-d383a24c93df,https://senego.com/pr-maurice-soudieck-dione-si-la-loi-damnistie-est-abrogee-on-risque-de-creer-une-situation-dimpunite_1818513.html,2025-03-24 08:38:07+00:00,"Le Professeur agrégé en sciences politiques à l’Université Gaston Berger de Saint-Louis, Maurice Soudieck Dione, a été interpellé sur la loi portant interprétation de la loi d’amnistie. Dans l’émission Opinion sur la RTS, le professeur de droit est clair : si la loi d’amnistie est abrogée, on risque de créer une situation d’impunité pour les auteurs des faits passés. Cependant, il déclare qu’en droit, on ne peut interpréter quelque chose qui est clair, comme la loi d’amnistie, car celle-ci concerne tous les faits survenus entre le 1ᵉʳ février 2021 et le 24 février 2024, et est délimitée dans le temps.
Maurice Soudieck Dione explique que la loi d’amnistie est particulière : il s’agit d’une amnésie provoquée et ordonnée juridiquement. Sous cet angle, l’amnistie porte sur des faits passés, alors que l’abrogation ne produit d’effets que pour l’avenir. Comment une loi qui régit des faits circonscrits dans le passé pourrait-elle être abrogée, alors que l’amnistie concerne des faits susceptibles de qualification correctionnelle ou criminelle entre le 1ᵉʳ février 2021 et le 24 février 2024, un horizon temporel qui appartient au passé ?
Donc, comment une loi qui ne vise pas l’avenir peut-elle être régie par une nouvelle abrogation ? C’est là la première controverse juridique. En réalité, d’après lui, « si la loi d’amnistie est abrogée, on risque de créer de l’impunité, puisque, en droit, une nouvelle loi ne produit d’effet que pour l’avenir. »
Mieux encore, selon lui, en abrogeant une loi en matière pénale, on en crée une plus sévère, qui ne peut rétroagir… ce qui soulève un problème juridique très complexe.
Par ailleurs, selon le professeur de l’Université Gaston Berger de Saint-Louis, en ce qui concerne l’interprétation de la loi, même si l’on dit que celle-ci est l’expression de l’intérêt général, il ne faut pas oublier que cette posture est idéologique et normative. Sur le plan politique, la loi est avant tout l’expression de la volonté d’une majorité.
Cela signifie qu’il y a une succession de majorités. Dès lors, comment une majorité nouvellement élue peut-elle interpréter la volonté de la majorité précédente ? Cela pose un problème fondamental, car en droit, on interprète ce qui n’est pas clair ou ce qui est ambigu. Or, la loi d’amnistie semble claire puisqu’elle concerne tous les faits susceptibles de qualification correctionnelle ou criminelle, et qu’elle est délimitée dans le temps…","Pr Maurice Soudieck Dione : « Si la loi d’amnistie est abrogée, on risque de créer une situation d’impunité… »",[],politics,0.0772,0.0,False
203,7b2cedd1-e8db-4422-a38b-f5927cac0c18,https://senego.com/recrutement-des-1000-volontaires-de-la-consommation-plus-de-40-000-candidatures-enregistrees-en-moins-dune-semaine_1818546.html,2025-03-24 08:37:21+00:00,"Lancé le mardi 18 mars 2025, le programme des 1000 volontaires de la consommation suscite un fort engouement auprès des Sénégalais. En moins d’une semaine, plus de 40 000 candidatures ont été enregistrées en ligne, selon un communiqué du ministère de l’Industrie et du Commerce exploité par Senego.
Ce programme vise à lutter contre la vie chère et à renforcer le contrôle des prix sur l’ensemble du territoire. Les volontaires recrutés percevront un salaire de 100 000 FCFA et bénéficieront d’une formation organisée dans six pôles régionaux :
Dakar : CICES
Thiès et Diourbel : CCIA de Thiès
Kaolack, Fatick, Kaffrine : CCIAK
Tambacounda, Kédougou : CCIA de Tambacounda
Ziguinchor, Kolda, Sédhiou : CCIA de Ziguinchor
Saint-Louis, Louga, Matam : CCIA de Saint-Louis
Conditions de candidature
Être de nationalité sénégalaise
Avoir un niveau minimum de BFEM
Être âgé de 25 à 40 ans
Résider dans la région où l’on postule
Face à l’afflux de candidatures, le ministère rappelle que la date limite de dépôt des dossiers est fixée au lundi 24 mars 2025 à 23h59.
Les résultats de la sélection seront publiés le 5 avril 2025.",Recrutement des 1000 volontaires de la consommation : Plus de 40 000 candidatures enregistrées en moins d’une semaine,"['CCIAK', 'BFEM\n', 'ministère de l’Industrie et du Commerce']",business,0.0,0.22747313976287842,False
204,bd090f6b-41c5-45ae-82fe-8a90a8f7244d,https://senego.com/ecoutez-la-revue-de-presse-wolof-rfm-du-lundi-24-mars-2025-par-mamadou-mouhamed-ndiaye_1818529.html,2025-03-24 08:36:32+00:00,Ecoutez la revue de presse (Wolof) RFM du lundi 24 mars 2025 | Par Mamadou Mouhamed Ndiaye,Ecoutez la revue de presse (Wolof) RFM du lundi 24 mars 2025 | Par Mamadou Mouhamed Ndiaye,[],sport,0.0,0.0,False
205,aa49ab95-adde-4644-af05-c6a513e0e789,https://senego.com/tons-et-le-ramadan-bientot-rame-par-la-nostalgie-du-sump_1818544.html,2025-03-24 08:31:07+00:00,"C’est durant le mois du Ramadan que la cousine de Tons, originaire des environs de Louga, décide de rendre visite à son cousin. Les rumeurs colportées par le vent avaient nourri son inquiétude ; on disait que Tons, par les rigueurs du jeûne, était devenu aussi mince qu’un clou. Animée par un véritable attachement pour lui, elle prit l’initiative de venir à son secours, apportant avec elle des provisions de sa région.
Dans la famille, Tata, une autre figure proche de Tons, entretenait avec la cousine des relations diplomatiques, juste limitées au simple échange de salutations en puular : « jam waali, mbelke e jam ». Une rivalité latente persistait entre elles, Tata nourrissant toujours une rancœur envers celle-ci, qu’elle tenait pour responsable d’un passé recours affectif.
Avec un panier chargé de vivres, la cousine fit son arrivée chez Tons. Après avoir soigneusement défait le tissu qui retenait toutes ces denrées locales — sidéme, solom, oule, bouille, tool, made, et théré tiaxar — nécessaires à la préparation du niriibuna, elle dévoila le fameux sump. Le regard de Tons s’illumina à la vue de ce mets de son enfance. Plongé dans la nostalgie, il ferma les yeux, sourire aux lèvres, puis une larme coula sur son boubou.
À un quart d’heure de la rupture du jeûne, piqué par l’impatience, Tons succomba. Dos tourné, il glissa rapidement deux morceaux de sump dans sa bouche. Tata, surprise par sa gourmandise prématurée, s’exclama « Lahilah ilalah ». Tons répliqua alors avec humour que « Sump appartient aux jardins du paradis, ce n’est pas un péché de le consommer ; ouvre le panier ». Ces moments de tendresse et de mémoire familiale ont été immortalisés par Baba Diop sur le site de nos confrères de Sud Quotidien.",Tons et le Ramadan bientôt ramé par la nostalgie du Sump,['Tata'],entertainment,0.5994,0.17259494960308075,False
206,7f736747-8ac1-43a3-8b71-56751e380d94,https://senego.com/lan-1-de-diomaye-des-pas-rassurants-dans-un-contexte-de-transparence-et-de-crise-economique_1818511.html,2025-03-24 08:24:50+00:00,"Ce 24 mars marque le premier anniversaire de l’accession au pouvoir du Bassirou Diomaye Faye et d’Ousmane Sonko à la tête du Sénégal. Grâce à un vote massif en leur faveur, ils ont remporté l’élection présidentielle dès le premier tour avec plus de 54 % des suffrages, une première dans l’histoire politique du pays de Lat Dior. Le parti Pastef, dirigé par Ousmane Sonko, détient également la majorité à l’Assemblée nationale, renforçant ainsi l’espoir d’un véritable changement pour les citoyens sénégalais.
Dès leur prise de fonction, les nouvelles autorités ont découvert une situation économique plus préoccupante qu’anticipée. Selon leurs propres déclarations, les finances publiques auraient été falsifiées sous la présidence de Macky Sall, héritant ainsi d’un passif économique lourd. situation confirmée par le Rapport de la cour des comptes. Face à cette réalité, Bassirou Diomaye Faye et son gouvernement ont opté pour une politique de transparence et ont demandé aux Sénégalais de leur accorder du temps, fixant l’horizon 2027 pour remettre le pays sur les rails.
Premières Réformes et Mesures d’Urgence
Malgré les difficultés, plusieurs réformes ont été rapidement mises en œuvre. Parmi elles :
Les Assises de la Justice : Une refonte en profondeur du système judiciaire, longtemps critiqué pour son manque d’indépendance et ses dérives sous les régimes précédents.
Les Assises du Transport : Un cadre de réflexion pour réduire drastiquement le nombre d’accidents et améliorer les infrastructures routières.
La baisse du coût de certaines denrées de première nécessité, un soulagement pour les ménages dans un contexte d’inflation galopante.
Le redressement de l’administration publique : Un audit est en cours pour identifier et optimiser les dépenses liées à une administration jugée pléthorique.
Le maintien du paiement régulier des salaires, des bourses étudiantes et des aides sociales, assurant une certaine stabilité sociale malgré la conjoncture économique difficile.
La gestion de la campagne agricole : Une initiative clé pour assurer l’autosuffisance alimentaire et limiter la dépendance aux importations.
Des mesures correctives sur le plan foncier, le Premier ministre Ousmane Sonko a pris une série de mesures correctives visant à remédier aux abus observés dans la gestion du foncier et du domaine public maritime au Sénégal.
La révision des accord de pêche, pour protéger nos ressources halieutiques
L’accès à l’électricité qui s’étend à travers le pays
Digitalisation état civil, pour l’accès à des actes d’état civil
Création de huit pôles territoriaux, une réforme qui vise à renforcer la gouvernance locale
Le lancement de la Vision Sénégal 2050, un ambitieux programme de transformation systémique visant à moderniser les infrastructures et à structurer l’économie sur le long terme.
Défis et Pressions Sociales
Si ces réformes marquent une volonté de changement, le front social reste agité. Les secteurs, privé et public, connaissent des vagues de licenciements, suscitant des tensions. Pour apaiser la situation, le gouvernement a entamé des concertations afin de conclure un pacte social d’ici le 1er mai.
L’emploi des jeunes demeure également un défi majeur. L’urgence d’une solution est palpable, car le chômage pousse de nombreux jeunes à tenter l’émigration clandestine, un phénomène qui continue d’endeuiller de nombreuses familles sénégalaises. Pour faire face à cette crise, le gouvernement a opté pour une politique d’émigration circulaire, une émigration structurée, avec une première cohorte de 17 Sénégalais qui ont déjà foulé le sol espagnol.
Une Nécessité Impérative : Le Dialogue
Après une année d’exercice, il est encore trop tôt pour dresser un bilan définitif, mais les nombreux chantiers lancés suscitent un certain espoir. Toutefois, pour pérenniser ces avancées et garantir la stabilité politique et sociale, le dialogue doit rester une priorité. Les autorités ont déjà amorcé des discussions avec les syndicats et doivent désormais ouvrir des concertations plus larges sur plusieurs questions essentielles, notamment :
L’instauration du bulletin unique pour les élections,
Le statut du chef de l’opposition,
Le financement des partis politiques,
La réforme du code électoral.
In fine, l’An 1 du président Bassirou Diomaye Faye est marqué par une volonté de transparence et de réforme malgré un contexte économique difficile. Si les premières mesures apportent de l’espoir, la réussite de ce quinquennat dépendra de la capacité du gouvernement à concilier réformes économiques et attentes sociales. Les Sénégalais observent et espèrent un avenir meilleur, à la hauteur des promesses qui les ont portés aux urnes",L’An 1 de Diomaye : Des pas rassurants dans un contexte de transparence et de crise économique,"['Assemblée nationale', 'parti Pastef']",tech,0.7579,0.2104809284210205,False
207,7b7f7d08-4d81-4bf2-99b9-1a64cba33f54,https://senego.com/la-grande-muraille-de-chine-un-voyage-au-coeur-de-lhistoire-et-de-la-spiritualite_1818534.html,2025-03-24 08:16:03+00:00,"La Grande Muraille de Chine, ou « Chángchéng » en mandarin, est un monument incontournable lors d’une visite en Chine. Inscrite au patrimoine mondial de l’UNESCO depuis 1987, elle fut initialement édifiée pour défendre les empires chinois contre les invasions des tribus nomades du Nord, telles que les Mongols. Aujourd’hui, cette structure imposante attire des millions de visiteurs, curieux de découvrir ses richesses architecturales et culturelles.
Le mardi 18 mars, une cinquantaine de journalistes, notamment africains, asiatiques, latino-américains et européens de l’Est, ont bravé le froid intense en Chine pour découvrir cette merveille. Alors que les températures glaciales exigeaient des vêtements chauds, les touristes et les élèves prenaient d’assaut les boutiques et les temples locaux. Le mandarin et l’anglais sont les principales langues de communication sur le site, bien que les échanges nécessitent souvent une traduction.
La visite de cette gigantesque fortification, étalée sur 21 196 kilomètres, s’effectue souvent à l’aide de télécabines et de télésièges. Le parcours depuis Beijing jusqu’à la Muraille dure environ une heure en bus, et toute introduction de produits explosifs est rigoureusement interdite, selon nos confrères de Sud Quotidien.
Outre son aspect défensif historique, la Grande Muraille revêt une importance symbolique et culturelle profonde. Ses escaliers interminables mettent à l’épreuve les visiteurs les plus courageux, et son architecture impressionnante témoigne des techniques avancées des différentes dynasties chinoises. Les travaux, débutés au 7e siècle avant J.-C., ont abouti à l’une des constructions humaines les plus significatives, dont certaines sections servent de frontières entre la Chine et la Mongolie.
Le site conserve également des reliques militaires, dont des canons de la dynastie Ming, comme le « Puissant Général », exposés pour leurs caractéristiques techniques et historiques. La dynastie Ming a particulièrement marqué l’histoire par l’utilisation et le développement d’armes de défense, un fait souligné par les sources de Sud Quotidien.
Par ailleurs, la Muraille est imbibée de spiritualité, abritant des temples comme celui dédié au « Dieu de la Ville ». Construit au cours de la dynastie Ming, ce temple incarne le bouddhisme et le taoïsme, offrant un espace de recueillement et de prière aux visiteurs. Autorités et fidèles guident les comportements des touristes pour préserver la sacralité des lieux.
Depuis son inscription à l’UNESCO, la Grande Muraille a subi des dégradations dues aux conditions climatiques et à l’impact humain, nécessitant une conservation urgente pour protéger ce trésor culturel et historique. Considérée comme l’une des « Sept nouvelles merveilles du monde », elle rivalise d’importance avec le Christ Rédempteur au Brésil ou le Taj Mahal en Inde.",La Grande Muraille de Chine : Un voyage au cœur de l’histoire et de la spiritualité,['UNESCO'],entertainment,0.6486,0.3694852590560913,False
208,ecdcdc3a-4704-4053-80be-a025bad395d4,https://senego.com/ecoutez-la-revue-de-presse-francais-wolof-sud-fm-du-lundi-24-mars-2025-par-ndeye-marieme-ndiaye_1818520.html,2025-03-24 08:12:35+00:00,Ecoutez la revue de presse (Français – Wolof) SUD FM du lundi 24 mars 2025 | Par Ndèye Marième Ndiaye,Ecoutez la revue de presse (Français – Wolof) SUD FM du lundi 24 mars 2025 | Par Ndèye Marième Ndiaye,[],business,0.0,0.0,False
209,d288a66d-4211-4d3b-ac8b-d33ed58837f1,https://senego.com/badara-gadiaga-au-coeur-dune-controverse-bouba-ndour-prone-la-retenue_1818525.html,2025-03-24 08:06:49+00:00,"Les déclarations de Badara Gadiaga dans l’émission Jakaarlo Bi ont déclenché une intense polémique sur les réseaux sociaux. De nombreux téléspectateurs ont qualifié ses propos de « déplorables et offensants ». Cette réaction a provoqué une vive discussion parmi le public.
Dans un climat tendu, Bouba Ndour, directeur des programmes à la Télé Futurs Médias (TFM), est intervenu pour inviter à l’apaisement. Il a souligné la nécessité de faire preuve de retenue et de respecter autrui dans le cadre des débats diffusés sur les médias. Cette position de Bouba Ndour intervient alors que les réseaux sociaux s’enflamment suite aux propos controversés.
Ce récit a été initialement publié sur le site de nos confrères de Kawtef, qui ont rapporté les détails de cette affaire. Leurs observations offrent un éclairage sur l’ampleur de la polémique et sur les réactions qu’elle a suscitées dans le paysage médiatique. La plateforme insiste également sur le rôle des médias dans la régulation des échanges, invitant à plus de responsabilité dans la tenue des discussions publiques.",Badara Gadiaga au cœur d’une controverse : Bouba Ndour prône la retenue,"['Télé Futurs', 'TFM']",politics,0.5267,0.28837138414382935,False
210,29357d1c-6b12-4dc4-941f-beac32b7c800,https://senego.com/lafrique-confrontee-a-un-defi-economique-majeur-vers-un-nouveau-modele-de-developpement_1818522.html,2025-03-24 08:06:03+00:00,"La crise structurelle qui mine le développement de l’Afrique est marquée par une dette publique excessive, des politiques monétaires inadéquates et une pauvreté exacerbée. Des économistes appellent aujourd’hui à un changement de paradigme économique, en préconisant une gouvernance financière rigoureuse, une meilleure mobilisation des ressources internes et une autonomie stratégique pour favoriser une croissance durable et inclusive.
Malgré un potentiel riche en ressources humaines et naturelles – qu’elles soient minières, énergétiques, halieutiques, pétrolières ou gazières -, les économies africaines continuent de souffrir de vulnérabilité. Paradoxalement, l’Afrique, pourtant riche en ressources naturelles, demeure l’une des régions les plus pauvres du monde. Une faible valorisation des ressources, une dépendance accrue aux financements extérieurs et des emprunts onéreux limitent considérablement les marges de manœuvre des États.
Ces questions ont été au centre des discussions lors d’un débat organisé à Dakar par l’Africaine de Recherche et de Coopération pour l’Appui au Développement Endogène (ARCADE). Des économistes tels que Chérif Salif Sy, Demba Moussa Dembélé et Cheikh Oumar Diagne ont plaidé pour un développement fondé sur un modèle endogène et souverain. Selon Sud Quotidien, Chérif Salif Sy souligne que l’un des principaux obstacles au développement africain est l’incapacité à mener une transformation structurelle génératrice de croissance inclusive et durable.
Chérif Salif Sy met en lumière un endettement excessif, qu’il qualifie de fardeau structurel. Cette situation découle de plusieurs facteurs, notamment une forte dépendance à l’égard des financements extérieurs auprès d’institutions internationales et de créanciers privés, des déficits budgétaires chroniques et une gouvernance économique souvent déficiente. Malgré la fixation de seuils critiques d’endettement par certains gouvernements africains, leur respect reste incertain.
En ce qui concerne la politique monétaire, bien que l’indépendance soit souvent considérée comme un symbole de souveraineté, elle ne garantit pas nécessairement une prospérité économique. Beaucoup de pays contrôlant leur propre monnaie font face à une inflation incontrôlée due à une gestion inefficace, comme l’a expliqué l’économiste Chérif Salif Sy via le Forum du Tiers-Monde. Une gestion monétaire inadéquate entraîne une érosion du pouvoir d’achat et une baisse du niveau de vie.
D’après notre confrère Sud Quotidien, l’économiste Demba Moussa Dembélé souligne que l’évolution de la dette publique africaine révèle une vulnérabilité croissante due à une dépendance aux financements externes, une mauvaise gouvernance budgétaire et un système économique mondial défavorable. Même après des mesures d’allégement de dettes, la situation n’a cessé de s’aggraver en raison de pratiques d’emprunts défavorables et d’un déclin de l’autosuffisance économique.
Cheikh Oumar Diagne, ancien directeur des moyens généraux de la République du Sénégal, voit dans cette situation un tournant décisif pour l’Afrique, dont le développement ne peut plus se baser sur des modèles économiques obsolètes. Pour lui, une réévaluation des stratégies est nécessaire pour libérer le continent des contraintes financières internationales et mettre en valeur les ressources locales.",L’Afrique confrontée à un défi économique majeur : vers un nouveau modèle de développement,"['ARCADE', 'Développement Endogène', 'Forum du Tiers-Monde']",politics,0.128,0.2597278654575348,False
211,1fe1c4ca-8228-4b43-860f-4b1410ac72d8,https://senego.com/coree-du-sud-la-cour-constitutionnelle-reintegre-le-premier-ministre-han-duck-soo_1818518.html,2025-03-24 08:00:46+00:00,"La Cour constitutionnelle de la Corée du Sud a revalidé lundi le mandat du Premier ministre Han Duck-soo, déboutant ainsi la tentative de destitution qui pesait contre lui. Cette décision permet à Han de reprendre son poste de président par intérim, dans un contexte de crise politique aggravée suite à la suspension du président Yoon Suk Yeol.
Selon les informations rapportées par l’agence Yonhap, la Cour a voté à cinq voix contre une pour annuler la décision de l’Assemblée nationale. Han Duck-soo avait été accusé d’avoir appuyé l’imposition temporaire de la loi martiale par le président Yoon, le 3 décembre. Deux juges ont plaidé pour la plutôt faveur d’un rejet total de la motion de destitution.
Cette décision intervient 87 jours après la décision parlementaire d’écarter Han, accroissant ainsi la tension politique. Les partis d’opposition ainsi que les membres de la société civile continuent de contester les mesures controversées instaurées par le président Yoon.
Quatre des cinq juges qui ont voté contre la destitution de Han Duck-soo ont cité des violations de la Constitution et des lois dans le retard de nomination de nouveaux juges à la Cour par le Premier ministre. Cependant, ils ont jugé ces actions insuffisantes pour justifier une éviction. Par ailleurs, les six juges ont unanimement rejeté les allégations imputant à Han un soutien actif à l’établissement de la loi martiale par Yoon.
Poco après sa réintégration, Han Duck-soo s’est exprimé devant les journalistes depuis son bureau, appelant à l’unité nationale en soulignant la division politique régnante. Il a déclaré : « Je pense qu’il n’y a plus de gauche ni de droite. Ce qui importe le plus, c’est la manière dont le pays avancera ». Han s’est engagé à s’attaquer aux problèmes urgents du pays, tout en attendant également le verdict imminent concernant la destitution du président Yoon.
Il a salué la décision de la Cour constitutionnelle, exprimant sa gratitude : « Je remercie la Cour constitutionnelle pour sa décision éclairée ». Han a également affirmé son intention de concentrer ses efforts sur la croissance continue de la Corée du Sud face aux défis géopolitiques actuels.
En réponse, le principal parti d’opposition, le Parti démocrate (DP), a déploré cette décision. Son chef de groupe parlementaire, Park Chan-dae, a indiqué lors d’une réunion que « la Cour constitutionnelle doit se prononcer rapidement sur la destitution du président Yoon, dès mardi ».
Par ailleurs, un tribunal de Séoul a annoncé que le procès pénal pour insurrection de Yoon débutera officiellement le 14 avril. Cependant, aucune date n’a encore été fixée par la Cour constitutionnelle pour rendre son jugement final sur la destitution de Yoon.",Corée du Sud : La Cour constitutionnelle réintègre le Premier ministre Han Duck-soo,"['Cour constitutionnelle', 'Yonhap', 'DP', 'Parti démocrate', 'Assemblée nationale', 'Constitution']",politics,-0.6908,0.15934474766254425,False
212,540f0688-fd8d-4331-a0a4-5c1e5aed4916,https://senego.com/dr-ibrahima-aidara-plaide-pour-un-modele-economique-durable-en-afrique-de-louest_1818515.html,2025-03-24 07:55:56+00:00,"Dans un entretien accordé à Sud Quotidien, Dr Ibrahima Aidara, économiste sénégalais et ancien Directeur Exécutif Adjoint pour Open Society Africa, souligne la nécessité d’une évolution des politiques de financement du développement en Afrique de l’Ouest vers un modèle plus équilibré et durable. Selon lui, bien que la région soit riche en ressources naturelles et capital humain, elle fait face à des défis complexes, notamment la croissance des inégalités économiques, l’insuffisance des infrastructures, une gouvernance fragile et une insécurité persistante.
Aidara explique que l’Afrique de l’Ouest s’appuie tant sur l’aide internationale que sur des financements internes pour surmonter ces obstacles. Cependant, la pérennité, l’efficacité et la souveraineté de cette aide sont souvent remises en question. Bien que l’aide internationale provienne de sources diverses telles que les États-Unis, l’Union européenne ou encore la Chine, elle peut entraîner une dépendance économique excessive.
« L’aide internationale a historiquement joué un rôle central mais ses conditions peuvent parfois entraver l’autonomie des politiques nationales », note Aidara. Il souligne que malgré les milliards de dollars investis, l’Afrique de l’Ouest reste l’une des régions les plus pauvres au monde.
D’après l’économiste sénégalais, pour renforcer la souveraineté économique, il est impératif de réduire la dépendance à l’aide étrangère et d’augmenter les investissements publics. Un rapport de l’OSIWA en 2016, coordonné par Aidara, a mis en évidence le problème des flux financiers illicites, qui saignent les économies locales.
Il évoque des exemples de pays de la région qui ont commencé à explorer des solutions internes de financement, comme le Ghana avec ses réformes fiscales ou la Côte d’Ivoire avec sa promotion de l’investissement privé. Le financement interne, bien que prometteur, rencontre encore des défis majeurs liés à la collecte fiscale, la corruption et les limitations d’accès aux marchés financiers internationaux.
Enfin, Dr Ibrahima Aidara insiste sur l’importance d’établir un équilibre entre l’aide internationale et le financement interne. Bien que l’aide soit cruciale pour répondre à des urgences, les États doivent focaliser leurs efforts sur l’amélioration de la gouvernance et l’augmentation des ressources internes.
Pour assurer son développement, l’Afrique de l’Ouest doit adopter des stratégies économiques ambitieuses et renforcer sa souveraineté, conclut Dr Aidara dans cet entretien relayé par Sud Quotidien.",Dr Ibrahima Aidara plaide pour un modèle économique durable en Afrique de l’Ouest,"['Open Society Africa', 'Union européenne']",business,0.3612,0.27412283420562744,False
213,5fd0652e-549d-407a-a03d-0f123388fc62,https://senego.com/foot-equipe-nationale-du-senegal-blesse-pape-gueye-a-quitte-la-taniere_1818507.html,2025-03-24 07:44:06+00:00,"Coup dur pour l’équipe du Sénégal! La Fédération Sénégalaise de Football (FSF) a annoncé hier soir le forfait de Pape Alassane Gueye pour le match contre le Togo. Le milieu de terrain Pape Alassane Gueye s’est blessé lors du match opposant le Sénégal au Soudan, le 22 mars 2025 à Benghazi.
Notre joueur Pape Gueye s’est blessé lors du match Soudan-Sénégal du 22 mars 2025 à Benghazi. Les examens effectués ce jour ont révélé une entorse moyenne à la cheville droite, nécessitant son retour en club pour poursuivre les soins.

Bon rétablissement Pape ! pic.twitter.com/rs015tirso
— Equipe du Sénégal (@GaindeYi) March 23, 2025
Les examens médicaux ont révélé une entorse de gravité moyenne à la cheville droite. Après une IRM, il a été décidé que le joueur retourne en club pour poursuivre ses soins, informe l’instance dirigeante du Football sénégalais.
Son absence est un coup dur pour les Lions, qui devront se passer de lui pour la prochaine rencontre contre le Togo, comptant pour la 6ᵉ journée des éliminatoires du Mondial 2026.","Foot – Equipe nationale du Sénégal: Blessé, Pape Gueye a quitté la Tanière!","['Mondial', 'Lions', 'Equipe du Sénégal', 'Equipe nationale du Sénégal', 'Foot –', 'Football sénégalais']",sport,0.0,0.17361676692962646,False
214,fbba320b-3a17-4e22-8799-f034cb33d235,https://senego.com/philippines-incidents-entre-navires-philippins-et-chinois-en-mer-de-chine-meridionale_1818505.html,2025-03-24 07:10:41+00:00,"Deux navires de la Garde côtière philippine ont été encerclés par des bâtiments de guerre chinois lors d’un incident en mer de Chine méridionale, a rapporté le Manila Times. Cette confrontation, survenue lundi à 25-30 milles nautiques à l’est du récif de Scarborough, accentue les tensions déjà vives entre les Philippines et la Chine.
Le récif de Scarborough est situé dans la mer des Philippines occidentales, appellation utilisée par Manille pour décrire les zones de la mer de Chine méridionale qui se trouvent dans sa zone économique exclusive. L’événement a été révélé par SeaLight, une initiative qui surveille les activités maritimes dans cette région disputée.
À ce jour, ni les autorités chinoises ni philippines n’ont publié de déclaration officielle sur ce nouvel affrontement. Cette mer demeure un point de discorde important en raison des revendications territoriales impliquant plusieurs états littoraux, notamment Brunei, la Malaisie et le Vietnam.
Il convient de noter que près d’un tiers du commerce mondial transite par cette mer, ce qui la rend stratégiquement cruciale. Le Centre d’Études Stratégiques et Internationales souligne que la Chine revendique quasiment toute la mer de Chine méridionale, soit 3,5 millions de kilomètres carrés.
Ces informations ont été compilées à partir de nos confrères d’Anadolu et traduites par Sanaa Amir. L’incident souligne les tensions persistantes autour des revendications maritimes en mer de Chine méridionale.",Philippines : Incidents entre navires philippins et chinois en mer de Chine méridionale,"['Manila Times', 'Centre d’Études Stratégiques', 'Garde côtière philippine', 'Internationales']",politics,-0.6597,0.26337116956710815,False
215,cf211626-d24b-480d-a7b3-f5aeb16e1171,https://senego.com/decouvrez-les-unes-des-journaux-senegalais-du-lundi-24-mars-2025_1818473.html,2025-03-24 06:20:39+00:00,Découvrez les Unes des journaux sénégalais du lundi 24 mars 2025,Découvrez les Unes des journaux sénégalais du lundi 24 mars 2025,['Unes'],business,0.0,0.21069788932800293,False
216,64eff59e-fc20-478e-bf25-71a43accc5e8,https://senego.com/la-matinale-senego-badara-gadiaga-provoque-sonko-et-le-debat-senvenime_1818478.html,2025-03-24 06:03:41+00:00,"Bonjour et bienvenue dans la matinale de Senego du lundi 24 mars 2025. Au programme aujourd’hui, nous vous proposons un tour d’horizon des articles les plus débattus de cette nuit, marqués par des événements politiques et médiatiques brûlants au Sénégal.
La première affaire qui a captivé l’attention se déroule sur le plateau de TFM, où Badara Gadiaga a qualifié le Premier ministre Ousmane Sonko et le député Amadou Ba de menteurs. Intervenant dans un contexte tendu, cette déclaration a soulevé une vague de réactions, exacerbée par le ton injurieux employé par Gadiaga. Le Premier ministre et ses soutiens, tels que le Pastef – Les Patriotes, condamnent fermement ce type de sortie médiatique, estimant que cela n’honore ni la démocratie ni le débat public. Cette situation illustre un climat politique de plus en plus polarisé, où les invectives remplacent parfois les arguments fondés.
Le second point chaud concerne Waly Diouf Bodian, directeur général du Port autonome de Dakar, qui appelle à la dissolution de l’Alliance pour la République (APR) après l’interprétation de la loi d’amnistie. Bodian met en lumière les controverses autour des événements de mars 2021, où des individus armés auraient provoqué de multiples décès. Selon lui, ces acteurs, qualifiés de « nervis », étaient à la solde du parti APR. Cette déclaration relance le débat sur la responsabilité politique dans les violences passées, notamment avec les témoignages de médias internationaux questionnant les déclarations gouvernementales.
Enfin, Pastef – Les Patriotes réagit face à la montée des injures publiques sur les plateaux télévisés. En publiant un communiqué, le parti interpelle le Conseil national de régulation de l’audiovisuel et le Conseil pour l’observation des règles d’éthique et de déontologie dans les médias. Leur message est clair : il faut assumer sa responsabilité pour préserver les valeurs de vivre-ensemble au Sénégal. Pastef se dit prêt à engager des actions légales contre ces « incivilités », soulignant la nécessité de respecter les règles légales encadrant la liberté d’expression et le droit à l’information.
Boubacar Sadio dénonce : Commissaire de police à la retraite, Boubacar Sadio s’inquiète des discours injurieux visant Ousmane Sonko et appelle à une réaction pour préserver le respect mutuel. [Source]
Omzozo en pèlerinage : La personnalité publique Omzozo effectue l’Oumra à La Mecque, marquant une étape spirituelle importante dans sa vie, selon Kawtef. [Source]
Arrestation de M. Dieng : Accusé de maltraitance sur mineurs dans un daara, M. Dieng a été arrêté à Touba, un cas qui alerte sur la situation des talibés. [Source]
Seydina Seck honore ses proches : Le frère de l’artiste Wally Seck entretient les tombes familiales au cimetière de Yoff, un geste de respect. [Source]
Aminata Touré sur la justice : Elle défend une action judiciaire pour les crimes de 2021, insistant qu’ils ne soient pas impunis. [Source]
Mamadou Lamine Diallo remercie : Reconnaissance envers Sonko et Déthié Fall pour leur visite de condoléances, symbole de solidarité. [Source]
Chroniqueurs sous critique : Les médias sénégalais face à l’enjeu des dérives médiatiques, alertent Sud Quotidien. [Source]
Nous espérons que ce tour d’horizon vous aura éclairé sur les sujets brûlants du jour. Merci de nous avoir suivis dans cette matinale de Senego, en vous souhaitant une excellente journée.",La Matinale Senego : Badara Gadiaga provoque Sonko et le débat s’envenime,"['Pastef', 'Commissaire de police', 'Alliance pour la République', 'Conseil', 'Conseil national de régulation de l’audiovisuel', 'APR']",tech,0.8934,0.28320005536079407,False
217,8bbf021e-e469-4fd9-acc5-aab261e07b73,https://senego.com/titi-la-diva-senegalaise-resplendit-a-nouveau-un-eclat-retrouve_1818471.html,2025-03-24 00:00:45+00:00,"Titi, l’illustre chanteuse sénégalaise, est apparue récemment dans une forme éblouissante, affichant un teint radieux. Ce retour au premier plan intervient après avoir été la cible de critiques sur les réseaux sociaux.
La diva a su s’imposer de nouveau sur la scène publique, arborant une tenue majestueuse complétée par des bijoux en or qui accentuaient son allure resplendissante. Cette apparition a marqué un vrai tournant, salué par ses nombreux admirateurs, qui retrouvent ainsi l’artiste sous son meilleur jour.
Selon un article lu sur le site de nos confrères de Kawtef, l’éclat retrouvé de Titi confirme son statut incontournable dans le paysage musical sénégalais, démontrant une fois de plus sa capacité à surmonter les critiques et à rayonner sous le feu des projecteurs.","Titi, la diva sénégalaise, resplendit à nouveau : un éclat retrouvé",[],entertainment,0.0,0.0,False
218,e7bc95bf-2292-4e85-bb23-bb2246dc4d86,https://senego.com/mame-thierno-mbacke-apaise-la-tension-lors-dun-thiante-a-medina_1818468.html,2025-03-23 23:40:53+00:00,"Le calme a prévalu lors d’un Thiante organisé récemment à Médina grâce à l’intervention du guide religieux, Mame Thierno Mbacké, également connu sous le nom de Borom Darou. La situation était sur le point de dégénérer face aux talibés de Serigne Modou Kara. Mame Thierno Mbacké, surnommé le Mollah de Sikory, s’est rendu sur les lieux pour rencontrer les talibés déjà rassemblés.
À son arrivée, Mame Thierno Mbacké a vu les disciples de Serigne Modou Kara scander « Dieureudieuf Serigne Modou Kara ! Par la force, di nguen ko dégué », ce qui signifie « Vous entendrez le nom de Serigne Modou Kara par la force ». Pour apaiser la tension, Mame Thierno Mbacké a judicieusement repris leur phrase, « Dieureudieuf Serigne Modou Kara », un geste qui a immédiatement calmé l’assistance et été accueilli par des applaudissements.
Après avoir maîtrisé la situation, il a poursuivi son discours, soulignant l’importance de son lien fraternel avec Serigne Modou Kara, qu’il a qualifié de frère de sang. Cet incident a été rapporté par nos confrères de Kawtef, affirmant l’engagement de Mame Thierno Mbacké en faveur de la paix et de l’harmonie dans la communauté.",Mame Thierno Mbacké apaise la tension lors d’un Thiante à Médina,[],politics,0.4939,0.0,False
219,15721529-953e-454e-8887-95f091360677,https://senego.com/france-laid-el-fitr-celebre-le-dimanche-30-mars_1818462.html,2025-03-23 23:07:15+00:00,"Dans un communiqué publié le 20 mars, l’association Musulmans de France (MF) a officialisé la date de l’Aïd El-Fitr pour le dimanche 30 mars 2025.

Cette annonce repose sur des calculs astronomiques précis indiquant que la conjonction du croissant lunaire du mois de Shawwal se produira le samedi 29 mars à 10h58 GMT (11h58 heure de Paris). La visibilité du croissant, marquant le début de Shawwal, sera effective dans certaines régions du monde ce même jour, confirmant ainsi le 30 mars comme premier jour de la fête.",France : L’Aïd El-Fitr célébré le dimanche 30 mars,"['Musulmans de France', 'Aïd El-Fitr', 'MF']",entertainment,0.4767,0.12957477569580078,False
220,1d78f7c5-ce13-458d-91f0-a4469f318ab9,https://senego.com/injures-sur-les-plateaux-de-television-le-pastef-denonce-et-interpelle-le-cnra-et-le-cored_1818454.html,2025-03-23 23:03:51+00:00,"Le parti au pouvoir, Pastef-Les Patriotes, condamne fermement la recrudescence des injures publiques sur les plateaux de télévision.
Dans un communiqué publié dimanche, il exhorte le Conseil national de régulation de l’audiovisuel (CNRA) et le Conseil pour l’observation des règles d’éthique et de déontologie dans les médias (CORED) à assumer pleinement leurs responsabilités, soulignant que ces dérives nuisent aux valeurs du vivre-ensemble sénégalais.
Pastef annonce également son intention d’utiliser toutes les voies de droit pour mettre un terme à ces « incivilités et grossièretés », qui contreviennent aux bonnes mœurs et sont passibles de sanctions conformément au Code pénal, au Code de la presse et aux cahiers des charges des entreprises de presse.
« Si la liberté de la presse et d’expression est un droit fondamental, l’insulte, l’injure et la diffamation restent des infractions pénalement réprimées. Le droit à l’information, en tant que norme à valeur constitutionnelle, ne saurait être un prétexte pour tolérer de telles dérives », précise le communiqué.
Le parti critique aussi un « détournement inacceptable » du temps d’antenne du service public. Il accuse certaines figures médiatiques, sous couvert du statut de chroniqueurs, de se livrer à des attaques verbales incessantes contre les institutions et les responsables politiques. « Ces injures publiques, proférées et tolérées par le silence complice de certaines rédactions, soulèvent des interrogations légitimes sur une éventuelle connivence entre certains médias et ces chroniqueurs-insulteurs », dénoncent les Patriotes.
Enfin, Pastef rappelle que l’article 10 de la Constitution encadre la liberté d’expression : « Chacun a le droit d’exprimer et de diffuser librement ses opinions par la parole, la plume, l’image, la marche pacifique, pourvu que l’exercice de ces droits ne porte atteinte ni à l’honneur et à la considération d’autrui, ni à l’ordre public. »",Injures sur les plateaux de télévision : Le Pastef dénonce et interpelle le CNRA et le CORED …,"['Pastef', 'Le Pastef', 'CORED', 'Patriotes', 'Conseil', 'CNRA', 'Conseil national de régulation de l’audiovisuel', 'Constitution', 'Code pénal']",tech,-0.4404,0.3385222256183624,False
221,1924f2d0-55b9-4543-a5e0-a48f4b99b767,https://senego.com/ndakhte-lo-exprime-sa-solidarite-envers-fatel-sow-face-aux-pressions-sociales_1818456.html,2025-03-23 22:55:45+00:00,"La chanteuse Ndakhté Lo a récemment manifesté sa solidarité avec Fatel Sow, épouse du célèbre rappeur Ngaka Blindé. Cette dernière a pris publiquement la parole pour évoquer le harcèlement et la stigmatisation auxquels elle est confrontée en raison de l’absence d’enfant dans son foyer.
Dans une déclaration relayée par nos confrères de Kawtef, Ndakhté Lo a partagé sa propre expérience sur ce sujet délicat : « Ce que Fatel a subi, je l’ai moi-même vécu. Être mariée sans avoir d’enfant, c’est difficile. Tu es stigmatisée, harcelée. » Elle a souligné l’importance pour Fatel Sow de maintenir un mental fort et de ne pas céder au découragement, en affirmant que « c’est Dieu qui donne les enfants, et cela peut arriver à tout moment ».
Cette prise de parole met en lumière un problème sociétal touchant de nombreuses femmes et soulève des questions sur les attentes et pressions sociales entourant la maternité.",Ndakhté Lo exprime sa solidarité envers Fatel Sow face aux pressions sociales,[],entertainment,0.25,0.0,False
222,e66756a8-0769-4d19-9b49-51c3cbe3dafc,https://senego.com/hommage-a-sokhna-adama-diop-leducation-celebree-a-rufisque_1818452.html,2025-03-23 22:30:50+00:00,"Le centre culturel Maurice Guéye à Rufisque a récemment été le théâtre d’une cérémonie exceptionnelle dédiée à Sokhna Adama Diop, figure emblématique de l’éducation et de solidarité. Organisée le 22 mars, cette cérémonie a été l’occasion de présenter et de dédicacer un ouvrage intitulé « Sokhna Adama Diop: une vie au service de l’éducation et de l’humanité ». Cet ouvrage a été rédigé par le général de division Mamadou Gaye, Délégué Général au Pèlerinage aux Lieux Saints de l’Islam, et publié par les éditions Gandal Afrik. Pour l’auteur et les participants, la cérémonie se voulait un vibrant hommage à une femme dont l’héritage demeure vivant.
A travers ses douze chapitres, le livre met en lumière l’apport de Sokhna Adama Diop dans l’éducation arabo-islamique, l’enseignement du Saint Coran et la charia. Forte de valeurs humaines exceptionnelles telles que l’humanisme, la tolérance, et l’amour du prochain, son œuvre continue d’inspirer « 23 ans après son rappel à Dieu », selon les mots du général Gaye. Ce dernier a tenu à souligner l’importance de cet événement coïncidant avec le mois de la femme, illustrant à la fois la richesse et la diversité des qualités de cette éducatrice modèle.
Lors de son discours, Mamadou Gaye a mis l’accent sur les liens affectifs et éducatifs que Sokhna Adama Diop avait su tisser. « Le lien de complicité qui nous unissait à tante Adama était fusionnel et indéfectible », a-t-il déclaré, en soulignant l’impact toujours palpable de son enseignement et de son soutien moral et matériel.
La cérémonie a également été l’occasion pour plusieurs dignitaires, dont des officiers de l’armée sénégalaise et des autorités locales et coutumières, de prendre la parole. Le préfet du département de Rufisque a reconnu la qualité de l’ouvrage et la rigueur intellectuelle de son auteur, tout en rappelant l’importance du témoignage collectif et sincère rendu à Sokhna Adama Diop, selon nos confrères de Sud Quotidien.
Dr Omar Cissé, maire de Rufisque, a insisté sur l’importance de rendre hommage aux personnes ayant laissé une marque indélébile dans la société, soulignant que de telles œuvres « sont aussi importantes que les infrastructures physiques ». Selon lui, les valeurs transmises par Sokhna Adama Diop méritent d’être célébrées et montrées en exemple aux générations futures.
La journée, marquée par une forte affluence et une ambiance solennelle, s’est clôturée par une séance de dédicace, accompagnée des notes vibrantes de la FANFARE des forces armées. Une célébration de l’héritage inestimable d’une figure dont le souvenir continue de mobiliser et d’inspirer, rapporté par Sud Quotidien.",Hommage à Sokhna Adama Diop : l’éducation célébrée à Rufisque,['Gandal Afrik'],tech,0.9413,0.14439937472343445,False
223,7c6ae97d-bbb0-4fb0-80c2-6623798dfd18,https://senego.com/la-derive-inquietante-des-medias-senegalais-chroniqueurs-ou-imposteurs_1818447.html,2025-03-23 22:15:45+00:00,"Au Sénégal, l’espace médiatique est en pleine mutation, gangréné par des chroniqueurs qui, autrefois figures de réflexion et d’analyse, se transforment peu à peu en imposteurs du débat public. Cette situation préoccupante a récemment été mise en lumière par un article que nous avons lu sur le site de nos confrères de Sud Quotidien.
Traditionnellement, les médias doivent servir de lieux de réflexion et d’informations rigoureuses. Cependant, une nouvelle catégorie de chroniqueurs domine aujourd’hui les plateaux de télévision et les studios de radio, éclipsant les vrais journalistes par des déclarations fracassantes et des théories sans fondement. La stratégie de ces « charlatans médiatiques », comme les appelle l’article de Sud Quotidien, repose sur la provocation systématique et la personnalisation des débats, souvent au détriment de la vérité et de l’intégrité journalistique.
Les conséquences de cette dérive sont alarmantes. Le débat public sénégalais souffre d’une manipulation massive, où des informations non vérifiées influencent dangereusement l’opinion publique. Les institutions se voient affaiblies par les rumeurs et diffamations gratuites véhiculées par ces pseudo-analystes. Ainsi, au lieu d’informer, ils détournent le public par des mensonges flagrants.
Alors que ces imposteurs occupent le devant de la scène médiatique, les vrais chroniqueurs, ceux qui basent leurs analyses sur des faits concrets et une pensée critique, deviennent une espèce rare. Leur absence dans le paysage médiatique est un risque pour la société, livrée à la manipulation et à la médiocrité intellectuelle, comme le souligne l’article de Sud Quotidien.
Une riposte est cependant possible pour contrer cette spirale négative. Les médias sénégalais doivent appliquer des régulations strictes sur les contenus diffusés et responsabiliser les rédactions face aux discours sensationnels et haineux. Les citoyens, de leur côté, doivent cultiver un regard critique sur les informations consommées et distinguer les agitateurs des véritables analystes.
En conclusion, les médias sénégalais se trouvent à une croisée des chemins : continuer à privilégier le bruit et le sensationnel ou redevenir des acteurs de démocratie et de vérité. Comme le note Sud Quotidien, il est essentiel d’exiger un véritable débat animé par des chroniqueurs engagés dans la recherche de la vérité, pour le bien du Sénégal.",La dérive inquiétante des médias sénégalais : chroniqueurs ou imposteurs ?,[],entertainment,-0.5267,0.0,False
224,2734b5bf-2e07-476f-99f8-fc08cc5e8734,https://senego.com/pardon-impossible-envoyez-les-tous-en-siberie-en-prisonibrahima-ngomjuriste_1818443.html,2025-03-23 22:06:35+00:00,"Le Sénégal traverse une ère de redressement où l’impunité des crimes économiques et de sang ne peut plus être tolérée ni acceptée.
Le cri du peuple, résonnant dans le slogan du Jub Jubbal Jubanti, exige une traque sans concession des délinquants patentés assimilables à des kulunas égarés, qu’ils soient de l’ancien régime ou en quête d’une nouvelle virginité politique par la transhumance politique et stratégique.
Mais cette quête de justice ne saurait être menée au mépris des principes fondamentaux et cardinaux du droit.
Le Sénégal, État de droit, bon élève de l’ONU et des organisations communautaires régionales et sous régionales se doit d’appliquer rigoureusement et vigoureusement les garanties offertes par la présomption d’innocence, le droit à la défense et le principe du contradictoire, consacrés par la Constitution sénégalaise, les textes communautaires de l’UEMOA et de la CEDEAO, ainsi que les instruments internationaux tels que la Déclaration universelle des droits de l’homme (article 11) et le Pacte international relatif aux droits civils et politiques (article 14).
Loin d’être un frein à la reddition des comptes, le respect de ces garanties renforce la légitimité des poursuites et crédibilise l’action judiciaire. Il s’agit non seulement de juger, mais de bien juger ou de juger excellemment.
L’urgence de rendre justice au nom du peuple Sénégalais ne justifie en rien la justice expéditive ou sélective sous peine de transformer une noble ambition en vendetta politique.Tous les auteurs de détournements de derniers publics et des criminels de sang doivent répondre de leurs actes, sans exception ni instrumentalisation politique, je vous le conjure et j’en suis convaincu qu’avec le Jub Jubbal JUBANTI, nous allons vers ce dénouement ! Une justice impartiale et rigoureuse est la seule garantie d’un réel changement de CAP. Si le peuple sénégalais pardonne vite, il n’oublie jamais.
Les délinquants financiers ont trempé leurs noms et ceux de leur famille dans les poubelles de l’histoire et toute tentative tendant à les traduire devant un juge, facilite l’entrée réelle et sans équivoque des nouvelles autorités dans les tiroirs et annales de l’histoire.
Cette fois, la mémoire collective doit servir à bâtir un avenir plus juste, transparent et respectueux des exigences sociales d’un peuple qui a souffert comme les douleurs d’enfantement.
Ramadan Moubarack !!
**Ibrahima NGOM, Juriste et citoyen sénégalais*","« Pardon impossible, envoyez-les tous en Sibérie (en prison)! »,(Ibrahima Ngom,Juriste)","['ONU', 'Constitution sénégalaise', 'UEMOA', 'CEDEAO', 'Pacte international']",politics,0.9694,0.25878965854644775,False
225,49788820-eb3e-45be-8067-d2ace5076be5,https://senego.com/comment-pratiquer-le-nafila-de-la-nuit-du-23-03-2025-pendant-le-ramadan-2025_1818440.html,2025-03-23 21:19:59+00:00,"La prière nafila, également connue pour sa beauté et sa spiritualité, est une prière surérogatoire très prisée pendant le mois sacré du Ramadan. En cette nuit du dimanche 23 mars 2025, nous nous focaliserons sur le nafila de la 23ème nuit du Ramadan, tel que détaillé dans l’ouvrage de référence « KHOURATOUL AYNI » du Cheikh Chouhaybou Mbacké, Ibn Cheikh Ahmadou Bamba.
Pour effectuer cette pratique spirituelle après la prière obligatoire d’Isha et avant les prières surérogatoires de Safa et Witr, voici les étapes précises :
1. Commencez par accomplir la prière obligatoire d’Isha avec toute la concentration nécessaire.
2. Préparez-vous mentalement et physiquement pour le nafila qui va suivre.
3. Effectuez 6 rakâs : pour chaque rakâ, récitez la Sourate Al-Fatiha une fois.
4. Après Al-Fatiha, récitez la Sourate Al-Ikhlas trois fois.
Le nafila de cette 23ème nuit consiste en 7 prières spéciales, chacune marquant une dévotion sincère et personnelle.
Les bienfaits associés à cette prière nafila ne sont pas seulement spirituels, mais également pratiques. Les pratiquants ressentent souvent une paix intérieure, une concentration accrue dans leurs activités quotidiennes et une connexion renouvelée avec leur foi.
Ce texte a été inspiré par des informations obtenues sur le site de nos confrères de Ramadan, nous fournissant des détails enrichissants sur la manière d’accomplir la prière nafila durant cette période sacrée. Ces pratiques spirituelles renforcent inévitablement le lien des croyants avec le divin et leur apportent des bénédictions tout au long du mois de Ramadan.",Comment pratiquer le Nafila de la nuit du 23/03/2025 pendant le Ramadan 2025,['Nafila'],tech,-0.128,0.0,False
226,595e3c75-2103-4f42-8269-9e40ce9804fa,https://senego.com/aminata-toure-jassume-mes-positions-on-ne-doit-pas_1818433.html,2025-03-23 21:19:21+00:00,"Aminata Touré, haute représentante du président de la République:« Moi, j’assume mes positions. Abrogation ou interprétation, ce qui m’intéresse, c’est que les auteurs de crimes et les commanditaires soient traduits devant la justice, quel que soit le nom de la loi.
On ne doit pas s’accrocher aux mots. Le pardon et l’amnistie existent dans une République, mais il y a des choses que même la loi ne permet pas au président de la République : les crimes de sang ne peuvent être graciés. D’ailleurs, le Pacte international relatif aux droits civils et politiques ne permet pas non plus d’amnistier des crimes de sang». Répondant à ceux qui estiment que les simples manifestants ayant commis des dégradations doivent également être poursuivis, elle a nuancé: «Dans ce cas, mieux vaut enlever au président de la République son pouvoir de grâce, car avant la fête de la Korité, il va gracier beaucoup de personnes. Ce qu’il faut retenir, c’est que 51 personnes sont mortes par balle et on a vu des nervis dans une permanence politique. Cela ne doit pas rester impuni. Leurs mères attendent toujours que justice soit faite».
(RTS)","Aminata Touré: » j’assume mes positions, on ne doit pas … »",['Pacte international'],politics,0.8442,0.27255159616470337,False
227,d011aa32-ce0a-468d-8221-6940a242983e,https://senego.com/commissaire-sadio-il-faut-agir-vite-et-vigoureusement-pour-instaurer-la-discipline-et-un-climat-de-respect-mutuel_1818429.html,2025-03-23 21:08:38+00:00,"Dans un post publié sur sa page Facebook, Boubacar Sadio, commissaire de police à la retraite, dénonce la montée d’un discours injurieux visant le Premier ministre Ousmane Sonko et, à travers lui, l’ensemble du peuple sénégalais.
Il s’inquiète de l’impunité dont bénéficieraient les auteurs de ces attaques et appelle à une réaction ferme pour préserver la discipline et le respect mutuel.
Pour lui, la vitalité démocratique ne doit pas servir de prétexte à des dérives visant à déstabiliser le régime et à décrédibiliser les autorités.
Texte in extenso :
Des minus habens, des hommes de corde et de sac, des faussaires invétérés, de petits esprits et des incultes tiennent le haut du pavé et font l’actualité dans notre pays.
Les commentaires tourment autour de leur corpus lexical injurieux sur la personne du Premier ministre Ousmane Sonko et au-delà de sa personne, sur l’ensemble du Peuple. Les auteurs de ces dérives verbales semblent bénéficier d’une complaisance inexplicable.
Il faut agir vite et vigoureusement pour instaurer la discipline et un climat de respect mutuel. Les oppositions et les contradictions sont consustancielles à la vivacité démocratique.
L’Agenda national de transformation ne saurait s’accommoder des agissements d’individus ayant pour projet la déstabilisation du régime et la decrediblisation des autorités gouvernementales.",Commissaire Sadio : « Il faut agir vite et vigoureusement pour instaurer la discipline et un climat de respect mutuel »,"['Peuple', 'Commissaire Sadio']",politics,0.5994,0.5153606534004211,True
228,7a9bf634-fa4f-4389-9623-8af2a4d34cef,https://senego.com/ndogou-debat-au-senegal-unissant-les-citoyens-pour-lavenir-du-pays_1818436.html,2025-03-23 21:05:41+00:00,"Le 22 mars, le Grand Théâtre national Doudou Ndiaye Coumba Rose a été le théâtre d’un événement significatif au Sénégal, la cinquième édition du Ndogou débat. Organisée à l’initiative de Mme Aida Niang, adjointe au maire de Dakar, cette rencontre visait à promouvoir l’unité nationale au-delà des clivages politiques habituels. Le thème retenu — « Gouvernance et engagement citoyen au Sénégal. Construire ensemble l’avenir à l’ère des mutations politiques et géopolitiques » — souligne l’importance de placer l’intérêt du Sénégal au-dessus des divergences.
Dans son discours, Mme Aida Niang a mis en avant l’idée que, malgré les diverses affiliations politiques et sociales, les Sénégalais partageaient un bien commun majeur : leur pays. Elle a déclaré, selon nos confrères de Sud Quotidien, que « nous avons compris qu’au-delà des divergences politiques que nous avons, […] nous avons un seul bien commun, c’est le Sénégal. » Cette déclaration venait rappeler que le « nous » prime sur le « je », même au sein de leur parti.
Elle a également souligné que les différences qui pourraient subsister ne seraient que de nature idéologique ou de vision, et non personnelles. Cette perspective vise à asseoir une conscience collective axée sur le développement et le progrès du Sénégal, avec une ouverture au dialogue entre différentes idées pour un avenir meilleur commun, une approche relayée par Sud Quotidien.",Ndogou Débat au Sénégal : Unissant les Citoyens pour l’Avenir du Pays,['Citoyens pour l’Avenir du Pays'],politics,0.8591,0.0,False
229,a00f49d4-8aa2-40c4-afa5-0d08b383b3ba,https://senego.com/la-17eme-promotion-du-groupe-scolaire-ali-imran-celebre-19-nouveaux-memorisateurs-du-saint-coran_1818431.html,2025-03-23 21:00:56+00:00,"Le Grand Théâtre national Doudou Ndiaye Coumba Rose a été le témoin, ce dimanche 23 avril 2025, de la cérémonie de sortie de la 17ème promotion des mémorisateurs du Saint Coran, appelés « Houfaz », du Groupe Scolaire ALI IMRAN. Le groupe, dirigé par le prédicateur Oustaz Alioune Sall, a célébré la mémorisation achevée du Saint Coran par 19 élèves, comprenant sept jeunes filles et douze garçons.
Durant quatre ans, ces élèves ont consacré leurs efforts à la mémorisation des textes sacrés, un exploit honoré lors de cet événement annuel. Comme l’a rapporté Saliou Sow, président de l’association ALI IMRAN, lors de la cérémonie, « chaque année, cet événement est l’occasion de magnifier les Hafiz et Houfaz du daara qui ont mémorisé le Saint Coran, car vous savez très bien que mémoriser le Saint Coran dans un daara moderne n’est pas chose aisée ».
M. Sow a exprimé la fierté de l’association ALI IMRAN quant à l’influence positive de cette éducation spirituelle : « En tant que musulmans, notre crédo c’est seulement de faire jaillir la lumière divine à travers des enfants de sept ans, huit ans, neuf ans et parfois même six ans. Et ça, il n’y a pas de prix. »
Notons qu’Oustaz Alioune Sall, en tant que fondateur du Groupe Scolaire ALI IMRAN, dirige personnellement cette institution avec pour ambition de valoriser l’éducation islamique. Cette cérémonie annuelle réaffirme son engagement envers l’éducation spirituelle de la jeunesse musulmane. Ces informations ont été rapportées sur le site de nos confrères de Sud Quotidien.",La 17ème promotion du Groupe Scolaire ALI IMRAN célèbre 19 nouveaux mémorisateurs du Saint Coran,['Groupe Scolaire ALI IMRAN'],entertainment,0.9153,0.16558659076690674,False
230,9bdf5349-5026-4456-a7a1-af5fe8a8ce34,https://senego.com/seydina-seck-se-rend-au-cimetiere-de-yoff-pour-honorer-ses-proches-disparus_1818427.html,2025-03-23 20:50:41+00:00,"Au cimetière de Yoff, Seydina Alioune Seck, le frère de l’artiste Wally Seck, a pris l’initiative d’entretenir les tombes de ses proches disparus.
Ce dimanche, il a nettoyé les sépultures de son père, Thione Seck, de sa mère, Diaga, et de sa sœur, Momy. Accompagné d’une équipe, Seydina Seck s’est illustré en désherbant plusieurs tombes dans ce lieu de recueillement.
Cette démarche de Seydina Seck, rapportée par nos confrères de Kawtef, illustre un témoignage de respect et d’attachement à la mémoire familiale.",Seydina Seck se rend au cimetière de Yoff pour honorer ses proches disparus,[],entertainment,0.4767,0.0,False
231,893a0dd2-1ec3-4b02-a07b-ca818c3ff93a,https://senego.com/famille-senegalaise-saison3-episode-65-video_1818419.html,2025-03-23 20:38:14+00:00,"Famille Sénégalaise, saison3, épisode 65
https://youtu.be/TUxl-ChLBZQ?si=7EPCja00YuzH-XZ2","» Famille Sénégalaise « , Saison3, episode 65 ( vidéo)",['Famille Sénégalaise'],sport,0.0,0.0,False
232,33b94644-7079-4f6a-ac88-a17fefb3cf2a,https://senego.com/condoleances-ousmane-sonko-et-dethie-fall-chez-mamadou-lamine-diallo_1818418.html,2025-03-23 20:19:24+00:00,"Mamadou Lamine Diallo a exprimé sa profonde gratitude envers le Premier ministre Ousmane Sonko et le président Déthié Fall pour leur visite de condoléances, faite en leur nom propre ainsi qu’au nom du président Bassirou Diomaye Faye et du gouvernement.
Texte in extenso :
Je suis particulièrement touché par la visite du Premier Ministre Ousmane Sonko accompagné du Président Dethie Fall pour présenter leurs condoléances en leurs noms propres, au nom du Président de la République Bassirou Diomaye Diakhar Faye et au nom du Gouvernement.
Toute la Grande Famille Demba Ali Dia du Sénégal et de la Gambie, ainsi que la Grande famille Diallo de Sédhiou leur en sont profondément reconnaissantes et prient pour la réussite de leur mission.
Amen.",Condoléances : Ousmane Sonko et Déthié Fall chez Mamadou Lamine Diallo,[],business,0.5106,0.0,False
233,c8317a75-ad8c-4928-800f-3f8637dc2c36,https://senego.com/arrestation-arbitraire-interdiction-de-sortie-du-territoire-le-fdr-appelle-a-une-mobilisation-contre-la-derive-autoritaire_1816987.html,2025-03-23 19:20:00+00:00,"Le Mouvement des Femmes du Front pour la Défense de la Démocratie et de la République (FDR) a exprimé sa ferme opposition aux répressions menées par le gouvernement actuel du Sénégal, en particulier les arrestations arbitraires, les interdictions illégales de sortie du territoire et les licenciements abusifs. Lors d’une conférence de presse organisée ce lundi, le mouvement a dénoncé les dérives politiques du gouvernement, qu’il accuse de transformer la démocratie sénégalaise en dictature.
Le Mouvement des Femmes du FDR critique vivement les arrestations sans fondement, devenues monnaie courante sous le régime en place. Ce gouvernement est qualifié de « régime désemparé » et d’opportuniste, ayant sapé les acquis politiques, économiques et diplomatiques du pays. « Le peuple sénégalais souffre, et c’est cette souffrance qui nourrit le slogan populaire « MOSS DEM », qui gagne de plus en plus de terrain sur les réseaux sociaux », a déclaré la présidente Mme Fatou Thiam, qui a formulé comme devise : « Un peuple, un voyageur, un menteur, et des manipulateurs ».
L’une des accusations majeures concerne la manipulation du système judiciaire par le gouvernement pour accuser à tort des citoyens innocents, qu’il désigne comme boucs émissaires. Le FDR dénonce également l’absurdité de la loi d’amnistie, qu’il considère comme un instrument destiné à protéger les responsables politiques au pouvoir, et appelle à son abrogation pour permettre à la justice de rendre des verdicts clairs et impartiaux.
Le mouvement se montre également préoccupé par les interdictions de sortie du territoire, qu’il juge illégales et injustifiées. Selon le FDR, ces mesures sont une preuve supplémentaire de la volonté du régime de renforcer son emprise sur le pays, au détriment des libertés fondamentales. « Le droit constitutionnel à la liberté de circulation est aujourd’hui violé », a insisté Fatou Thiam.
Le Mouvement des Femmes du FDR a aussi dénoncé une vague de licenciements abusifs touchant de nombreux Sénégalais, principalement des pères et mères de famille, qui se retrouvent dans une situation de précarité accrue. « Ces licenciements ont des conséquences dramatiques sur l’avenir des familles et exacerbent la crise sociale », a-t-elle précisé, réclamant réparation et la fin de la règle implicite selon laquelle l’appartenance politique détermine l’accès à l’emploi public.
Face à ces dérives, le Mouvement des Femmes du FDR appelle le peuple sénégalais à se mobiliser pour défendre les principes républicains. « Nous luttons pour un État de droit, pour une justice indépendante et pour une gouvernance transparente », a souligné Fatou Thiam. Le mouvement prévient que toute tentative de dissimuler l’incompétence du gouvernement sous un voile de dictature sera rejetée.
En conclusion, le Mouvement des Femmes du FDR a lancé un appel à la résistance pacifique et déterminée, proclamant : « Debout pour la République ! » et exhortant les Sénégalais à se lever contre les tentatives d’oppression.","Arrestation « arbitraire », interdiction de sortie du territoire: Le FDR appelle à une mobilisation contre la « dérive autoritaire »","['Mouvement des Femmes du FDR', 'Debout pour la République', 'FDR', 'Mouvement des Femmes du Front pour la Défense de la Démocratie et de la République']",entertainment,0.5423,0.2949388027191162,False
234,9946047b-c808-4405-9c55-98f0f14d2035,https://senego.com/waly-diouf-bodiang-apres-interpretation-de-la-loi-damnistie-il-faut-dissoudre-lapr_1818415.html,2025-03-23 19:10:11+00:00,"L’Alliance pour la République (APR) « n’a plus sa raison d’être », selon Waly Diouf Bodian. Le directeur général du Port autonome de Dakar et responsable de Pastef a affirmé que le parti fondé en 2008 par Macky Sall devrait être dissous après l’interprétation de la loi d’amnistie.
Revenant sur les événements de mars 2021, il a rappelé que « des nervis se sont fondus dans la masse au vu et au su des forces de l’ordre. Ils étaient armés et tiraient sur des gens. » Il a ajouté que « les nervis ont tué plus de gens que les forces de l’ordre ».
Waly Diouf Bodian a conclu en appelant à la dissolution de l’APR : « Après interprétation de la loi d’amnistie, il faut dissoudre l’APR », a-t-il insisté. Il a également accusé le parti d’avoir recruté des nervis impliqués dans des crimes lors des manifestations. « Il est prouvé que les nervis étaient à la permanence de l’APR », a-t-il déclaré dans une vidéo.
Des médias français, comme France 24 et Le Monde, ont réalisé des reportages qui remettent en question les propos du ministre de l’Intérieur, Antoine Diome, sur la présence de forces occultes lors des manifestations de juin. Ces événements avaient entraîné des pertes en vies humaines et des actes de pillage.
Dans un témoignage recueilli par Le Monde, un lutteur a affirmé avoir été recruté par des responsables de l’APR pour protéger les biens publics et privés. « Nous ne faisions que travailler. Nous étions payés 20 000 F CFA par jour. Nous nous retrouvions d’abord au siège du Parti socialiste, mais les jeunes de Colobane nous ont repérés. Ce n’était pas un endroit sûr. Nous sommes ensuite allés au siège de l’APR, où la base était plus sécurisée », a-t-il confié.","Waly Diouf Bodiang : « Après interprétation de la loi d’amnistie, il faut dissoudre l’APR »","['Pastef', 'Alliance pour la République', 'Parti socialiste', 'Le Monde', 'ministre de l’Intérieur', 'France 24', 'APR']",politics,0.0,0.24792037904262543,False
235,d88df6fb-fd62-49cb-9479-b6431888f712,https://senego.com/le-liban-denonce-une-nouvelle-incursion-des-forces-israeliennes_1818413.html,2025-03-23 18:10:39+00:00,"Des véhicules militaires israéliens ont traversé la frontière du Liban avec l’assistance de bulldozers, a révélé l’armée libanaise ce dimanche, selon une déclaration officielle. Cette opération a eu lieu dans la vallée de Qatmoun, près de Rmeish, dans la province de Nabatieh, avant que les troupes ne se retirent finalement de la zone.
L’armée libanaise a fermement condamné cette incursion qu’elle a qualifiée de « violation flagrante » de la résolution 1701 du Conseil de sécurité de l’ONU ainsi que de l’accord de cessez-le-feu en vigueur. La résolution 1701, votée le 11 août 2006, demande un arrêt des hostilités entre Israël et le Hezbollah et prévoit une zone sans armes.
Par ailleurs, l’armée libanaise a signalé une intensification des attaques israéliennes depuis samedi. Des dizaines de frappes aériennes ont été menées sur le territoire libanais, selon les services de l’armée, causant la mort et la blessure de nombreuses personnes. Le ministère libanais de la Santé a confirmé la mort de sept personnes et fait état de 40 blessés lors des frappes de samedi.
Après l’incursion israélienne, l’armée libanaise a renforcé sa présence dans la zone touchée. La FINUL (Force intérimaire des Nations unies au Liban) a également effectué une patrouille pour enregistrer ces violations. Une attaque supplémentaire a été signalée tôt dimanche matin, lorsqu’un drone israélien a frappé un véhicule à Aita Al-Shaab, causant des victimes, confirme le porte-parole de l’armée israélienne.
Le cessez-le-feu au Liban, en vigueur depuis novembre dernier, avait temporairement mis fin aux combats entre Israël et le Hezbollah qui avaient dégénéré en conflit majeur en septembre. Jusqu’à présent, le Liban a rapporté environ 1 100 violations israéliennes de ce cessez-le-feu, ayant entraîné 100 décès et plus de 330 blessés.
Malgré les termes de l’accord de cessez-le-feu stipulant un retrait israélien complet du Sud-Liban avant le 26 janvier, ce retrait n’a pas été effectué, le gouvernement Netanyahu ayant repoussé cette date au 18 février. Israël continue de maintenir des forces militaires dans cinq avant-postes à la frontière.",Le Liban dénonce une nouvelle incursion des forces israéliennes,"['Hezbollah', 'Force intérimaire des Nations unies', 'Conseil de sécurité de l’ONU']",politics,-0.8957,0.24349743127822876,False
236,9a949679-d93e-466a-947a-d3fb552ad1e1,https://senego.com/reponse-a-badara-gadiaga-quand-linsulte-devient-largument-des-mediocres-lena-elisabeth-mendy_1818401.html,2025-03-23 18:01:58+00:00,"À défaut d’idées solides, certains choisissent la facilité de l’injure. C’est ce à quoi nous avons tristement assisté sur le plateau de TFM, lorsque M. Badara Gadiaga s’est permis de qualifier le Premier ministre Ousmane Sonko et le député Amadou Ba de menteurs. Un moment gênant de télévision, où la petitesse d’esprit s’est déguisée en analyse politique.
En vérité, quand un homme se croit obligé d’insulter pour exister, ce n’est pas la cible qui est diminuée, mais bien l’auteur de l’invective.
Que reste-t-il à celui qui n’a ni idées, ni arguments, ni respect pour les institutions
républicaines, si ce n’est le vacarme inutile ?
Mais que peut-on réellement attendre d’un homme qui confond invective et intelligence politique ?
je tiens à rappeler que l’engagement de Pastef repose sur la rigueur intellectuelle, la hauteur de vue et la responsabilité. Nous n’avons pas besoin de l’outrance pour convaincre.
Notre Premier ministre et nos députés n’ont pas à se défendre face à des invectives creuses. Leur action parle pour eux, là où d’autres ne peuvent que hausser le ton pour masquer leur absence de fond.
PASTEF – Les Patriotes est profondément attachée aux principes républicains, au respect des institutions et à la dignité dans le débat public. Ce type de sortie médiatique ne fait pas honneur à notre démocratie.
Nous ne répondons pas aux cris par des cris, mais par des idées. Pas par la violence verbale, mais par la force du projet.
Le débat politique sénégalais mérite mieux que ces sorties médiatiques de bas étage. Il mérite des idées, du respect, et surtout… un minimum de tenue.
Les attaques contre le Premier ministre et le député Amadou Ba n’atteignent pas leur
crédibilité, elles révèlent celle de leur auteur.
Léna Elisabeth Mendy
Avocate certifiée en politique publique et bonne gouvernance
Responsable du MOJIP – Bordeaux","Reponse à Badara Gadiaga : « Quand l’insulte devient l’argument des médiocres », (Léna Elisabeth Mendy)","['Pastef', 'TFM', 'PASTEF']",politics,0.8176,0.2220078706741333,False
237,9bfc2eae-1676-45dd-a317-9c6e6a5cd4b5,https://senego.com/maltraitance-sur-mineurs-un-maitre-coranique-arrete_1818402.html,2025-03-23 18:01:14+00:00,"Les gendarmes de Dahra, dans le département de Linguère, ont procédé à l’arrestation de M. Dieng, maître coranique du daara Kaad Balodji, situé dans la commune de Déaly. Selon Senenews, l’intervention fait suite à des signalements dénonçant des traitements inhumains infligés aux talibés de cet établissement, qualifiés d’esclavagistes par les autorités.

Alerté par ces abus, le commandant de la brigade de gendarmerie de Dahra a mobilisé ses hommes pour une descente sur place. Sur les lieux, le constat fut accablant : des talibés, dont le jeune C. Dieng, âgé de 8 ans, présentaient des marques visibles de maltraitance. Selon les premiers témoignages, ces sévices auraient été perpétrés par M.Ka, surveillant du daara, en l’absence de M. Dieng. Ce dernier avait pris la fuite avant l’arrivée des forces de l’ordre, laissant les enfants dans des conditions préoccupantes.
Les gendarmes ont finalement appréhendé M.Dieng à Touba, où il s’était réfugié. Actuellement en garde à vue à Dahra, il fait face à de lourdes accusations : maltraitance sur mineurs, mise en danger de la vie d’autrui et non-assistance à personne en danger. Pendant ce temps, les talibés, profondément marqués par ces violences, ont été rendus à leurs familles pour recevoir des soins médicaux urgents.","Maltraitance sur mineurs, un maître coranique arrêté",[],entertainment,-0.8442,0.0,False
238,cf916790-ac11-4a36-ad0a-41a501961c12,https://senego.com/omzozo-effectue-son-oumra-pour-renouer-avec-sa-foi_1818408.html,2025-03-23 18:00:46+00:00,"Omzozo, une personnalité bien connue, a récemment accompli le pèlerinage de l’Oumra à La Mecque. Ce voyage spirituel est une démarche de repentance pour Omzozo, qui aspire à un renouveau dans sa relation avec Allah.
L’intention d’Omzozo lors de cette Oumra est de se rapprocher de sa foi et de consacrer entièrement le reste de sa vie à des pratiques pieuses. Ce pèlerinage est souvent un moment de réflexion et de transformation pour de nombreux croyants, et Omzozo souhaite marquer un tournant décisif dans sa trajectoire spirituelle.
Cet article se base sur des informations lues sur le site de nos confrères de Kawtef, qui ont partagé cette initiative d’Omzozo. D’après leurs observations, cette démarche représente une véritable quête de réconciliation et de dévouement à Dieu.",Omzozo effectue son Oumra pour renouer avec sa foi,[],entertainment,0.0,0.0,False
239,48fd8f74-566b-47cc-a6ec-0295aabb854e,https://senego.com/france-reforme-de-la-politique-dexpulsion-des-detenus-etrangers-par-gerald-darmanin_1818399.html,2025-03-23 17:10:41+00:00,"Le ministre français de la Justice, Gérald Darmanin, a récemment appelé à l’expulsion systématique des étrangers sortant de prison en France. Dans une interview accordée au Journal du Dimanche, il a expliqué avoir donné pour instruction de tout mettre en œuvre afin de faciliter le départ de ces étrangers après leur détention, suggérant également que certains détenus pourraient purger leur peine dans leur pays d’origine.
Actuellement, le système carcéral français souffre d’une surpopulation avec environ 82 000 détenus pour seulement 62 000 places disponibles, obligeant plus de 4 000 détenus à dormir sur des matelas au sol. Darmanin a souligné la présence de plus de 19 000 détenus étrangers, représentant 24,5 % de la population carcérale globale. Parmi eux, 3 068 proviennent de l’Union européenne et 16 773 de pays hors-UE. Selon le ministre, transférer ces détenus dans leur pays d’origine pourrait atténuer la surpopulation sans nécessité de libération anticipée.
Darmanin a constitué une mission dédiée aux étrangers en prison au sein du ministère de la Justice pour gérer leur identification dès l’admission en détention et organiser leur transfert vers leur pays d’origine. Cela inclut également une circulaire adressée aux procureurs et chefs d’établissement pour identifier les détenus étrangers éligibles à l’expulsion. Sa demande inclut aussi l’arrêt des renouvellements de titres de séjour pour ces détenus, que ce soit en prison ou lors de permissions de sortie.
Dans cette même circulation, le ministre affirme que la politique pénale doit être ferme et lisible, avec un recours fréquent à l’interdiction du territoire français. Ce processus doit commencer dès l’enquête judiciaire et inclut un suivi régulier du statut de ces détenus à chaque étape de l’exécution de leur peine.
Nous devons mentionner que ces informations ont été relayées par nos confrères d’Anadolu. Cette réforme vise à réduire la pression sur les infrastructures pénitentiaires françaises tout en renforçant la sécurité nationale.
Pour plus de détails sur cette annonce, veuillez consulter l’article original sur le site d’Anadolu.",France : Réforme de la politique d’expulsion des détenus étrangers par Gérald Darmanin,"['Union européenne', 'ministère de la Justice', 'Justice']",politics,-0.4215,0.30390414595603943,False
240,c0027798-7610-4fe8-847c-424b11934b6c,https://senego.com/merci-a-tous-les-premiers-mots-du-pape-francois-depuis-le-balcon-de-lhopital-gemelli_1818394.html,2025-03-23 17:10:06+00:00,"Avant son départ de la polyclinique Gemelli de Rome ce dimanche 23 mars, le Pape a salué et béni la foule présente depuis le balcon du 5e étage de cet hôpital.
Une première apparition publique du Saint-Père après cinq semaines d’hospitalisation qui a été vivement ovationnée par des milliers de fidèles présents. Dans sa catéchèse pour l’Angélus publiée par le Vatican, François exhorte à la patience dans la conversion.
C’est sous de vives acclamations et des cris de joie, des «viva il papa» de près trois mille pèlerins, touristes, et autres romains présents agitant drapeaux et banderoles au pied de l’hôpital Gemelli, que le Pape a fait sa première apparition ce dimanche depuis le 5e étage de l’hôpital Gemelli où il a été hospitalisé depuis le 14 février. Souffrant d’une double pneumonie, le Souverain pontife âgé de 88 ans n’avait pas été vu en public depuis son hospitalisation.
Hormis une photo publiée dimanche dernier, et un enregistrement audio diffusé le 6 mars, les fidèles ne l’ont ni vu ni entendu.
Cette première apparition publique de François intervient après que ses médecins soignants aient annoncé la veille lors d’une conférence de presse son retour ce dimanche 23 mars à la résidence Sainte-Marthe d’où il devra effectuer «une longue convalescence» d’«au moins deux mois».
Avant de quitter sa suite hospitalière du 10e étage de la polyclinique à la mi-journée, le Souverain pontife a adressé un salut et donné sa bénédiction aux 3000 fidèles présents en vue de manifester sa reconnaissance à tous ceux qui, pendant cette période de maladie, lui ont témoigné de l’affection, de l’attention et de l’amitié et l’ont assuré du soutien de leur prière. Du balcon de l’hôpital, il a particulièrement remercié une femme qui lui présentait un bouquet de fleurs jaunes et blanches, couleurs du Vatican
Après ce premier contact avec les fidèles depuis cinq semaines, le Pape a quitté l’hôpital en voiture pour se rendre à la basilique Ste Marie Majeure. Le Saint-Père a offert au cardinal-archiprêtre de la basilique romaine un bouquet de fleurs pour qu’il soit déposé aux pieds de l’image de la Vierge, avant de regagner le Vatican.",« Merci à tous! » : Les premiers mots du Pape François depuis le balcon de l’hôpital Gemelli,[],entertainment,0.5267,0.0,False
241,f9585b34-7539-4245-8056-29b00d6461b3,https://senego.com/sejour-carceral-cheikh-o-diagne-raconte-le-jour-ou-pastef-a-ete-dissous-jai-vu-diomaye-faye-afficher-une-confiance-surprenante_1818383.html,2025-03-23 16:52:42+00:00,"Beaucoup parmi les ex détenus rechignent à évoquer publiquement les souvenirs de leur vie carcérale en raison des pesanteurs sociales ou un désir d’enfouir dans un coin inaccessible de leur mémoire, la rigueur et les douleurs du séjour carcéral. Ce n’est nullement pas le cas de Cheikh Oumar Diagne, chauffeur, qui évoque avec une quasi fierté son passage en prison. La réponse à cette posture sans doute intrigante est à trouver dans l’expérience inattendue d’avoir partagé la prison avec celui qui allait devenir plus tard, le président de la République : Bassirou Diomaye Faye. Mais aussi d’avoir fréquenté dans la cour de la prison du Cap Manuel de Dakar, l’ancien directeur des moyens généraux de la présidence de la République. Le hasard faisant qu’il porte le même nom que Cheikh Oumar Diagne.
Envoyé en prison du fait de démêlés judiciaires en lien avec ses activités professionnelles, le chauffeur croise sur place Bassirou Diomaye Faye, Babacar Ndiaye, un de ses collaborateurs, et Cheikh Oumar Diagne. Il assure avoir trouvé réconfort auprès de ce trio, profité de la sérénité du futur chef de l’Etat et s’être enrichi de l’expérience de son homonyme, qui s’adonnait le plus clair de son temps à la lecture du coran.
Au fil des jours, un lien s’est tissé entre eux, marqué par des discussions politiques et des moments de partage. L’arrestation d’Ousmane Sonko et la dissolution du parti PASTEF ont été des instants de grande tension. « Ce jour-là, Babacar Ndiaye n’a pas mangé ni dormi. Mais Diomaye, lui, est resté serein. Il l’a rassuré en disant : ‘Nous irons aux élections et nous gagnerons’ », raconte Cheikh Oumar Diagne dans les colonnes de l’APS visitée par Senego.
Cette expérience en détention l’a profondément marqué. Lui qui n’imaginait pas soutenir PASTEF a finalement rejoint le parti après ces échanges. « À partir de ce jour, je suis devenu militant, prêt à les soutenir avec engagement et détermination », affirme-t-il.
S’il n’a pas revu Bassirou Diomaye Faye depuis sa libération et son accession à la présidence, il reste convaincu d’une chose : « Le président Diomaye va changer le Sénégal. »",Séjour carcéral-Cheikh O Diagne raconte le jour où PASTEF a été dissous: « J’ai vu Diomaye Faye afficher une confiance surprenante »,['PASTEF'],sport,-0.9274,0.16056305170059204,False
242,80856c12-a15a-457c-b3f0-dc5df2246ba6,https://senego.com/thiarene-deux-adolescents-morts-noyes-dans-le-fleuve_1818374.html,2025-03-23 16:52:03+00:00,"C’est l’émoi et la consternation qui règnent au village de Thiarène, dans la commune de Nabadji Civol (département de Matam), après la noyade tragique de deux adolescents. Les victimes, Abdou Diattara et Oumar Guèye, étaient âgés de 16 ans.
La tragédie a eu lieu ce dimanche vers 11 heures, sur le bras de fer Diamel, précisément au niveau du pont de Ndoulamadji. Selon nos informations, les corps des jeunes ont été repêchés par les riverains avant même l’arrivée des secours.
Il ressort que les deux adolescents s’étaient rendus sur les berges du fleuve pour se baigner, mais leur moment de détente a tourné au drame.
Il est important de noter qu’en cette période de canicule intense, qui coïncide avec le mois de ramadan, les berges du fleuve attirent des milliers de personnes venant de divers horizons pour se rafraîchir.",Thiarène : Deux adolescents morts noyés dans le fleuve,[],entertainment,0.2732,0.0,False
243,94049c51-6f5c-4539-8cf3-d363eedeeeb4,https://senego.com/reddition-des-comptes-aminata-toure-rejette-la-mediation-penale-et-prone-une-justice-ferme_1818379.html,2025-03-23 16:38:49+00:00,"Aminata Touré, haut représentant du président de la République Bassirou Diomaye Faye, était l’invitée de l’émission En Vérité sur la Rts. Au cours de son intervention, elle a abordé plusieurs sujets, notamment la reddition des comptes initiée par le gouvernement.
Affirmant son attachement à une justice rigoureuse, elle a exprimé son opposition à la médiation pénale dans les affaires de détournement de fonds publics.
Interrogée sur l’opportunité de privilégier la médiation pénale pour faciliter le recouvrement des fonds détournés, Aminata Touré a marqué son désaccord avec une grande clarté. Selon elle, cette approche ouvrirait la porte à des abus et banaliserait la corruption au sein de l’administration.
« Je ne suis pas d’accord sur ce point et depuis 10 ans je le dis. Ce sera trop facile. Cela veut dire que si vous nommez une personne et qu’elle détourne 50 milliards, si on l’attrape, elle peut proposer de rendre 30 milliards et s’en sortir ainsi. Les gens en feraient un métier si tout se terminait par une médiation pénale. Même la loi ne dit pas cela. Selon moi, on doit les remettre à la justice et ensuite récupérer l’intégralité de l’argent », explique Aminata Touré.
Au-delà de la lutte contre la corruption, Aminata Touré a également évoqué la nécessité de rétablir la confiance entre la justice et les citoyens. Elle a rappelé le contexte difficile laissé par l’ancien régime, marqué par des arrestations massives à caractère politique.
« N’oubliez pas qu’on était dans une situation extrêmement difficile. L’actuel président de la République a été libéré de prison quatre jours après le début de l’élection présidentielle, avec le Premier ministre. Plus de 1000 personnes étaient emprisonnées pour des raisons politiques. Donc la réconciliation et le rétablissement de la confiance vont prendre du temps, mais je pense que les Sénégalais le savent : nous sommes sur le bon chemin », ajoute Mme Touré.
Aminata Touré réaffirme ainsi la volonté du gouvernement de ne pas transiger avec les détournements de fonds publics.",Reddition des comptes : Aminata Touré rejette la médiation pénale et prône une justice ferme…,[],politics,0.5267,0.0,False
244,c20c7c9c-7720-4838-bbbb-b8d27cdabe20,https://senego.com/valerie-bishop-parle-de-sa-relation-actuelle-avec-el-hadji-diouf_1818381.html,2025-03-23 16:25:45+00:00,"Valérie Bishop, l’ex-épouse de l’ancien footballeur international sénégalais El Hadji Diouf, a récemment partagé des repas de rupture du jeûne avec des familles dans le besoin. Cette initiative caritative a été l’occasion pour elle de donner une interview aux journalistes présents lors de l’événement.
Devant les micros, Valérie Bishop a abordé sa liaison actuelle avec El Hadji Ousseynou Diouf, son ex-mari. « Je garde un bon rapport avec mon ex-mari El Hadji Diouf, il est le père de mes enfants, et nous nous parlons chaque jour au téléphone, » a-t-elle confié. Ses propos remplis de respect montrent qu’une relation amicale et bienveillante persiste entre les deux anciens conjoints.
Ce récit a été partagé par nos confrères de Kawtef, qui ont couvert l’événement de distribution de repas.",Valérie Bishop parle de sa relation actuelle avec El Hadji Diouf,[],entertainment,0.4767,0.0,False
245,e570d589-31e8-4272-905d-7349d8086222,https://senego.com/braquage-a-ouakam-interpellation-de-deux-suspects-et-recuperation-de-17-millions-fcfa_1818370.html,2025-03-23 15:45:50+00:00,"La Division des Investigations Criminelles (DIC) a mis la main sur deux des trois braqueurs responsables d’un vol à main armée survenu à Ouakam, où 100 millions de francs CFA avaient été dérobés. Les arrestations ont eu lieu dans un appartement meublé situé aux Parcelles Assainies, grâce aux vidéos de surveillance et aux renseignements fournis à la police. Parmi les individus arrêtés figurent K. Fall, âgé de 25 ans, et C. M. Sidibé, âgé de 23 ans.
Lors de cette opération, les forces de l’ordre ont pu récupérer 17 millions de francs CFA, une partie de l’importante somme volée. Cependant, le meneur de ce gang, identifié comme Souleymane Bâ, demeure introuvable et fait l’objet d’une recherche intensive par la police. Selon les informations rapportées par le site Kawtef, le braquage s’est déroulé au détriment d’un motocycliste qui revenait d’une banque et qui a rapidement signalé l’incident aux autorités.
La traque pour retrouver Souleymane Bâ se poursuit, les autorités espérant clore cette affaire en capturant le cerveau du groupe criminel. Cette arrestation est le résultat d’une enquête méticuleuse auprès de la DIC, comme indiqué dans les informations de nos confrères de Kawtef.",Braquage à Ouakam : Interpellation de deux suspects et récupération de 17 millions FCFA,['DIC'],business,-0.2732,0.3204227089881897,False
246,ddc7009b-0504-4556-8383-7ab4fe5a08bf,https://senego.com/braquage-de-100-millions-a-ouakam-deux-arrestations-17-millions-recuperes-le-cerveau-activement-recherche_1818368.html,2025-03-23 15:44:03+00:00,"La Division des Investigations Criminelles (DIC) a frappé fort. En moins de 48 heures, ses enquêteurs ont mis la main sur deux des trois malfaiteurs impliqués dans le braquage spectaculaire survenu vendredi dernier à Ouakam, où un motocycliste a été dépouillé de 100 millions de francs CFA.
Les investigations menées par le Groupe de Recherches et d’Interpellations (GRI) ont permis d’arrêter K. Fall (25 ans), peintre de profession, et C.M. Sidibé, tapissier âgé de 23 ans. Les forces de l’ordre ont également réussi à récupérer 17 millions de francs CFA, renseigne Seneweb visité par Senego.
D’après les sources de nos confrères qui sont proches de l’enquête, le gang, dirigé par un certain S. Bâ, avait loué un appartement meublé aux Parcelles-Assainies. C’est grâce à l’exploitation des images de vidéosurveillance et aux renseignements collectés que les hommes du commissaire Sène ont pu localiser et interpeller Fall et Sidibé lors d’une descente matinale. Placés en garde à vue, les suspects ont reconnu leur participation aux faits.
Le cerveau du braquage, Souleymane Bâ, demeure en fuite et fait l’objet d’une chasse intensive.","Braquage de 100 millions à Ouakam : Deux arrestations, 17 millions récupérés, le cerveau activement recherché","['DIC', 'Groupe de Recherches']",business,-0.34,0.3451233506202698,False
247,66fedf04-d588-48a0-b552-3268b8b6edd4,https://senego.com/descente-davion-des-lions-inquietude-autour-de-la-blessure-de-pape-gueye-video_1818356.html,2025-03-23 15:30:57+00:00,"Tenus en échec par le Soudan, Pape Thiaw et ses hommes sont de retour à Dakar ce dimanche dans la matinée en provenance de Benghazi en Libyen provenance de Benghazi en Libye.
Les Lions ont quitté Benghazi à la fin de leur match, embarquant à bord d’un vol spécial d’Air Sénégal. À leur arrivée à l’Aéroport international Blaise Diagne, ils ont pris la direction d’un hôtel de la nouvelle ville de Diamniadio. Sorti sur blessure, Pape Gueye était aussi avec le groupe. A sa descente de l’avion le milieux de terrain de Villarreal boitillait. Ce qui rend incertain sa présence pour le match contre le Togo, ce mardi.
Cet après-midi, ils effectueront un galop d’entraînement en préparation du match crucial de mardi contre les Éperviers du Togo, pour la sixième journée des éliminatoires du Mondial 2026.",Descente d’avion des Lions : Inquiétude autour de la blessure de Pape Gueye (Vidéo),"['Mondial', 'Éperviers du Togo', 'Lions', 'Air Sénégal']",sport,0.0,0.1580040156841278,False
248,5aae0aaf-36d6-46cb-8b3a-42262f015472,https://senego.com/expulsion-debrahim-rasool-des-etats-unis-retour-sans-regret-en-afrique-du-sud_1818364.html,2025-03-23 15:30:46+00:00,"L’ambassadeur sud-africain Ebrahim Rasool, récemment expulsé des États-Unis, a regagné son pays le dimanche 23 mars, affirmant ne ressentir « aucun regret » suite à cette décision de l’administration américaine. Cet événement a suscité une vague de réactions à son arrivée au Cap, où une foule bruyante s’était rassemblée pour l’accueillir, selon nos confrères de Sud Quotidien.
Washington avait sommé Ebrahim Rasool de quitter son territoire le 14 mars dernier, après l’avoir déclaré « persona non grata ». Cette décision émanait du chef de la diplomatie américaine, Marco Rubio, qui l’accusait d’être un « homme politique raciste » nourrissant une aversion envers l’Amérique et Donald Trump. Le retour de Donald Trump sur la scène politique semble avoir particulièrement compliqué les relations entre les États-Unis et l’Afrique du Sud, notamment en suspendant les aides américaines envers Pretoria sous prétexte d’un traitement « injuste » des descendants de colons européens. La plainte pour génocide déposée par l’Afrique du Sud contre Israël devant la Cour internationale de justice aurait également contribué aux tensions.
La présidence sud-africaine a qualifié d’ »regrettable » cette expulsion, une position partagée par le ministre des Affaires étrangères, Ronald Lamola, qui a dénoncé une mesure « sans précédent ». Chrispin Phiri, porte-parole du ministère sud-africain des Affaires étrangères, a regretté cette rupture diplomatique alors que l’ambassadeur Rasool était sur le point de rencontrer des responsables stratégiques à la Maison Blanche.
Lors d’une intervention dans un webinaire le 14 mars, Ebrahim Rasool avait accusé Donald Trump de « mobiliser un suprémacisme contre le pouvoir en place ». Une déclaration qui a probablement accéléré son expulsion. En Afrique du Sud, cette décision a fait grand bruit, et le parti de gauche radical EFF a critiqué Donald Trump, le qualifiant de « grand sorcier d’un Ku Klux Klan mondial ».
Comme l’ont rapporté Sud Quotidien, ces événements interviennent dans un contexte de vives polémiques autour de l’avenir de Pretoria au sein de l’accord commercial AGOA qui permet l’exportation de certains biens sans taxes vers les États-Unis. Le chef de la diplomatie sud-africaine a insisté sur la nécessité d’un dialogue direct avec l’ambassadeur Rasool pour clarifier ses propos plutôt que de procéder à une expulsion unilatérale.",Expulsion d’Ebrahim Rasool des États-Unis : retour sans regret en Afrique du Sud,"['EFF', 'Ku Klux Klan', 'ministre des Affaires étrangères', 'ministère sud-africain des Affaires étrangères', 'Cour internationale de justice']",politics,-0.4019,0.2591502070426941,False
249,8562372a-17a2-4aa6-817b-67b5bbecc27c,https://senego.com/canada-melanie-joly-optimiste-face-aux-tensions-commerciales-avec-les-etats-unis_1818360.html,2025-03-23 15:20:44+00:00,"La ministre canadienne des Affaires étrangères, Mélanie Joly, se montre confiante quant à la capacité du Canada à surmonter les défis posés par la guerre commerciale avec les États-Unis. Dans une interview accordée à l’émission World Service Weekend de la BBC, elle a souligné l’importance du Canada en tant que partenaire commercial clé des États-Unis.
Joly a déclaré : « Nous sommes le plus important client des États-Unis. Nous achetons plus aux Américains que la Chine, le Japon, le Royaume-Uni et la France réunis. » Cette observation fait suite à l’imposition par l’administration Trump de droits de douane de 25 % sur l’acier et l’aluminium canadiens.
Ces mesures douanières, qui entreront officiellement en vigueur le 2 avril, représentent une inquiétude majeure pour les Canadiens, surtout à l’approche des élections fédérales. Joly a fait référence à l’escalade des coûts, soulignant que les répercussions des taxes ne se limitent pas au Canada, mais touchent également les « travailleurs américains ».
La ministre a affirmé que les citoyens américains pourraient jouer un rôle décisif dans ce conflit commercial, en disant : « Nous pensons qu’en fin de compte, les seuls qui pourront nous aider à remporter cette guerre (…) sont les Américains eux-mêmes. »
En rapport avec les prochaines élections, Joly a exprimé le souhait du Parti libéral d’obtenir un « mandat clair » pour faire face aux défis posés par les taxes de Trump. Elle a également mentionné que les Canadiens réclament un « dirigeant ayant des valeurs fortes », étant préoccupés par les choix de l’administration Trump.
L’élection prévue mettra en lice le Premier ministre Mark Carney contre Pierre Poilievre, leader conservateur. D’après Trump, ces taxes sur les importations devraient renforcer l’industrie américaine, protéger les emplois et réduire le déficit commercial, même s’il admet le risque d’une récession. Le secrétaire américain au Commerce, Howard Lutnick, dit que ces taxes « en valent la peine » malgré les contrecoups économiques.
Il convient de mentionner que ce texte a été lu sur le site de nos confrères d’Anadolu, avec la traduction assurée par Mourad Belhaj.",Canada : Mélanie Joly optimiste face aux tensions commerciales avec les États-Unis,"['BBC', 'ministre canadienne des Affaires étrangères', 'Parti libéral']",tech,0.5106,0.16432833671569824,False
250,26720e21-4a06-4a94-ba37-8715ee7a8ac6,https://senego.com/deces-de-moussa-sakho-figure-emblematique-de-lart-sous-verre-au-senegal_1818353.html,2025-03-23 14:00:45+00:00,"Moussa Sakho, célèbre artiste-peintre sénégalais, est décédé tôt ce matin à son domicile à Mbao. Né en 1949 à Kayes Findiw, face à l’intendance militaire, il a passé son enfance dans le quartier du Plateau à Dakar.
Après avoir suivi sa scolarité à l’école des Champs de courses puis au collège Blaise Diagne, Sakho a été engagé de force dans l’armée sénégalaise le 1er mai 1968. Après un passage de six mois à Bango, il a été déployé en Casamance pour une période de dix-huit mois, conséquence de son appartenance au groupe de jeunes du mouvement de mai 68.
Une fois libéré de ses obligations militaires, Moussa Sakho s’est tourné vers l’art, une passion nourrie dès son plus jeune âge et inspirée par son grand-père, membre de la première promotion de l’école des arts, connue sous le nom d’école de Dakar. Sakho s’est établi à Gorée et au village des arts sur la route de Yoff, où il a consacré sa vie à la création artistique.
Il était particulièrement reconnu pour son expertise en peinture sous-verre, un style qu’il aimait distinguer des œuvres influencées par Picasso et d’autres artistes internationaux. Moussa Sakho puisait son inspiration dans le travail de Gora Mbengue, célèbre calligraphe et photographe, incontournable dans le domaine du sous-verre.
Engagé socialement, il animait des ateliers au pavillon de France de l’hôpital Principal, initiant les jeunes malades au dessin. Son parcours artistique l’a aussi conduit à participer régulièrement à la Biennale de Dakar ainsi qu’à des expositions en France.
Ces informations nous parviennent grâce aux collègues de Sud Quotidien, qui relatent la vie et l’œuvre d’une figure marquante de l’art sénégalais.","Décès de Moussa Sakho, figure emblématique de l’art sous-verre au Sénégal",['école des'],entertainment,0.8481,0.07818329334259033,False
251,063fd531-bc8a-4da0-9151-5c3457eee055,https://senego.com/alima-de-la-serie-adja-celebre-la-naissance-de-sa-fille-en-video_1818350.html,2025-03-23 13:55:43+00:00,"Les admirateurs de la populaire série « Adja » ont récemment reçu une nouvelle réjouissante. L’actrice Alima, qui s’est distinguée par son interprétation dans la série, a donné naissance à une petite fille.
La nouvelle a été rendue publique grâce à une vidéo diffusée sur les réseaux sociaux, où Alima apparaît aux côtés de son mari. Dans cet enregistrement, le couple affiche avec fierté leur bébé, que l’on aperçoit dans les bras d’un père rayonnant de bonheur.
Selon nos confrères de Kawtef, qui ont relayé cette information, les premiers vœux de rétablissement ont été adressés à Alima, accompagnés de souhaits de bonheur pour elle et son enfant.",Alima de la série Adja célèbre la naissance de sa fille en vidéo,[],entertainment,0.0,0.0,False
252,6f9cb5d2-f2f0-4b01-9f6d-6d9970ba473a,https://senego.com/le-soudan-aurait-depose-une-plainte-aupres-de-la-fifa-pour-contester-la-selection-dassane-diao_1818346.html,2025-03-23 13:52:33+00:00,"Tenu en échec par le Sénégal, le Soudan conteste la sélection d’Assane Diao. Selon des informations rapportées par le journaliste Micky Jnr, le Soudan aurait déposé une plainte officielle auprès de la FIFA contre le Sénégal pour avoir aligné Assane Diao lors du match d’hier.
Entré en jeu à la 79e minute, en remplacement d’Ismaila Sarr, Assane Diao a célébré sa première apparition en équipe nationale. Toutefois, cette première sélection est désormais contestée par le Soudan.
La Fédération Soudanaise de Football affirme qu’Assane Diao ne serait pas éligible pour jouer avec le Sénégal, arguant qu’il a précédemment joué avec la sélection U21 espagnole. Le Soudan, qui aurait déposé une plainte auprès de la FIFA, se base sur un règlement de l’instance dirigeante du football mondial, stipulant qu’un joueur ayant évolué avec une autre sélection doit attendre trois ans avant de pouvoir changer d’équipe. Le Soudan espère ainsi obtenir la disqualification du Sénégal.
🚨 𝐄𝐗𝐂𝐋𝐔𝐒𝐈𝐕𝐄:
Sudan have filed official complaints with FIFA against Senegal for fielding Assane Diao in their game yesterday.
The complaint is regarding FIFA’s regulations regarding waiting three-years period before switching to another Member Association from the… pic.twitter.com/CgsMLNZjFE
— Micky Jnr (@MickyJnr__) March 23, 2025",Le Soudan aurait déposé une plainte auprès de la FIFA pour contester la sélection d’Assane Diao,"['Fédération Soudanaise de Football', 'U21 espagnole', 'FIFA']",sport,-0.5994,0.1149730309844017,False
253,5c1fddc8-94de-4e35-9007-d3a944706a5e,https://senego.com/un-sadio-un-gana-un-koulibaly-seront-encore-des-titulaires-indiscutables-dans-presque-99-des-selections-africaines-coach_1818343.html,2025-03-23 13:20:18+00:00,"Après le match nul (0-0) du Sénégal face au Soudan lors de la 5ᵉ journée des éliminatoires du Mondial 2026, l’ancien entraîneur de Teungueth FC a livré son analyse sur la prestation des Lions. À travers une réflexion nuancée publiée sur sa page Facebook, exploitée par Senego, Cheikh Guèye a mis en avant la complexité du jeu et la nécessité de relativiser les critiques.
« La vérité n’est pas ce que tout le monde dit, elle est loin d’être démocratique », a-t-il souligné, insistant sur le fait que les perceptions peuvent être biaisées par des attentes antérieures ou futures.
Sur le plan individuel, il rappelle que des cadres comme Sadio Mané, Idrissa Gana Gueye et Kalidou Koulibaly restent des titulaires indiscutables dans la majorité des sélections africaines.
D’un point de vue collectif, il note que l’animation offensive des Lions a été satisfaisante, malgré l’absence de réalisme. « Une équipe qui se crée des occasions claires de but démontre une animation offensive acceptable », affirme-t-il.
L’actuel entraineur du club béninois Loto Popo FC est également revenu sur le rythme du jeu sénégalais, critiqué pour sa lenteur : « Face à un bloc très compact, la patience pour débloquer la défense se traduit parfois par une vitesse moyenne dans le jeu. » Selon lui, les Soudanais ont su piéger les Lions en les forçant à privilégier les centres, sans véritable danger pour la défense adverse.
Enfin, il a évoqué le choix d’aligner Krépin Diatta en latéral sur un pied opposé, une option qui peut ralentir l’exécution mais aussi surprendre l’adversaire et être bénéfique à l’équipe.
Optimiste pour l’avenir, Cheikh Guèye de confier : « cette équipe va de l’avant et j’adore notre exigence. Cela prouve notre patriotisme, mais nous n’avons pas toujours raison. »","« Un Sadio, un Gana, un Koulibaly seront encore des titulaires indiscutables dans presque 99% des sélections africaines », (Coach)","['Mondial', 'Teungueth FC', 'Loto Popo FC', 'Lions']",sport,-0.7579,0.1969684511423111,False
254,807bb173-47bd-4d49-9413-a7dab5d92d15,https://senego.com/adamo-exprime-sa-colere-suite-a-la-situation-de-fatel-sow_1818339.html,2025-03-23 12:50:47+00:00,"La vidéo poignante de Fatel Sow suscite de vives réactions et alimente de nombreux débats sur les réseaux sociaux. Cette séquence, relayée par notre rédaction suite à sa première diffusion par nos confrères de Kawtef, met en avant l’influenceur Adamo, visiblement en colère.
Dans cette vidéo, Adamo critique vivement ceux qui, selon lui, apportent aujourd’hui leur soutien à Fatel, tout en les accusant d’être partiellement responsables de sa situation actuelle. Pour Adamo, il est incompréhensible que les mêmes personnes qui auraient contribué à ses difficultés soient désormais celles qui prétendent la soutenir.
Cet extrait a été souligné sur le site de Kawtef, où il a d’abord été mis en avant, ajoutant ainsi une nouvelle perspective au débat déjà houleux entourant l’affaire Fatel Sow.",Adamo exprime sa colère suite à la situation de Fatel Sow,[],politics,-0.128,0.0,False
255,cabd32d0-db27-4a0a-adc0-04f4d8a54b8c,https://senego.com/elim-mondial-2026-les-lions-de-retour-a-dakar-cap-sur-le-togo_1818334.html,2025-03-23 12:08:14+00:00,"Les Lions du Sénégal sont rentrés à Dakar ce dimanche matin. Cap sur le Togo après le nul face au Soudan (0-0), hier soir à Benghazi, en Libye. Cette rencontre comptait pour la cinquième journée des qualifications africaines à la Coupe du Monde 2026. L’information a été confirmée par la Fédération Sénégalaise de Football (FSF).
Les Lions ont immédiatement quitté Benghazi après le coup de sifflet final, empruntant un vol spécial d’Air Sénégal. À leur arrivée à l’Aéroport International Blaise Diagne (AIBD), ils ont rejoint leur hôtel à Diamniadio pour entamer la préparation du prochain défi.
Dès cet après-midi, les hommes de Pape Thiaw reprendront l’entraînement pour se concentrer sur leur prochaine confrontation contre le Togo, prévue ce mardi au stade Abdoulaye Wade.
Dos au mur après ce résultat frustrant, les Lions doivent impérativement s’imposer face aux Éperviers et espérer un faux pas du Soudan et de la République Démocratique du Congo (RDC), leurs concurrents directs pour la première place du groupe B.","Elim. Mondial 2026: Les Lions de retour à Dakar, cap sur le Togo!","['Fédération Sénégalaise de Football', 'Air Sénégal', 'Lions de retour', 'Lions', 'Lions du Sénégal', 'B.']",sport,-0.3182,0.17711347341537476,False
256,077a84d1-3cc9-4e92-8bdc-c4d03a216e74,https://senego.com/bete-bete-saison-2-decouvrez-la-tension-entre-traditions-et-amities-interdites_1818331.html,2025-03-23 11:55:49+00:00,"La série Bété Bété revient avec sa deuxième saison et promet de plonger les téléspectateurs dans une intrigue palpitante. Cet épisode 31 nous entraîne au cœur des relations familiales et amicales, minées par les poids des traditions et des préjugés.
Le récit s’articule autour de deux familles, illustrant les tensions créées par les héritages de sang et les barrières sociales. Alkali Sall, issu de la caste des Guéér, partage une amitié profonde avec Makhoudia Tall, un Teug. Cette relation, bien que solide, est mise à l’épreuve par les attentes traditionnelles et les tabous.
Un épisode marquant du passé révèle la romance entre Alkali et Daba Thiam, un amour empêché par les différences de caste. De cette idylle naît Diouma, une enfant non reconnue par son père, un fait qui attise depuis lors la colère de Ndiaga Thiam, le père conservateur de Daba. Sa réprobation envers Alkali et sa défense acharnée de sa lignée exacerbent les tensions familiales.
Marème Sall, l’épouse d’Alkali, conserve une distance vis-à-vis des Gnégnos par fidélité à ses origines, illustrant ainsi le poids des considérations sociales. De son côté, Makhoudia Tall doit jongler avec les défis d’un mariage polygame, ses épouses venant des castes Teug et Guéweul.
En résumé, Bété Bété reflète avec une précision saisissante les dynamiques familiales et sociales au Sénégal, abordant les thèmes de la caste, de l’amitié et des conflits intergénérationnels. Cet article repose sur des informations tirées du site Kawtef.",Bété Bété Saison 2 : Découvrez la tension entre traditions et amitiés interdites,[],entertainment,-0.2023,0.0,False
257,7e7cebbc-dc8a-4eef-bf46-0ec2cf8dafb8,https://senego.com/france-agression-dun-rabbin-a-orleans-un-adolescent-arrete_1818320.html,2025-03-23 11:10:40+00:00,"Un incident préoccupant a eu lieu à Orléans, une ville située à 130 kilomètres au sud de Paris, où un rabbin a été agressé en pleine rue samedi. Cet événement est survenu alors que le rabbin Arié Engelberg rentrait de la synagogue avec son fils de 9 ans. Selon les informations rapportées par la presse française, le rabbin a été ciblé alors qu’il regagnait son domicile.
L’agression a été particulièrement brutale. Arié Engelberg a subi des coups à la tête, une morsure à l’épaule et des insultes proférées à son encontre. L’identité de l’assaillant n’a pas été divulguée, tout comme les motifs exacts derrière cet acte agressif. Ce qui est connu, c’est que l’agresseur est un jeune de 16 ans, arrêté et placé en garde à vue le jour même.
La justice a ouvert une enquête suite à cette attaque. France 3, citant des sources judiciaires régionales, indique que l’affaire a été classée sous les violences volontaires motivées par l’appartenance réelle ou supposée de la victime à une religion. Ces détails ont été rapportés par nos confrères du site Anadolu.","France : Agression d’un rabbin à Orléans, un adolescent arrêté",['France 3'],politics,0.4404,0.3239438533782959,False
258,1c7e3e08-919d-449d-b092-cf96c2aa4cea,https://senego.com/lutte-malick-ngom-il-nous-faut-respecter-les-mesures-prises-car-si-on-suspend-definitivement-larene_1818316.html,2025-03-23 11:09:42+00:00,"Face aux récentes violences dans l’arène, les promoteurs de lutte ont rencontré ce samedi le président du Comité National de Gestion (CNG), Malick Ngom, pour discuter des nouvelles mesures imposées par les autorités sportives et sécuritaires.
Si l’absence des plus grands promoteurs a été remarquée, Malick Ngom a tenu à clarifier la situation devant Sidy Diakhaté, Fallou Ndiaye et d’autres acteurs du milieu. Il a détaillé les recommandations soumises au ministère des Sports avant la prise des décisions finales.
« Avant notre rencontre avec le ministre des Sports, nous avions déjà proposé certaines mesures comme le démarrage des combats à 19h et la limitation de la jauge de l’arène nationale à 22.000 spectateurs. Suite à une réunion technique, le ministère a ajusté ces propositions en fixant l’heure à 18h30 et en réduisant la jauge à 20.000 personnes, en tenant compte des laissez-passer et accréditations », a expliqué Malick Ngom.
Le président du CNG a insisté sur la nécessité de respecter ces nouvelles règles pour éviter des conséquences plus lourdes. « Le CNG est sous la tutelle du ministère des Sports, lui-même dépendant de l’État. Donc, ces mesures s’imposent à nous et nous devons les appliquer. Si nous ne le faisons pas et que l’arène est suspendue définitivement, les dégâts seront bien plus importants », a-t-il averti dans les colonnes de Wiwsport visité par Senego.
Malick Ngom a également précisé que la suspension temporaire de l’arène n’a finalement entraîné que quatre reports de journées de lutte, contre six initialement prévus avant le début du ramadan.",Lutte – Malick Ngom: « Il nous faut respecter les mesures prises car si on suspend définitivement l’arène… »,"['ministère des Sports', 'ministre des Sports', 'CNG', 'Comité National de Gestion']",politics,0.0258,0.19458594918251038,False
259,5da8755a-0480-4d62-b195-4eecf2b23816,https://senego.com/visa-frauduleux-lac-de-guiers-2-accuse-abdou-salam-diagne-de-lui-avoir-soutire-78-millions-fcfa_1818313.html,2025-03-23 10:35:42+00:00,"Une affaire d’escroquerie liée à des visas frauduleux, impliquant le célèbre lutteur Lac de Guiers 2, refait surface. Lac de Guiers 2, arrêté initialement le 15 mai 2024 et bénéficiant d’une libération conditionnelle en juillet après une médiation pénale, a déposé une plainte contre son complice présumé, Abdou Salam Diagne. Celui-ci est accusé de l’avoir escroqué de la somme importante de 78 millions de FCFA.
Diagne, arrêté en janvier 2025, devait être jugé le 8 avril après un premier report de l’audience. Cependant, il a été extrait de sa cellule sur ordre du procureur pour répondre spécifiquement à cette nouvelle accusation déposée par le lutteur. Selon Lac de Guiers 2, Abdou Salam Diagne l’aurait trompé dans le cadre d’un réseau offrant de faux visas pour l’émigration.
Evoquant sa défense, Abdou Salam Diagne nie les allégations en se présentant comme un simple intermédiaire, rejetant ainsi toute responsabilité directe dans les accusations portées par le lutteur. Néanmoins, le procès de Diagne reste fixé pour le 8 avril, où il devra expliquer sa version des faits devant la justice.
L’information a été initialement rapportée par nos confrères de Kawtef, précisant les détails de cette affaire qui attire l’attention du public en raison de l’implication de Lac de Guiers 2, une personnalité bien connue dans le monde de la lutte sénégalaise.",Visa frauduleux : Lac de Guiers 2 accuse Abdou Salam Diagne de lui avoir soutiré 78 millions FCFA,['Visa'],business,0.0258,0.0,False
260,61c0ee82-334f-4872-9c38-394dea9d14b1,https://senego.com/senegal-pelerinage-2025-plus-de-400-fideles-attendus-a-rome-jerusalem-et-lourdes-les-inscriptions-demarrent-ce-lundi_1818309.html,2025-03-23 10:18:57+00:00,"Le Comité Interdiocésain National des Pèlerinages Catholiques (CINPEC) a annoncé hier samedi l’organisation du traditionnel pèlerinage aux lieux saints de la chrétienté en août prochain. Cette année, 450 fidèles auront l’opportunité de se rendre à Rome, en Terre Sainte (Israël et Palestine) et à Lourdes. Les inscriptions débuteront le lundi 24 mars 2025, avec un tarif fixé à 3.500.000 Fcfa par pèlerin.
Placée sous le thème du « Jubilé de l’Espérance », cette édition 2025 se déroulera du 22 août au 11 septembre. Selon Monseigneur Paul Abel Mamba, évêque du diocèse de Tambacounda et président du CINPEC, ce pèlerinage offrira aux participants une expérience spirituelle unique.
« Avec le soutien de l’État, principal partenaire de l’Église catholique au Sénégal, ainsi que la collaboration des chancelleries et de nos partenaires, nous permettons cette année à 450 fidèles de vivre cette démarche jubilaire. Ils auront la grâce de prier sur les tombes des Apôtres Saint-Pierre et Saint-Paul à Rome, de marcher sur les pas du Christ en Terre Sainte et de se recueillir à Lourdes, au pied de Notre-Dame de l’Immaculée Conception », a-t-il déclaré, selon nos confrères de Pressafrik.
Le CINPEC assure que toutes les dispositions seront prises pour garantir le bon déroulement du voyage. Les fidèles intéressés pourront s’inscrire dès le 24 mars auprès des structures dédiées.
L’Église catholique espère que cette édition marquera un temps fort de prière, de recueillement et de renouveau spirituel pour tous les pèlerins engagés dans cette démarche de foi.","Sénégal – Pèlerinage 2025: Plus de 400 fidèles attendus à Rome, Jérusalem et Lourdes, les inscriptions démarrent ce lundi","['CINPEC', 'Comité Interdiocésain']",entertainment,0.34,0.24595649540424347,False
261,882319d0-d502-4a38-98f4-8190ff6924b7,https://senego.com/israel-frappe-aerienne-tue-un-haut-responsable-du-hamas-a-gaza_1818302.html,2025-03-23 09:40:38+00:00,"Un haut responsable du Hamas, Salah al-Bardawil, a trouvé la mort dans une frappe aérienne israélienne à l’ouest de Khan Younès, située dans le sud de la bande de Gaza, a déclaré dimanche le groupe palestinien. Selon Anadolu, le Hamas a confirmé que Salah al-Bardawil, membre influent de son bureau politique et député au Conseil législatif palestinien, était visé par une « frappe ciblée » alors qu’il observait les prières nocturnes.
Dans cette attaque, la femme de Salah al-Bardawil a également perdu la vie, a précisé l’organisation. Cet acte s’inscrit dans une offensive israélienne qui s’est récemment intensifiée sur Gaza. Le Hamas a dénoncé cette action en la qualifiant de « lâche attaque sioniste » et a accusé Israël de perpétrer des « crimes de guerre » dans ce qu’ils considèrent comme une « campagne systématique de massacres ».
Depuis le début de cette campagne aérienne surprise menée par Israël, plus de 700 Palestiniens ont été tués et plus d’un millier ont été blessés, ce qui rompt ainsi le cessez-le-feu et l’accord d’échange de prisonniers établis en janvier. Les chiffres de victimes à Gaza sont alarmants : depuis octobre 2023, environ 50 000 personnes, principalement des femmes et des enfants, ont été tuées, et plus de 113 000 ont été blessées, selon Anadolu.
La Cour pénale internationale a émis, en novembre dernier, des mandats d’arrêt à l’encontre de dirigeants israéliens, dont le Premier ministre Benyamin Netanyahu et l’ancien ministre de la Défense Yoav Gallant, pour leurs implications présumées dans des crimes de guerre et des crimes contre l’humanité à Gaza. Israël est également confronté à une accusation de génocide devant la Cour internationale de justice pour ses actions dans l’enclave palestinienne.",Israël : Frappe aérienne tue un haut responsable du Hamas à Gaza,"['Hamas', 'ministre de la Défense Yoav Gallant', 'Conseil législatif palestinien', 'Cour internationale de justice', 'Cour pénale internationale']",politics,0.4939,0.24702823162078857,False
262,0cc16e00-ad57-40c0-8673-edd8ab8e7fdd,https://senego.com/algerie-tebboune-recentre-les-relations-franco-algeriennes-autour-de-macron_1818298.html,2025-03-23 09:20:41+00:00,"Le président algérien, Abdelmadjid Tebboune, a réaffirmé samedi soir que les relations entre l’Algérie et la France sont principalement articulées autour du président Emmanuel Macron. « L’unique point de repère pour moi est le président Macron. Tous les problèmes doivent être traités avec lui, ou avec une personne qu’il désigne », a déclaré Tebboune lors d’une interview diffusée sur la télévision publique.
Tebboune a exprimé son désir de travailler directement avec Macron, en minimisant l’importance des autres acteurs : « Quant au reste, ce ne sont que des agitations qui ne nous concernent pas ». Le président algérien a qualifié le contentieux actuel entre Alger et Paris de « préfini », confiant ce dossier à son ministre des Affaires étrangères, Ahmed Attaf.
La crise trouve son origine dans la reconnaissance par la France de l’autonomie marocaine et de sa souveraineté sur le Sahara Occidental. « La France a toujours été du côté du Maroc », a noté Tebboune, en précisant que cette situation perturbe plutôt l’ONU et le conseil de sécurité.
Au sujet des récentes visites de ministres français dans des territoires sahraouis, Tebboune a admis « ne pas comprendre » leur signification. Concernant la déprogrammation d’un documentaire sur les armes chimiques utilisées par la France durant la guerre d’Algérie, il a répondu ironiquement : « C’est la liberté d’expression », tout en saluant le journaliste Jean-Michel Aphatie.
L’Algérie attend toujours une reconnaissance des crimes coloniaux français, en plus des réparations pour les essais nucléaires. Les relations entre les deux pays se sont davantage dégradées après que Paris ait reconnu la souveraineté marocaine sur le Sahara Occidental, poussant l’Algérie à retirer son ambassadeur et à annuler une visite présidentielle en France.
Par ailleurs, des événements récents comme l’emprisonnement de l’écrivain algérien Boualem Sansal ont accentué les tensions. Le président Tebboune a déjà exprimé sa déception envers les tentatives infructueuses de réconciliation sur le plan mémoriel. « Le dialogue politique est quasiment interrompu », a-t-il déploré.
Ce compte rendu est basé sur des informations publiées par nos confrères de l’agence Anadolu.",Algérie : Tebboune recentre les relations franco-algériennes autour de Macron,"['ministre des Affaires étrangères', 'ONU', 'préfini']",politics,-0.4588,0.17806503176689148,False
263,0a6fc267-9499-4a83-84aa-a76c26e9b393,https://senego.com/interpretation-de-la-loi-damnistie-thierno-alassane-sall-denonce-une-manipulation-persistante_1818290.html,2025-03-23 09:20:15+00:00,"Thierno Alassane Sall revient sur la nouvelle proposition de loi d’interprétation de la loi d’amnistie par le régime PASTEF. Selon lui, cette modification, loin de répondre aux attentes du peuple sénégalais pour une abrogation totale, ne fait que masquer une volonté d’abrogation partielle. Sall dénonce une manipulation persistante, et un faux débat sémantique autour de la rétroactivité, illustrant ainsi le maintien de la stratégie politique de PASTEF.
Le député rappelle avoir pris connaissance de la proposition de Pastef. « Nous avons pris connaissance de la nouvelle proposition de loi d’interprétation de la loi d’amnistie de PASTEF qui prend la forme d’un amendement. Dans un document de six pages, le régime PASTEF réécrit substantiellement le texte initial.« 
Selon lui, « Cette modification est le signe que PASTEF a compris le rejet de leur manipulation par les Sénégalais. En revanche, au lieu de se résoudre définitivement à réaliser la demande claire du peuple Sénégalais d’une abrogation totale de l’amnistie, PASTEF continue dans la tromperie à travers la nouvelle mouture de sa proposition.« 
TAS dénonce une manipulation persistante, et un faux débat sémantique autour de la rétroactivité. « Contrairement à ce qu’ils racontent dans les médias depuis deux jours, la nouvelle proposition de loi interprétative demeure dans le même esprit que l’ancienne : PASTEF veut une abrogation partielle de la loi d’amnistie. Leur « interprétation » s’inscrit dans cette logique en visant la modification du champ d’application de la loi d’amnistie. Leur faux débat sémantique sur la rétroactivité concerne alors également leur texte.«",Interprétation de la loi d’amnistie: Thierno Alassane Sall dénonce une manipulation persistante…,"['Pastef', 'PASTEF']",tech,-0.3612,0.29339587688446045,False
264,7a994156-1447-417a-bfef-8c2e0de5588e,https://senego.com/video-pape-thiaw-apres-le-match-nul-lefficacite-netait-pas-au-rendez-vous-on-savait-que-ce-serait-complique-ici_1818291.html,2025-03-23 09:14:27+00:00,"Le Sénégal a laissé filer une belle opportunité de prendre la tête du groupe B des éliminatoires du Mondial 2026. Les Lions ont été accrochés par le Soudan (0-0), hier samedi à Benghazi. Un résultat frustrant pour le sélectionneur Pape Thiaw, qui pointe du doigt le manque d’efficacité offensive de son équipe. En zone mixte après la rencontre, le sélectionneur sénégalais a exprimé sa déception quant à la prestation offensive de son équipe.
« On s’attendait à un match difficile face au Soudan. On a bien appliqué ce qu’on avait préparé. Mais en première mi-temps, on pouvait faire la différence, malheureusement l’efficacité n’était pas au rendez-vous », a-t-il expliqué.
Dans un match disputé sur un terrain difficile, le Sénégal a tout de même réussi à prendre un point, là où d’autres équipes ont chuté. Mais ce résultat reste une contre-performance dans la course à la qualification.
« On savait que ce serait compliqué ici. Certaines équipes ont lâché des points, nous, on en a pris un. En seconde période, on est bien rentré dans le match, mais il nous a encore manqué ce but qui aurait pu tout changer », a regretté Pape Thiaw.
Avec ce nul, les Lions restent en embuscade dans le groupe B mais voient la RD Congo et le Soudan garder l’avantage. Ils devront impérativement se rattraper mardi prochain face au Togo pour rester dans la course à la qualification.",( Vidéo ) Pape Thiaw après le match nul: « L’efficacité n’était pas au rendez-vous (…) On savait que ce serait compliqué ici »,"['Mondial', 'Lions']",sport,-0.8442,0.13788588345050812,False
265,185a13e8-749a-4fa6-b50d-dfc9faec3bef,https://senego.com/flambee-des-prix-des-oeufs-aux-etats-unis-washington-sollicite-la-turquie-et-la-coree-du-sud_1818293.html,2025-03-23 09:10:42+00:00,"Le Bureau des statistiques du Travail a révélé une augmentation vertigineuse des prix des œufs aux États-Unis, le coût d’une douzaine passant de 2,5 dollars en décembre 2023 à 4,15 dollars en décembre 2024. En janvier 2025, coïncidant avec l’arrivée au pouvoir de Donald Trump, ce prix a encore grimpé à 4,95 dollars. Cette inflation est attribuée à une épidémie de grippe aviaire dévastatrice qui a entraîné la perte de plusieurs dizaines de millions de volailles. Depuis 2022, plus de 166 millions de volailles ont été affectées, dont 19 millions entre fin janvier et fin février, selon le département de l’Agriculture.
Face aux rayonnages dégarnis et des coûts pouvant dépasser les dix dollars par endroit, les autorités américaines cherchent des solutions. Les vidéos humoristiques de faux trafics et d’enchères parodiques se multiplient pour tourner en dérision la situation. Pour y remédier, Washington a conclu des accords avec la Turquie et la Corée du Sud pour augmenter les importations d’œufs. Brooke Rollins, la ministre américaine de l’Agriculture, a souligné que ces approvisionnements, en provenance de ces deux pays, devraient contribuer à faire baisser les prix en attendant le rétablissement des effectifs de poules pondeuses.
Les relations avec le Canada, principal fournisseur traditionnel, sont actuellement tendues en raison des mesures douanières de Donald Trump, rendant incertaine la réaction des marchés nord-américains. Sylvain Charlebois, spécialiste de l’industrie agroalimentaire, a confié à Sud Quotidien que malgré ses efforts pour obtenir des données concrètes sur les ventes états-uniennes, les informations restent difficiles d’accès. Il s’interroge sur la réticence à divulguer ces données sensibles.
Les tensions commerciales se sont exacerbées en février lorsque Trump a imposé une augmentation de 25% des droits de douane sur l’acier et l’aluminium canadiens. En riposte, Ottawa a publié en mars une liste de produits américains soumis à des surtaxes similaires, occasionnant une mobilisation citoyenne importante dans les échanges commerciaux bilatéraux, estimés à près de trois milliards de dollars quotidiennement.
Selon Charlebois, les œufs, bien que simples, ont une grande valeur symbolique en tant qu’aliment abordable, et les réduire pourrait paradoxalement soutenir les politiques de Trump dans ce contexte de tensions géopolitiques fuertes. Les Américains explorent également les marchés européens, établissant des contacts avec des fournisseurs potentiels en Pologne et Lituanie, selon Sud Quotidien.",Flambée des prix des œufs aux États-Unis : Washington sollicite la Turquie et la Corée du Sud,"['Bureau des statistiques du Travail', 'ministre américaine de l’Agriculture']",business,-0.5719,0.33949172496795654,False
266,644900b1-0224-4bfa-bba2-e150bb4b7216,https://senego.com/me-said-larifou-salue-linitiative-de-diomaye-et-sonko-pour-soutenir-les-victimes-des-manifestations-2021-2023_1818288.html,2025-03-23 08:55:46+00:00,"Me Saïd Larifou, avocat franco-comorien et président du parti Ridja-Pactef, a exprimé sa gratitude envers Bassirou Diomaye Faye, président de la République du Sénégal, et son Premier ministre, Ousmane Sonko. Dans une lettre de remerciement publiée samedi, il a salué les mesures prises en faveur de l’indemnisation des victimes des manifestations de 2021 et 2023, et de leurs familles.
« En ce mois sacré du Ramadan, je tiens à exprimer ma profonde gratitude à Son Excellence Bassirou Diomaye Faye, Président de la République du Sénégal, ainsi qu’à Monsieur Ousmane Sonko, Premier ministre, pour leur acte de justice et de solidarité envers les citoyens en détresse et notamment aux familles endeuillées et aux blessés et anciens détenus », a-t-il écrit dans la lettre, dont nous avons pris connaissance grâce aux informations publiées par nos confrères de Sud Quotidien.
Selon Me Larifou, les aides financières et sociales déployées pour ces personnes, souvent victimes de leur engagement citoyen ou de leur soutien au parti PASTEF, représentent un « tournant important » dans le processus de justice et de reconnaissance des souffrances vécues durant les manifestations. Il a affirmé que « ce geste courageux, qui sera suivi par d’autres actes de justice, empreint d’humanité et de responsabilité, honore la mémoire des disparus, soutient les vivants, et trace la voie vers une réconciliation sincère et inclusive ».
L’article de Sud Quotidien met en lumière l’impact des récentes initiatives du gouvernement sénégalais, menées par le duo Diomaye-Sonko, pour aborder les effets des troubles civils sur les citoyens. Ce geste est perçu comme une avancée significative vers la réconciliation nationale.",Me Saïd Larifou salue l’initiative de Diomaye et Sonko pour soutenir les victimes des manifestations 2021-2023,['PASTEF'],entertainment,0.9709,0.23989300429821014,False
267,a7442249-76fd-488c-8c7d-8270cce2bd0a,https://senego.com/serigne-mountakha-appelle-lopposition-senegalaise-a-embrasser-un-esprit-nationaliste-a-touba_1818284.html,2025-03-23 08:45:46+00:00,"Lors de la rencontre entre la délégation du Front de la défense de la démocratie et de la République (FDR) et le khalife général des mourides, Serigne Mountakha Mbacké, samedi dernier à Touba, des messages ambitieux ont été échangés. Reporté par Sud Quotidien, l’événement a révélé la détermination de Serigne Mountakha à encourager les figures politiques comme Amadou Mame Diop à s’orienter vers un nationalisme affirmé tout en réaffirmant sa confiance dans les nouvelles autorités en place.
Dans son discours, le patriarche de Darou Minane a déclaré son attachement à la patrie : « Le patriotisme est fondamental pour chaque citoyen. Au départ, j’avais choisi cette voie avant de me consacrer pleinement au service de Cheikh Ahmadou Bamba. » Ces paroles, adressées à Modou Diagne Fada, porte-parole du FDR, réaffirment son engagement profond envers son pays et ses valeurs.
Serigne Mountakha a également insisté sur la nécessité de maintenir la cohésion sociale, soulignant qu’il voit dans les visites de l’opposition une opportunité de paix. En évoquant son intention de jouer les médiateurs, il a encouragé à cultiver une paix durable entre le pouvoir et l’opposition, faisant écho à l’héritage de Serigne Touba. « La bienséance et le pardon sont les conduites les plus appropriées dans notre monde », a-t-il affirmé, avec l’espoir que cet appel trouvera un écho favorable parmi les dirigeants actuels.
Avant de clore ses propos, il a renouvelé sa foi en la capacité des nouvelles autorités à relever les défis, tout en priant pour une unité des cœurs propice au bien-être du Sénégal. Ces échanges, relayés par nos confrères de Sud Quotidien, mettent en lumière le rôle rassembleur que d’aucuns espèrent voir le chef religieux jouer dans l’échiquier politique actuel du pays.",Serigne Mountakha appelle l’opposition sénégalaise à embrasser un esprit nationaliste à Touba,"['FDR', 'Front de la défense de la démocratie et de la République']",politics,0.836,0.24580714106559753,False
268,081b2146-a400-49d5-84be-7174981f1baa,https://senego.com/maurice-kamto-denonce-une-conspiration-pour-bloquer-sa-candidature-presidentielle-au-cameroun_1818281.html,2025-03-23 08:31:15+00:00,"Au Cameroun, la question de la candidature de Maurice Kamto à la prochaine élection présidentielle continue de susciter un débat passionné. Dans une publication datée du mercredi 19 mars, le leader du Mouvement pour la Renaissance du Cameroun (MRC) a confirmé la légitimité de sa candidature tout en évoquant un complot politico-judiciaire visant à l’empêcher de se présenter. Il a exhorté ses partisans à rester vigilants, une déclaration qui a provoqué de nombreuses réactions au sein de la sphère politique.
Maurice Kamto a affirmé avec détermination que « le MRC ne laissera pas le RDPC [parti au pouvoir] exclure son candidat de la course à la prochaine élection présidentielle ». Il a également lancé un avertissement, affirmant que ceux qui ont pris cette décision illégitime et ceux chargés de son exécution devraient y renoncer, faute de quoi cela pourrait entraîner des conséquences graves.
Le candidat du MRC accuse directement le ministre de l’Administration territoriale, qu’il soupçonne d’avoir usurpé les pouvoirs d’Élécam, l’organisme en charge des élections, ainsi que ceux du Conseil constitutionnel. Il critique l’appropriation, par ce ministre, du droit de décider qui peut ou non être candidat à l’élection présidentielle.
La réponse à ces accusations est venue d’une source inattendue : Jean de Dieu Momo, ministre délégué auprès du ministre de la Justice. Ce dernier, qui a succédé à Maurice Kamto à ce poste, a tenté de réfuter les arguments juridiques présentés par Kamto. Selon Jean de Dieu Momo, Maurice Kamto n’aurait que deux options pour se porter candidat : se présenter en tant que candidat indépendant ou être investi par un parti disposant d’élus, autre que le MRC. Toute autre solution serait, selon lui, « la préparation d’une insurrection populaire pour prendre le pouvoir par la rue ».
Pour plus de détails, cet article a été élaboré à partir d’informations lues sur le site de nos confrères de Sud Quotidien.",Maurice Kamto dénonce une conspiration pour bloquer sa candidature présidentielle au Cameroun,"['MRC', 'Administration territoriale', 'ministre de la Justice', 'Mouvement pour la Renaissance', 'RDPC', 'Conseil']",politics,-0.4215,0.16380473971366882,False
269,b6cf61e3-98f5-43c3-8f53-3408323496ca,https://senego.com/tunisie-hamas-en-discussions-continues-pour-le-cessez-le-feu-a-gaza_1818278.html,2025-03-23 08:20:40+00:00,"Le mouvement de résistance palestinien Hamas a communiqué le samedi que les discussions avec les médiateurs pour conclure un accord de cessez-le-feu à Gaza et effectuer un échange de prisonniers « se poursuivent sans interruption ». Abdel Latif al-Qanou, porte-parole du Hamas, a précisé dans une déclaration que « la proposition de Steve Wittkoff, envoyé présidentiel américain, ainsi que certaines autres idées sont discutées avec les médiateurs, et les contacts n’ont pas cessé pour finaliser l’accord ».
Selon des médias israéliens, Steve Wittkoff proposait de libérer cinq prisonniers israéliens en échange de 50 jours de cessez-le-feu, de la libération de prisonniers palestiniens des prisons israéliennes, et de l’introduction d’aides humanitaires, préparant le terrain pour une seconde phase de négociations. Le lendemain, le Hamas acceptait une proposition des médiateurs concernant la libération d’un soldat israélo-américain et la restitution de quatre corps de personnes à double nationalité, soutenant ainsi la reprise des négociations pour la deuxième phase. Cette information relayée par nos confrères de l’agence Anadolu souligne une volonté de poursuite des discussions pour aboutir à une paix durable dans la région.
En dépit des efforts pour un cessez-le-feu, le ministère de la Santé a rapporté que l’armée israélienne a causé la mort de 130 Palestiniens supplémentaires dans la bande de Gaza, portant le bilan total à 49 747 morts depuis octobre 2023. Ces attaques ont fait 263 blessés, apportant le nombre total de blessés à 113 213. De nombreuses victimes restent bloquées sous les décombres, les équipes de secours étant incapables de les atteindre.
Ces événements tragiques continuent de susciter une grande inquiétude internationale, avec la médiation de diverses parties, incluant Ankara qui œuvre activement pour rétablir le cessez-le-feu et mettre fin aux massacres à Gaza, comme le mentionne le président Recep Tayyip Erdogan.",Tunisie : Hamas en discussions continues pour le cessez-le-feu à Gaza,"['Hamas', 'ministère de la Santé']",politics,0.0516,0.16374433040618896,False
270,3784ceb5-4a60-43ba-90b2-dc37bed89511,https://senego.com/xalisso-un-regard-percant-sur-lempreinte-de-largent-dans-la-societe-moderne_1818275.html,2025-03-23 08:00:47+00:00,"Xalisso revient sur nos écrans avec sa première saison et son 51e épisode, interrogant le lien entre l’argent et le bonheur. Dans une société où l’apparence prime souvent sur la réalité, l’argent devient un critère omniprésent, influençant profondément les relations humaines.
Cette série, produite par Evenprod, se penche avec une perspective humoristique et sans compromis sur les effets de l’argent au sein de la nouvelle bourgeoisie. Peut-il vraiment effacer les traces du passé ou modeler notre avenir ? L’obsession de la richesse et de l’ostentation masque souvent des insécurités profondes, soulignant l’influence de l’argent comme force inévitable dans notre société.
Pour découvrir ces thèmes et bien plus, plongez dans l’univers de Xalisso. Le texte de cet article a été repéré sur le site de nos confrères de Kawtef, offrant une analyse lucide de l’impact monétaire au cœur de cette nouvelle série.",Xalisso : un regard perçant sur l’empreinte de l’argent dans la société moderne,[],tech,-0.34,0.0,False
271,38a6eec3-26ed-4b6a-8cd5-db193512c4be,https://senego.com/la-matinale-senego-waly-diouf-eliminatoires-senegal-et-amendement-pastef_1818272.html,2025-03-23 06:03:34+00:00,"Bonjour et bienvenue dans la matinale de Senego de ce dimanche 23 mars 2025. Nous vous dévoilons aujourd’hui les articles les plus débattus de la nuit passée.
Sur sa page Facebook, Waly Diouf Bodiang, Directeur général du Port autonome de Dakar et cadre du Pastef, a publié un message poignant soulignant l’approche du premier anniversaire du départ de Macky Sall : « Dans 2 jours, cela fera un an que nous avons dégagé Macky Sall. » Ce message, bien que concis, résonne avec force, remémorant la victoire historique de Bassirou Diomaye Faye et la volonté de changement exprimée par les Sénégalais. Lisez la suite sur le site de nos confrères de Senego pour plus de détails. Découvrez l’article complet ici.
En football, le Sénégal a rencontré le Soudan du Sud à Benghazi pour la 5ᵉ journée des éliminatoires de la Coupe du Monde 2026. Le match s’est terminé par un nul (0-0), malgré une nette domination sénégalaise en termes de possession et de tentatives offensives. Pape Thiaw et ses hommes, avec des joueurs comme Sadio Mané, Boulaye Dia et Ismaïla Sarr, n’ont pas su percer la solide défense soudanaise. Ce résultat laisse filer des points précieux pour la qualification. Pour une analyse complète, visitez l’article complet de Senego. Cliquez ici pour lire l’article.
Enfin, le PASTEF a proposé un amendement à la loi d’amnistie, signifiant une révision substantielle du texte initial. Cette nouvelle proposition montre que PASTEF a pris note du rejet de ses précédents arguments par les Sénégalais. Cependant, le parti continue de proposer une abrogation partielle de la loi, ce qui suscite des débats sur la continuité de la tromperie politique perçue par ses opposants. Thierno Alassane Sall s’est exprimé sur ce sujet et promet de revenir avec une réponse détaillée. Découvrez l’exclusivité sur Senego. Lire l’article ici.
Les infrastructures de Dame Mbodj: Une figure médiatique sénégalaise, Dame Mbodj, occupe désormais un rôle clé dans le développement des infrastructures du pays. [Lire plus]
Rencontre fraternelle de Sonko et Fall avec Gakou: Le premier ministre Ousmane Sonko, accompagné de Déthié Fall, a rendu une visite empreinte de fraternité à Malick Gakou. [Détails ici]
Le onze de départ de Pape Thiaw: Découvrez l’équipe du Sénégal pour le choc contre le Soudan du Sud. [Voir la liste]
Deuil national au Niger: Le Niger en deuil après une attaque meurtrière à Foumbita. [En savoir plus]
Manifestation massive en France: Une marche à Paris contre le racisme et le fascisme a réuni des milliers de personnes. [Lire l’article]
Match Sénégal-Soudan: L’affrontement décisif entre le Sénégal et le Soudan à suivre intégralement. [Suivez en direct]
Nouvel épisode de Kooru Wadioubakh: La série continue avec son 16e épisode. [Regardez ici]
Nous vous remercions de votre attention et vous souhaitons une excellente journée en notre compagnie sur Senego.","La Matinale Senego : Waly Diouf, Éliminatoires Sénégal et Amendement PASTEF","['Pastef', 'Match', 'PASTEF', 'Rencontre fraternelle de Sonko', 'Nouvel épisode', 'Amendement PASTEF']",politics,-0.5719,0.26010963320732117,False
272,ee4c6982-0c4b-4eb9-a0dc-4a32109dc7da,https://senego.com/eliminatoires-du-mondial-2026-le-senegal-concede-un-nul-decevant-face-au-soudan_1818268.html,2025-03-23 00:30:44+00:00,"Lors de la rencontre des éliminatoires du Mondial 2026 disputée samedi soir, l’équipe nationale du Sénégal a déçu en concédant un nul sans but face au Soudan. Cette performance terne est considérée comme l’une des moins brillantes de l’équipe depuis longtemps. Ce match nul, conclu sur le score de 0-0, ne sert guère les intérêts des hommes dirigés par Pape Thiaw, qui demeurent troisièmes de leur groupe de qualification.
Cette information a été initialement rapportée par nos confrères du journal Sud Quotidien, mettant en lumière les besoins pressants de l’équipe sénégalaise de revoir sa stratégie pour améliorer ses chances dans les prochaines rencontres. Malgré ce résultat plutôt décevant, l’équipe doit désormais se concentrer sur la suite des qualifications pour espérer atteindre ses objectifs de participation au mondial de 2026.",Éliminatoires du Mondial 2026 : le Sénégal concède un nul décevant face au Soudan,['Mondial'],sport,0.2023,0.1510489135980606,False
273,26b92154-d039-4c94-9fcb-aa658073fdf2,https://senego.com/pape-thiaw-se-projette-sur-le-choc-senegal-togo-apres-un-match-nul-face-au-soudan_1818265.html,2025-03-23 00:00:42+00:00,"Le sélectionneur de l’équipe nationale sénégalaise, Pape Thiaw, a exprimé son ressenti après le match nul entre le Soudan et le Sénégal (0-0), survenu lors de la 5e journée des éliminatoires du Mondial 2026. Le match s’est tenu à Benghazi et a laissé les Lions en troisième position dans le groupe B, derrière le Soudan et la République Démocratique du Congo (RDC).
Interrogé à l’issue de la rencontre, Pape Thiaw a exprimé sa déception face au manque de réalisme de son équipe : « En première mi-temps on pouvait faire la différence mais malheureusement on a manqué d’efficacité. En deuxième période on est bien rentrés dans le match mais sans avoir pu marquer. On était venu pour gagner mais on repart avec un point (…). Maintenant il faut encourager les joueurs qui ont tout donné ce soir et se concentrer sur le prochain match qui est une finale », a-t-il déclaré.
Concernant la stratégie de jeu, Thiaw a également abordé le repositionnement de Krepin Diatta comme latéral gauche : « Le joueur a l’habitude de dépanner à ce poste à Monaco. C’est un joueur avec un Q.I football énorme et j’en ai parlé avec lui pour le faire évoluer à ce poste. C’est notre couteau suisse et il faut le féliciter après le match qu’il a fait », a-t-il ajouté.
Ce résultat met la pression sur le Sénégal qui se prépare à affronter le Togo dans trois jours au stade Abdoulaye Wade de Diamniadio. Une victoire est cruciale pour contester la tête du groupe. Les commentaires de Pape Thiaw ont été rapportés par le média Kawtef, soulignant la nécessité de soutenir l’équipe dans cette phase décisive de la compétition.",Pape Thiaw se projette sur le choc Sénégal-Togo après un match nul face au Soudan,"['Mondial', 'Lions']",sport,-0.0258,0.19070202112197876,False
274,48504660-9a83-486f-ba2f-475272809495,https://senego.com/pastef-et-le-feuilleton-de-lamnistie-suite-dune-histoire-de-tromperie-thierno-alassane-sall_1818259.html,2025-03-22 23:05:30+00:00,"Nous avons pris connaissance de la nouvelle proposition de loi d’interprétation de la loi d’amnistie de PASTEF qui prend la forme d’un amendement.
Dans un document de six pages, le régime PASTEF réécrit substantiellement le texte initial. Cette modification est le signe que PASTEF a compris le rejet de leur manipulation par les Sénégalais.
En revanche, au lieu de se résoudre définitivement à réaliser la demande claire du peuple Sénégalais d’une abrogation totale de l’amnistie, PASTEF continue dans la tromperie à travers la nouvelle mouture de sa proposition.
Contrairement à ce qu’ils racontent dans les médias depuis deux jours, la nouvelle proposition de loi interprétative demeure dans le même esprit que l’ancienne : PASTEF veut une abrogation partielle de la loi d’amnistie.
Leur « interprétation » s’inscrit dans cette logique en visant la modification du champ d’application de la loi d’amnistie. Leur faux débat sémantique sur la rétroactivité concerne alors également leur texte.
Thierno Alassane Sall*
Nous y reviendrons dans les jours à venir dans une réponse détaillée à ce nouvel épisode du feuilleton de la tromperie.","« Pastef et le feuilleton de l’amnistie : Suite d’une histoire de tromperie », (Thierno Alassane Sall)","['Pastef', 'PASTEF']",politics,0.2263,0.31821730732917786,False
275,447885b4-efc3-43f4-aae7-cab05fddc226,https://senego.com/tchad-un-motocycliste-abattu-devant-le-palais-presidentiel_1818256.html,2025-03-22 22:50:29+00:00,"Un drame s’est produit devant le palais présidentiel tchadien. Selon la presse locale, un motocycliste a été abattu par la garde présidentielle après avoir emprunté une voie interdite et ignoré les sommations des forces de sécurité.

L’homme a été tué sur le coup, et son corps transporté à la morgue. Cet incident intervient dans un climat de forte tension sécuritaire au  Tchad. Les forces armées restent en état d’alerte constant, notamment après l’attaque du 8 janvier dernier contre le palais présidentiel.
Ce jour-là, un groupe d’assaillants équipés d’armes légères avait tenté une offensive contre le siège du pouvoir. La riposte militaire avait été brutale, entraînant la mort de 20 personnes, dont 18 assaillants et deux soldats de la garde présidentielle. Dans ce contexte, la réactivité des forces de sécurité est maximale, ce qui explique la sévérité de l’intervention contre le motocycliste.",Tchad : Un motocycliste abattu devant le palais présidentiel,[],politics,-0.6486,0.0,False
276,a9d047a2-5a79-4819-a1a9-e442dac5caa7,https://senego.com/pape-abou-cisse-clarifie-les-rumeurs-sur-sa-relation-avec-marie-louise-diaw_1818254.html,2025-03-22 22:40:48+00:00,"Ces dernières semaines, des rumeurs persistantes faisaient état d’une possible séparation entre le footballeur sénégalais Pape Abou Cissé et son épouse, Marie Louise Diaw. Cependant, le joueur a décidé de rectifier les faits.
Profitant d’un événement organisé en ce mois de Ramadan, Pape Abou Cissé a pris la parole devant la presse pour apporter des éclaircissements. Il a affirmé avec assurance que son couple demeurait uni. « Elle va venir d’un moment à un autre. Il y a eu beaucoup de rumeurs, mais je n’ai pas répondu parce que je suis éduqué ainsi », a-t-il déclaré, mettant ainsi fin aux spéculations.
Cette clarification intervient après plusieurs jours de débats intenses sur les réseaux sociaux et dans certains médias. Le défenseur international, bien connu pour son tempérament jovial en dehors des terrains, avait jusqu’alors choisi de ne pas répondre publiquement aux bruits de couloir. Ce choix de clarification directe a visiblement été fait pour apaiser les tensions et éviter d’éventuelles malentendus. Il est à noter que l’origine de ces informations nous vient de nos confrères de Kawtef.",Pape Abou Cissé clarifie les rumeurs sur sa relation avec Marie Louise Diaw,[],sport,0.3818,0.0,False
277,a1173e13-7259-4bf2-9cba-d39b7170bd18,https://senego.com/yemen-nouvelles-frappes-americaines-sur-laeroport-dal-hudaydah_1818251.html,2025-03-22 22:30:44+00:00,"Le groupe Houthi a rapporté samedi soir des frappes aériennes américaines ciblant l’aéroport international d’Al Hudaydah, situé dans l’ouest du Yémen. Selon la chaîne de télévision Al-Masirah, affiliée aux Houthis, trois frappes ont été conduites lors de cette « nouvelle agression américaine ».
Les détails concernant d’éventuelles victimes ou dégâts liés à cette attaque n’ont pas été communiqués par la chaîne. Toutefois, ce développement intervient après que Donald Trump, président des États-Unis, a affirmé avoir ordonné une « attaque décisive et puissante » contre le groupe Houthi.
En réponse aux actions américaines, les Houthis ont déclaré ne pas être dissuadés de soutenir Gaza malgré les menaces de Trump. Ils ont ainsi continué leurs attaques de missiles et de drones contre Israël et des navires croisant dans la Mer Rouge.
Ces événements se sont produits en même temps qu’une intensification des frappes israéliennes sur la Bande de Gaza, débutées mardi.
Jeudi, les attaques américaines menées au Yémen ont causé la mort de 79 personnes et en ont blessé plus de 100 autres, selon les Houthis. Parmi les victimes figurent des femmes et enfants.
Depuis fin 2023, les Houthis ont intensifié les attaques contre des navires affiliés à Israël dans des zones stratégiques telles que la Mer Rouge, la Mer d’Arabie, le détroit de Bab al-Mandab et le golfe d’Aden, perturbant de fait le trafic maritime mondial. Ces actions sont menées en solidarité avec la Bande de Gaza, affirment les Houthis.
Ces attaques avaient cependant cessé suite à la déclaration d’un cessez-le-feu entre Israël et le Hamas en janvier, mais le blocage israélien de l’aide humanitaire vers Gaza depuis le 2 mars pourrait entraîner leur reprise.
Ce contenu a été retravaillé à partir d’un article original de Anadolu.",Yémen : Nouvelles frappes américaines sur l’aéroport d’Al Hudaydah,"['Hamas', 'Al-Masirah', 'Houthi']",politics,0.3182,0.23091724514961243,False
278,a4ae1c43-bc49-446b-9be3-cf29aa74ccc4,https://senego.com/waly-diouf-bodiang-dans-2-jours-cela-fera-un-an-que-nous-avons-degage-macky-sall_1818241.html,2025-03-22 22:02:34+00:00,"Dans un post publié sur sa page Facebook, Waly Diouf Bodiang, Directeur général du Port autonome de Dakar et cadre du Pastef, a marqué d’une phrase forte l’approche du premier anniversaire du départ de Macky Sall : « Dans 2 jours, cela fera un an que nous avons dégagé Macky Sall. »
Ce message, court mais percutant, rappelle la victoire historique de Bassirou Diomaye Faye et la volonté de rupture exprimée par les Sénégalais.","Waly Diouf Bodiang : « Dans 2 jours, cela fera un an que nous avons dégagé Macky Sall »",['Pastef'],entertainment,0.0,0.23890644311904907,False
279,338897b7-e365-4965-930b-a304e37c836c,https://senego.com/woudiou-peetiorgo-2-0-saison-2-episode-152_1818238.html,2025-03-22 21:46:14+00:00,Woudiou Peetiorgo 2.0 saison 2- Episode 152,"» Woudiou Peetiorgo 2.0, » saison 2- Episode 152",[],entertainment,0.0,0.0,False
280,5b2a8d3d-694c-4e1a-83b7-524a54ad4d2f,https://senego.com/eliminatoires-mondial-2026-le-senegal-accroche-par-le-soudan_1818233.html,2025-03-22 21:03:18+00:00,"Coup de sifflet final à Benghazi ! Le Sénégal n’a pas réussi à trouver la faille face à une équipe du Soudan du Sud bien en place, et doit se contenter d’un match nul (0-0) lors de cette 5ᵉ journée des éliminatoires de la Coupe du Monde 2026.
Malgré une nette domination en possession et plusieurs tentatives offensives, les hommes de Pape Thiaw ont buté sur une défense soudanaise solide et un gardien vigilant.
Sadio Mané, Boulaye Dia et Ismaïla Sarr ont tenté de dynamiser l’attaque, sans succès.
De leur côté, les Soudanais ont su résister avec discipline et ont même tenté quelques incursions en contre-attaque, sans toutefois inquiéter Édouard Mendy.
Avec ce résultat, le Sénégal laisse filer des points précieux dans la course à la qualification et devra réagir lors des prochaines rencontres.",Éliminatoires Mondial 2026 : Le Sénégal accroché par le Soudan,[],sport,-0.0516,0.0,False
281,a73f35be-7cd4-4a0e-a11e-db2a68ea0efe,https://senego.com/ramadan-le-nafila-de-la-22e-nuit_1818231.html,2025-03-22 20:45:31+00:00,"Dans son livre Huratul Hayni, Serigne Souhaibou Mbacké a listé des prières à suivre pour tout le mois de Ramadan. Pour le 22e jour du Ramadan, il recommande 2 rakkas dont 1 Fatiha, 3 Sabbi Hisma, 3 Ina Anzalnahou, 3 Ikhlas, 3 Falakhi et 3 Naass.

Le Nafila ou prières surérogatoires en Islam sont des prières facultatives qui peuvent être accomplies en plus des cinq prières obligatoires quotidiennes. Elles sont appelées « Nafila ». Les prières surérogatoires peuvent être accomplies à tout moment de la journée ou de la nuit, sauf pendant les moments où il est interdit de prier, tels que les moments où le soleil est au zénith (Dhouhr) et lorsqu’il est en train de se coucher (Maghrib).","Ramadan, le « Nafila » de la 22e nuit",[],entertainment,-0.25,0.0,False
282,4afd3d58-700a-4333-b6bf-00a83d97564e,https://senego.com/qualification-mondial-2026-senegal-et-soudan-dos-a-dos-a-la-pause_1818228.html,2025-03-22 19:57:17+00:00,"À la pause, le score reste nul et vierge (0-0) entre le Soudan et le Sénégal dans le cadre de la 5ᵉ journée des éliminatoires de la Coupe du Monde 2026.
Les Lions de la Teranga, bien que dominant en possession, peinent à trouver des solutions face à une défense soudanaise bien organisée. Les attaquants sénégalais, notamment Sadio Mané et Boulaye Dia, n’ont pas réussi à percer la solide ligne défensive adverse, malgré quelques occasions dangereuses.
De leur côté, les Soudanais, regroupés et disciplinés, ont montré quelques velléités offensives, mais n’ont pas réussi à inquiéter véritablement Édouard Mendy, le gardien sénégalais.
Les deux équipes regagnent les vestiaires sur ce score de parité, laissant tout à jouer pour la seconde période.",Qualification Mondial 2026 : Sénégal et Soudan dos à dos à la pause,[],sport,-0.4767,0.0,False
283,639d6883-9ef0-4d8a-859b-6927bd73954b,https://senego.com/defile-4-avril-prise-darmes-et-defile-motorise-et-aerien-au-menu_1818224.html,2025-03-22 19:49:25+00:00,"Le soixante cinquième anniversaire de l’accession du Sénégal à la souveraineté internationale sera célébré, le 4 avril, à travers une prise d’armes et un défilé motorisé et aérien, à Dakar informe APS .
‘’Conformément au calendrier républicain, le soixante cinquième anniversaire de l’indépendance sera célébré le vendredi 04 avril 2025 sur toute l’étendue du territoire national’’, indique notamment  la Direction de l’information et des relations publiques des Armées (DIRPA) un communiqué parvenu, samedi, à l’APS.
L’évènement sera marqué, à Dakar, par ‘’une prise d’armes suivie d’une remise de décorations, d’un défilé civil, militaire, paramilitaire, motorisé et aérien à partir de 08 heures 30 à la Place de la nation’’,  précise la même source.
La célébration de ce 65e anniversaire de l’indépendance aura lieu sous la présidence du chef de l’Etat, Bassirou Diomaye Faye, et en présence d’hôtes de marque de pays amis.
Elle est placée sous le thème : ‘’Vers la souveraineté technologique et industrielle des Forces armées’’.","Défilé 4 avril, prise d’armes et défilé motorisé et aérien au menu","['Forces armées’’', 'Armées', 'Direction de']",entertainment,0.0,0.20607692003250122,False
284,f2b49d85-e859-4dce-8984-7c596c3a568d,https://senego.com/visite-de-courtoisie-ousmane-sonko-et-dethie-fall-chez-malick-gakou_1818220.html,2025-03-22 19:27:50+00:00,"Le Premier ministre Ousmane Sonko et Déthié Fall ont rendu visite à Malick Gakou ce samedi.
Une rencontre placée sous le signe de la fraternité et de la cordialité, comme l’a souligné l’ancien ministre et président du Grand Parti.
Texte in extenso :
J’ai eu l’honneur et le privilège de recevoir, ce samedi, la visite du Premier Ministre, M. Ousmane SONKO, accompagné de mon jeune frère et ami Dethie FALL.
Je les remercie vivement pour cette rencontre marquée par une grande fraternité et empreinte de cordialité.
Malick Gakou",Visite de courtoisie : Ousmane Sonko et Déthié Fall chez Malick Gakou,['Grand Parti'],politics,0.4588,0.20794795453548431,False
285,2416f4ce-fe38-4391-9c29-39e32da308a5,https://senego.com/eliminatoires-mondial-2026-suivez-en-direct-le-choc-soudan-senegal_1818204.html,2025-03-22 19:01:37+00:00,"Le Sénégal affronte ce samedi 22 mars 2025 le Soudan à Benghazi pour la 5ᵉ journée des éliminatoires de la Coupe du Monde 2026. Les hommes de Pape Thiaw visent une victoire cruciale pour consolider leur position dans le groupe.
Le sélectionneur sénégalais a dévoilé son onze de départ avec une formation équilibrée et offensive. Édouard Mendy garde les cages, protégé par une défense composée de Kalidou Koulibaly (capitaine), Moussa Niakhaté et Antoine Mendy.
Au milieu de terrain, l’expérience de Idrissa Gana Gueye et Pape Gueye sera précieuse pour la récupération, tandis que Krépin Diatta et Lamine Camara apporteront leur dynamisme dans l’animation offensive.
En attaque, le trio explosif Sadio Mané, Ismaïla Sarr et Boulaye Dia aura la mission de faire la différence face à la défense soudanaise.
Suivez le match en direct et ne manquez aucun moment fort de cette rencontre décisive.",Eliminatoires Mondial 2026 : Revivez le choc Soudan – Sénégal,[],sport,-0.7184,0.0,False
286,5a611ceb-6af3-4a2a-a2ec-9904f9286c74,https://senego.com/comment-pratiquer-la-priere-nafila-de-la-22eme-nuit-du-ramadan-le-22-mars-2025_1818215.html,2025-03-22 19:00:41+00:00,"La prière nafila, pratiquée pendant le mois sacré du Ramadan, revêt une importance particulière pour les croyants. En 2025, la 22ème nuit du Ramadan tombe le 22 mars, offrant une occasion exceptionnelle de renforcer sa spiritualité par le biais du nafila du jour. Nous nous basons sur les enseignements présents dans l’ouvrage « KHOURATOUL AYNI » du Cheikh Chouhaybou Mbacké, Ibn Cheikh Ahmadou Bamba pour vous guider sur la meilleure façon de réaliser cette prière particulière.
Les fidèles s’engagent dans cette prière après l’accomplissement de la prière obligatoire d’Isha et avant d’entamer les prières surérogatoires de Safa et Witr. Les bienfaits spirituels notablement associés à cette pratique incluent un renforcement de la foi et une connexion profonde avec le divin, enrichissant ainsi l’expérience spirituelle globale du Ramadan.
Voici comment pratiquer la prière nafila de la 22ème nuit du Ramadan :
Effectuez sept prières au cours de la nuit du samedi 22 mars 2025, chacune comportant quatre rakâ.
Pour chaque rakâ, commencez par réciter Sourate Al-Fatiha une fois.
Poursuivez avec la récitation de Sourate An-Nasr (Idha Ja’a Nasrullahi) cinq fois.
Enfin, récitez Sourate Al-Ikhlas cinq fois pour compléter chaque rakâ.
Cet acte spirituel, largement recommandé par les érudits, nous a été transmis et souligné à plusieurs reprises sur différents sites dédiés au Ramadan, tels que ceux de nos confrères de Ramadan qui mettent en valeur cette prière.","Comment pratiquer la prière nafila de la 22ème nuit du Ramadan, le 22 mars 2025 ?",[],entertainment,0.3612,0.0,False
287,66d45c5c-1c30-436f-a8e9-6dbb77a781c7,https://senego.com/oustaz-modou-sa-rencontre-inattendue-sur-tiktok-avec-sa-seconde-epouse_1818212.html,2025-03-22 18:50:44+00:00,"Dans une récente apparition à l’émission animée par Pape Cheikh Diallo, Oustaz Modou a partagé une anecdote remarquable sur sa vie personnelle. Ce prêcheur, bien connu des téléspectateurs de la TFM, a raconté comment il a fait la connaissance de sa seconde épouse grâce à l’application TikTok.
Lors de son passage à l’antenne, Oustaz Modou a expliqué qu’il naviguait sur son téléphone lorsqu’il est tombé sur une vidéo attirante sur TikTok. Ce fut une véritable révélation pour lui, déclenchant un coup de foudre immédiat. « J’ai eu un coup de foudre en regardant l’une de ses vidéos », a-t-il confié. Avec enthousiasme, il a décidé de prendre contact pour mieux la connaître, relation qui a finalement mené à leur mariage.
Cette confidence, rapportée à partir de nos confrères du site Kawtef, a captivé l’audience, révélant un aspect intime de la vie d’Oustaz Modou et illustrant comment les réseaux sociaux peuvent impacter de manière inattendue la vie des individus.",Oustaz Modou : sa rencontre inattendue sur TikTok avec sa seconde épouse,['TFM'],entertainment,0.5106,0.1617269515991211,False
288,a06ab831-a7d2-469a-abe9-8ea93cc62c28,https://senego.com/senegal-soudan-du-sud-le-onze-de-depart-des-lions-de-la-teranga-devoile_1818196.html,2025-03-22 18:09:51+00:00,"À quelques instants du coup d’envoi du match entre le Sénégal et le Soudan, Pape Thiaw a officialisé son onze de départ. Fidèle à ses habitudes, le sélectionneur mise sur un équilibre entre expérience et jeunesse pour cette rencontre décisive.
Dans les buts, Édouard Mendy assure sa place de titulaire. La défense est menée par le capitaine Kalidou Koulibaly, accompagné de Moussa Niakhaté et Antoine Mendy.
Au milieu, Idrissa Gana Gueye et Pape Gueye seront chargés de la récupération et de la distribution, tandis que Krépin Diatta et Lamine Camara apporteront de la créativité et de la vitesse.
L’attaque sénégalaise repose sur un trio bien connu : Sadio Mané, Ismaïla Sarr et Boulaye Dia, prêts à faire trembler les filets adverses.
Sur le banc, des options intéressantes comme Pape Matar Sarr, Habib Diallo ou encore Abdallah Sima pourront entrer en jeu selon les besoins.",Soudan – Sénégal : le onze de départ des Lions de la Teranga dévoilé,['Lions de la Teranga'],sport,0.2023,0.0,False
289,aabebd7c-15d5-4b52-bda3-03a87825a9f8,https://senego.com/kooru-wadioubakh-saison-5-episode-16_1818197.html,2025-03-22 18:06:08+00:00,Kooru Wadioubakh – Saison 5 – Episode 16,Kooru Wadioubakh – Saison 5 – Episode 16,[],entertainment,0.0,0.0,False
290,e16b85ba-9b59-4d98-b3f7-25e038238d6e,https://senego.com/tentative-de-suicide-de-lartiste-thiat-a-tambacounda_1818194.html,2025-03-22 17:40:50+00:00,"À Tambacounda, ville située à l’est du Sénégal, un événement tragique a secoué la population. Salif Camara, plus connu sous le nom d’artiste « Thiat », a échappé de peu à la mort après une tentative de suicide dans la nuit de vendredi. L’artiste, âgé d’une trentaine d’années, a en effet essayé de se poignarder au ventre.
Les circonstances exactes qui ont poussé Thiat à cet acte désespéré demeurent floues. Cependant, certaines sources ont évoqué une dispute conjugale qui pourrait être à l’origine de cet incident. Deux collaborateurs proches de l’artiste, contactés par notre correspondant, ont livré leurs témoignages : « On a été informés que Thiat s’était poignardé à la suite d’une altercation avec sa femme. Il a utilisé un couteau qu’il avait sur lui pour tenter de se suicider. »
Avertis, les proches de Thiat se sont précipités à son domicile : « Nous sommes arrivés en urgence chez lui. Il se débattait encore à notre arrivée. Les secours ont été appelés sur-le-champ. » L’artiste est actuellement pris en charge par les médecins de l’hôpital régional de Tambacounda où son état est étudié avec attention.
Salif Camara, également reconnu sous le pseudonyme de « Bongoman », est une figure respectée pour son apport artistique à la communauté locale. Ses multiples contributions à la culture de la région ont fait de lui un personnage influent à Tambacounda. Cet épisode tragique a ému et questionné de nombreux habitants.
Cette information, relayée initialement par nos confrères de Kawtef, témoigne d’une vive émotion parmi la population qui s’interroge sur les raisons de ce geste désespéré.",Tentative de suicide de l’artiste Thiat à Tambacounda,[],entertainment,-0.802,0.0,False
291,b06d85a4-12cd-425c-9b8c-34ed021fa2d4,https://senego.com/pologne-controverse-sur-la-production-de-mines-terrestres_1818191.html,2025-03-22 17:40:42+00:00,"La Campagne internationale pour interdire les mines terrestres (ICBL) a récemment interpellé la Pologne sur son engagement dans le traité d’interdiction des mines. Dans un communiqué vendredi, l’organisation a spécifiquement évoqué le fait que la Pologne n’a pas encore achevé son retrait de ces armes, conformément à ses obligations. De plus, elle a insisté sur l’interdiction totale, par le traité, de produire des mines, répondant à l’annonce récente de la Pologne de produire un million de mines terrestres.
Jeudi, la Pologne a annoncé son intention de produire ces mines terrestres pour renforcer ses frontières avec la Russie et la Biélorussie. Cette décision a été confirmée par Pawel Bejda, vice-ministre de la Défense, qui a souligné que la production serait dirigée par l’industrie de défense d’État. Bejda a qualifié cette initiative de « nécessité pour la sécurité nationale ». « Actuellement, nous n’avons pas de mines antipersonnel, mais nous avons la capacité de les produire, avec les efforts conjoints des entreprises publiques et privées d’armement », a-t-il précisé.
Tamar Gabelnick, directrice de l’ICBL, a fermement rappelé que la Pologne, en tant qu’État partie au traité d’interdiction des mines, n’a pas le droit de développer, produire ou acquérir des mines antipersonnel. Gabelnick a également déclaré : « Les armes qui tuent et blessent principalement des civils ne garantiront pas la sécurité de n’importe quel pays. »
Cette annonce de la Pologne suit la démarche de quatre pays de l’OTAN, à savoir l’Estonie, la Lettonie, la Lituanie et la Pologne elle-même, qui ont exprimé leur intention de se retirer du traité en raison de la guerre en Russie. Adoptée en 1997, la convention aussi connue sous le nom de Traité d’Ottawa, interdit absolument l’acquisition, la production, le stockage, le transfert et l’utilisation de mines antipersonnel.
Nous avons lu ce compte-rendu sur le site de nos confrères d’Anadolu et il a été traduit de l’anglais par Sanaa Amir.",Pologne : Controverse sur la production de mines terrestres,"['ICBL', 'l’OTAN', 'vice-ministre de la Défense']",politics,0.4588,0.1951029896736145,False
292,08e546a3-11d9-4df6-b306-5f5dfff9cd11,https://senego.com/france-manifestation-massive-contre-le-racisme-et-le-fascisme-a-paris_1818161.html,2025-03-22 17:35:56+00:00,"Ce samedi, une marche importante s’est déroulée à Paris, réunissant plusieurs milliers de personnes de tous âges pour protester contre le racisme et le fascisme. Le cortège, qui a commencé à 14h15 à la place de la République, s’est dirigé vers la place de la Nation. Selon nos confrères de Anadolu, des slogans tels que “Non au racisme” et “Fascisme dehors” étaient visibles sur les pancartes des manifestants.
Organisée par diverses associations, syndicats et partis politiques, cette mobilisation intervient suite à la Journée internationale pour l’élimination de la discrimination raciale. Des groupes tels que la Ligue des droits de l’Homme, SOS Racisme, et le Mouvement contre le racisme et pour l’amitié entre les peuples (Mrap) ont participé à cette marche coordonnée par la Marche des solidarités et un collectif engagé contre le racisme.
Avec des drapeaux palestiniens et des banderoles de La France Insoumise, le cortège a été un symbole de résistance à la montée de l’extrême droite, perçue comme un danger pour les prochaines années. En France, cette tendance a pris une place stratégique dans le paysage politique.
Les récentes décisions politiques, comme la nomination par Emmanuel Macron d’un Gouvernement conservateur avec des personnalités aux positions controversées, exacerbent les tensions. Ces mesures incluent un durcissement des lois migratoires et des droits des étrangers, soulignant l’urgence perçue par les manifestants.
Cette manifestation fait partie d’une mobilisation nationale qui se déroule dans plus de cent villes françaises. La Ligue des droits de l’Homme a exprimé son inquiétude face à l’augmentation des actes racistes, soulignant la gravité de la situation.
Dominique Sopo, président de SOS Racisme, a déclaré sur RMC que ces « combats longs » sont essentiels pour remporter la victoire contre ces injustices. Les autorités prévoient une participation de 50 000 à 60 000 manifestants à travers la France, dont jusqu’à 20 000 à Paris. Cependant, il y a des craintes concernant de possibles affrontements avec les forces de l’ordre.",France : Manifestation massive contre le racisme et le fascisme à Paris,"['Mrap', 'Ligue des droits de l’Homme, SOS Racisme', 'SOS Racisme', 'Mouvement contre le racisme', 'RMC', 'Ligue des droits de l’Homme', 'La France Insoumise']",politics,-0.7845,0.25892961025238037,False
293,480a422b-fdda-4cc0-aae4-6147ce55d2d6,https://senego.com/kedougou-le-ministre-de-la-sante-promet-un-relevement-rapide-du-plateau-technique-et-medical_1818185.html,2025-03-22 17:34:15+00:00,"Le gouvernement va œuvrer en faveur d’un relèvement du plateau technique et médical des structures publiques de santé de la région de Kédougou (sud-est) afin de garantir aux populations de meilleures offres en soins de santé, a assuré vendredi le ministre de la Santé et de l’Action sociale, Ibrahima Sy.
« Nous allons très rapidement apporter des solutions afin de relever le plateau technique et médical des structures sanitaires de la région de Kédougou en vue de leur permettre de délivrer davantage de soins de santé de qualité », a-t-il déclaré lors d’une visite des structures de cette région du Sud-est du Sénégal, rapporte l’Aps.
La visite était également consacrée au partage d’informations avec acteurs territoriaux et de la santé de la région de Kédougou sur l’agenda national de la transformation de la vison Sénégal 2050.
Il a fait savoir qu’un centre de santé sera construit très bientôt à Salémata dans le cadre du programme de relèvement du plateau médical de la région de Kédougou, signalant que le marché avait déjà été lancé.
Le ministre de la Santé et de l’Action sociale n’a pas manqué de promettre un renforcement du personnel médical de la région de Kédougou.
« Kédougou va avoir du personnel médical de qualité motivé et engagé à offrir des soins de santé de qualité aux communautés. C’est dans le cadre des grands projets gouvernementales du Sénégal articulés autour de la couverture maladie universelle », a-t-il dit.",Kédougou : Le ministre de la Santé promet un relèvement rapide du plateau technique et médical …,"['ministre de la Santé', 'Action sociale']",politics,0.1779,0.18332569301128387,False
294,aa5c944d-c3bf-47f6-bb29-1ef82c913fed,https://senego.com/un-nouveau-chapitre-pour-lentrepreneuriat-en-afrique-la-fondation-tony-elumelu-declare-ouvert-le-programme-2025_1813776.html,2025-03-22 17:30:00+00:00,"Ce samedi 22 mars 2025, la Fondation Tony Elumelu a célébré un moment clé de son parcours de transformation en Afrique lors d’une cérémonie marquante au Transcorp Hilton d’Abuja. En ce jour spécial, qui coïncide avec le propre anniversaire de Tony Elumelu, le Président de la Fondation a partagé avec enthousiasme les avancées réalisées par l’organisation, tout en dévoilant l’édition 2025 du programme d’entrepreneuriat, dont l’objectif principal est de libérer encore plus de jeunes Africains du cycle de la pauvreté à travers la création d’entreprises.
L’impact du programme d’entrepreneuriat de la Fondation Tony Elumelu est indéniable. Depuis sa création en 2010, la fondation a investi dans plus de 21 000 jeunes entrepreneurs à travers le continent africain, offrant non seulement des financements mais aussi un mentorat, une formation et un accompagnement stratégique. Selon les statistiques officielles, ces jeunes ont réussi à générer plus de 100 millions de dollars d’investissements et ont contribué à libérer plus de 2 millions de personnes de la pauvreté.
Tony Elumelu a pris la parole en soulignant la mission de la fondation, qui n’est pas simplement une initiative philanthropique mais un mouvement structuré visant à promouvoir l’auto-emploi, la résilience et l’innovation. «L’Afrique n’a pas besoin de charité, mais d’investissement», a déclaré Tony Elumelu. «Notre but est de donner à nos jeunes les moyens de transformer leur potentiel en opportunités économiques».
L’édition 2025 du programme a une ambition encore plus grande, avec un objectif de 3 000 entrepreneurs soutenus pour un montant global de 15 millions d’euros. Ce programme de soutien se distingue par son approche unique, qui allie capital de démarrage, formation et une solide base de mentors expérimentés pour guider les jeunes vers la réussite.
Bien que le programme de la Fondation Tony Elumelu ait un impact considérable sur l’ensemble du continent, l’Afrique de l’Ouest en particulier bénéficie grandement de ces initiatives. Cette région, qui est le berceau de nombreuses cultures et ressources naturelles, représente aussi un marché en plein essor pour les jeunes entrepreneurs. Cependant, elle fait face à des défis économiques importants, notamment le chômage des jeunes, l’accès limité au capital et à la formation, ainsi que l’instabilité politique dans certains pays.
Le programme d’entrepreneuriat de la Fondation Tony Elumelu a ouvert une voie pour que ces défis se transforment en opportunités. Grâce au soutien ciblé de la fondation, des centaines de jeunes entrepreneurs ouest-africains ont pu lancer des entreprises dans des secteurs stratégiques tels que l’agriculture, la technologie, l’énergie et les services financiers. Ces entreprises, à leur tour, ont non seulement amélioré les conditions économiques locales mais ont aussi contribué à la stabilité et à la croissance des économies nationales.
En tant qu’acteur clé dans la transformation économique de la région, la Fondation a déjà permis à de nombreux jeunes de s’émanciper, et leurs succès sont une source d’inspiration pour des milliers d’autres dans l’Afrique de l’Ouest. «La clé du développement durable en Afrique de l’Ouest réside dans l’autonomisation de ses jeunes. Nous devons leur fournir les outils nécessaires pour transformer l’Afrique, car ce sont eux qui porteront la flamme du progrès», a précisé Tony Elumelu dans son discours.
L’une des grandes forces de la Fondation Tony Elumelu réside dans sa conviction que l’Afrique doit se développer de manière autonome. Loin de dépendre des aides extérieures, l’Afrique doit investir en elle-même, en particulier dans ses jeunes, car ce sont eux qui façonnent l’avenir du continent. En soutenant l’entrepreneuriat et l’innovation, la fondation contribue à une véritable révolution économique.
Le programme d’entrepreneuriat lancé par Tony Elumelu en 2015 a pour objectif d’accompagner 10 000 jeunes entrepreneurs sur une décennie. Aujourd’hui, avec 21 000 bénéficiaires et plus, la fondation a non seulement atteint mais surpassé ses objectifs initiaux, démontrant la puissance de l’entrepreneuriat en tant que moteur de développement.
Lors de la cérémonie, Tony Elumelu a également salué le travail de ses partenaires, mentors et équipes de la fondation, mettant en avant l’importance de la collaboration pour réussir. « L’entrepreneuriat est un voyage qui nécessite non seulement du courage et de la résilience, mais aussi des partenariats solides. Nous ne pouvons pas accomplir cette mission seul », a-t-il précisé.
Les nombreux partenaires de la fondation, dont l’ONU, les gouvernements et des institutions financières, ont été invités à continuer d’œuvrer ensemble pour soutenir cette vision commune de développement en Afrique. C’est ainsi qu’en 2025, la Fondation Tony Elumelu va continuer d’innover pour toucher encore plus de jeunes et leur offrir les ressources dont ils ont besoin pour se lancer dans l’aventure entrepreneuriale.
L’annonce de la sélection des 3 000 entrepreneurs pour l’édition 2025 est un jalon important dans le parcours de la Fondation Tony Elumelu. L’impact du programme dépasse largement les frontières du simple financement, transformant des vies et des communautés entières à travers le continent africain. En particulier en Afrique de l’Ouest, cette initiative représente une chance précieuse pour les jeunes de prendre leur avenir en main et de contribuer à un développement durable. Comme le souligne Tony Elumelu, «le futur de l’Afrique se trouve dans les mains de nos jeunes». Et avec des programmes comme celui de la Fondation Tony Elumelu, l’espoir d’un avenir prospère pour le continent africain est bien plus qu’une vision : c’est une réalité en construction.
Liste des entrepreneurs ouest-africains sélectionnés pour l’édition 2025 :
Liste des entrepreneurs ouest-africains sélectionnés pour l’édition 2025 :
Sénégal:
– Mouhamed Ba
– Babacar Cissā
– ⁠Junior Devys Convolbo
– Mouhamed Ben Omar Diouf
– Ababacar Kane
– Ndeye Amy Sam
– Mouhamadou Lamine Sene
– Abdou Khadre Sene
Tchad:
– Albert Djenguemde
– Arnaud Djim Assel Ribar
– Baradine Mokhtar
– Chiakbaik Payanfou
– Almos Zoutenet
Gambie:
– Ebrima Cham
– Jephthah Joseph
– Mariama Manneh
– Olajide Obateru
– Ahmed Safriwe
Guinée-Bissao :
– Mariam Fofana
– Caiancarim Calle Mendes
Mali:
– Mireille Banda
– El Hadji Salia Bengaly
– Mamadou Kone
– Abdoulaye Mariko
– Noum Naya Ta
– Safiatou Sacko
– Abd-Al-Kadir Touré
– Doussouba Touré
– Alamine Alassane Touré
– Abdoulaye Traoré
– Baba Dit Awa Traoré
Burkina Fasso:
. Nadine Combassere,
. Zeguao Guy Telesphore Dao
. Jessica Renelde Touwendão Guebre
. Pierre Kientega
. Romaric Sankara
. Kassoum Jordi Thanou
. Monsoy Laura Ce D’allyse
Tonoukoum
. Armande Zabsonre
Côte d’Ivoire:
. Félix Kondja AKPONI
. Zakari ALIO
. Walamatien COULIBALY
. Kouakou Jean François DOUDOU
. Gbomene KIPRE
. Marie Andrea KOBENAN
. Landry Stéphane N’GUESSAN
. Hegaud OUATTARA
. Aimée Fabienne TIEMELE
. Klinnang Ange Pythagore TOURE
. Lopez YOBOUET",Un nouveau chapitre pour l’entrepreneuriat en Afrique : La Fondation Tony Elumelu déclare ouvert le programme 2025,"['ONU', 'Chiakbaik', 'Zeguao', 'Fondation Tony Elumelu']",entertainment,0.9477,0.26127949357032776,False
295,bdd176f9-f295-4508-902c-750d1481cbd4,https://senego.com/niger-trois-jours-de-deuil-national-au-lendemain-de-la-tuerie-de-foumbita_1818186.html,2025-03-22 17:27:19+00:00,"Les autorités nigériennes ont décrété à compter de ce samedi, un deuil national de 72 heures, au lendemain d’une attaque meurtrière attribuée à un groupe armé de la mouvance djihadiste à Foumbita, une localité de la région de Tillabéri, dans le sud-ouest du Niger, a-t-on appris de source officielle.
‘’Il est décrété un deuil national de 72 heures à compter du samedi 22 mars 2025. Les drapeaux seront également mis en berne sur toute l’étendue du territoire’’, a rapporté l’Agence nigérienne de presse.
Citant un communiqué émanant du gouvernement, l’agence publique d’information du Niger relève que les victimes de cette tuerie étaient des fidèles musulmans qui étaient en train d’accomplir la prière du vendredi.
Des terroristes, lourdement armés ont encerclé la mosquée pour opérer leur massacre avant d’incendier systématiquement le marché et les habitations de Foumibita, souligne la source.
Plusieurs sources avancent un bilan provisoire de 44 morts, tous des civils.",Niger : trois jours de deuil national au lendemain de la tuerie de Foumbita,['Agence nigérienne de presse'],politics,0.0,0.2300957292318344,False
296,fbd35cb1-3af0-47d3-8836-d7c814785703,https://senego.com/pastef-face-a-la-loi-damnistie-une-meilleure-communication-sur-les-choix-et-decisions-eviterait-les-incomprehensions_1818175.html,2025-03-22 16:31:50+00:00,"Alioune Badara Mboup, coordonnateur de Pastef-Tivaouane, exprime son respect pour Aliou Sané tout en pointant une incompréhension de sa part sur la loi interprétative.
Selon lui, cette loi répond mieux aux préoccupations soulevées qu’une simple abrogation, qu’il considère comme un piège tendu par l’ancien régime. Il souligne l’importance pour Pastef d’améliorer sa communication et d’impliquer ses anciens compagnons de lutte afin d’éviter les malentendus et divisions inutiles.
Texte in extenso :
Aliou Sané est une personne que je respecte beaucoup. Nous avons partagé de nombreux moments de lutte, notamment dans la coordination de certaines plateformes, et je connais son engagement sans faille pour la démocratie et la justice au Sénégal.
Cependant, sa position sur la loi interprétative repose sur une incompréhension de sa part et pourtant cette loi prend mieux ses préoccupations qu’une abrogation de la loi.
S’il défend l’abrogation de la loi d’amnistie, c’est parce qu’il ne perçoit pas le piège savamment tendu par le régime de Macky Sall pour se tirer d’affaires. Il devrait se poser la question : pourquoi ceux qui ont initié cette loi sont-ils aujourd’hui les premiers à en exiger l’abrogation ?
Dans un débat aussi crucial, il aurait dû consulter un conseiller juridique avant de se prononcer, comme il en avait l’habitude sur d’autres questions importantes. Peut-être que, cette fois-ci, il a dérogé à cette règle essentielle pour tout leader d’opinion, surtout face à un enjeu aussi important.
À l’avenir, PASTEF doit adopter une approche plus inclusive en allant vers ceux qui ont mené le combat à ses côtés pour leur expliquer les initiatives prises sur les événements de 2021 à 2024. Une meilleure communication sur les choix et décisions éviterait les incompréhensions et divisions inutiles.
Hier, nous étions unis dans la lutte ; le manque de dialogue ne doit pas nous placer aujourd’hui en opposition.",Pastef face à la loi d’amnistie: « Une meilleure communication sur les choix et décisions éviterait les incompréhensions… »,"['Pastef', 'PASTEF', 'Pastef-Tivaouane']",entertainment,0.8591,0.29029950499534607,False
297,c95180b3-b386-47ca-bccf-dde4eaf1b3d6,https://senego.com/badara-gadiaga-defie-amadou-ba-lors-dun-debat-televise-sur-lamnistie_1818173.html,2025-03-22 16:15:47+00:00,"Un échange vif et tendu a eu lieu entre le chroniqueur Badara Gadiaga et le député Amadou Bâ lors de l’émission « Jakaarlo Bi », diffusée sur la Télévision Futurs Médias (TFM). Le sujet principal de cette confrontation était la loi interprétative sur l’amnistie proposée par Amadou Bâ. Alors que le député  justifiait la nécessité et les implications de cette législation, son argumentation n’avait pas trouvé écho chez Badara Gadiaga
Interpellé par le chroniqueur de Jakarlo, le député a dû faire face à une question insistante : « Quelles sont les dispositions de cette loi interprétative à l’égard des casseurs et des pilleurs, et de tous ceux qui ont incendié des propriétés ? » La réponse apportée par Amadou Bâ n’a pas convaincu le chroniqueur, qui l’a accusé directement de « fausser la vérité de manière manifeste ».
Renforçant sa position, Badara Gadiaga a décrit une distinction claire entre son propre passage au tribunal en 2011, où il fut jugé et acquitté, et les actes d’Amadou Bâ et de son parti, qui, selon lui, échappent à la justice. « En 2011, je me suis présenté au tribunal, et le juge m’a acquitté, reconnaissant que je n’avais commis aucun délit », a-t-il déclaré, en ajoutant que le leader de Bâ s’était caché à Ziguinchor pour éviter la justice.
Le chroniqueur a de plus mis en lumière les aspects de la loi qui ont été clarifiés, notamment en ce qui concerne ceux « ayant exclusivement une motivation politique ». Selon ses déclarations, il reste essentiel de délimiter le champ des sanctions pour certains manifestants en fonction de la gravité de leurs actes.
Ce débat a été rapporté par nos confrères de Kawtef, qui ont suivi en direct cette confrontation télévisée passionnée.",Badara Gadiaga défie Amadou Bâ lors d’un débat télévisé sur l’amnistie,"['Télévision Futurs Médias', 'TFM']",politics,0.8271,0.22514000535011292,False
298,8fa27386-3af7-4d23-815a-230568f8b347,https://senego.com/le-ministre-mabouba-devoile-le-financement-de-525-cooperatives-agricoles-communautaires_1818124.html,2025-03-22 15:52:45+00:00,"1 050 milliards de FCFA : c’est la somme nécessaire pour financer la mise en place de 525 coopératives agricoles communautaires de 100 hectares chacune. L’information a été dévoilée par le ministre de l’Agriculture, de la Souveraineté alimentaire et de l’Élevage, Mabouba Diagne, lors d’un entretien avec le journal Le Soleil. À cette occasion, il a également annoncé que le lancement officiel du projet aura lieu dans quatre semaines.
D’emblée, le ministre explique « qu’en moyenne, l’aménagement d’un (1) hectare agricole coûte environ 14 millions de FCFA. Ainsi, pour une coopérative de 100 hectares, l’investissement s’élève à 1,4 milliard de FCFA. À cela s’ajoutent 600 millions de FCFA pour les besoins en fonds de roulement, soit un total de 2 milliards de FCFA par coopérative. En multipliant par 525 communes rurales, on obtient un budget total de 1 050 milliards de FCFA.
Il souligne que le pays dépense chaque année 1 070 milliards de FCFA pour l’importation de produits alimentaires. C’est pourquoi, selon lui, cet investissement stratégique permettra de réduire significativement la dépendance du pays aux importations.",Le ministre Mabouba dévoile le financement de 525 coopératives agricoles communautaires…,"['Souveraineté alimentaire et de l’Élevage', 'Le Soleil', 'ministre de l’Agriculture']",business,0.0,0.2993159294128418,False
299,9c28de56-23bc-406e-8c56-55a0d904b9c2,https://senego.com/fete-de-lindependance-la-celebration-met-laccent-sur-la-souverainete-technologique-et-industrielle-des-forces-armees_1818159.html,2025-03-22 15:15:40+00:00,"La 65e fête de l’Indépendance du Sénégal, marquant l’anniversaire de son accession à la souveraineté républicaine, sera célébrée cette année sous le thème « Vers la souveraineté technologique et industrielle des Forces armées ». L’annonce a été faite dans un communiqué du ministère des Forces armées, publié samedi.
Conformément au calendrier républicain, cet anniversaire sera célébré le vendredi 4 avril 2025 à travers tout le territoire national, avec ce thème central.
« A Dakar, l’évènement sera marqué par une prise d’armes suivie d’une remise de décorations, d’un défilé civil, militaire, paramilitaire, motorisé et aérien à partir de 08 heures 30 à la Place de la nation, sous la présidence de Monsieur le Président de la République, en présence d’hôtes de marque de pays amis », souligne le texte.",Fête de l’indépendance : La célébration met l’accent sur la souveraineté technologique et industrielle des Forces armées,['Forces armées'],entertainment,-0.128,0.19798433780670166,False
